"gene_id","baseMean","log2FoldChange","lfcSE","stat","pvalue","padj","deg_flag","regulation","tau_subtissue","tau_broad","specificity","predominant_broad_organ","predominant_subtissue"
"AT1G01680",7.813719593,2.320756798,0.391465855,5.928376053,3.06e-09,1.17e-07,"yes","up",NA,NA,"unannotated","unannotated","unannotated"
"AT1G01690",94.5689936,-0.440643574,0.109278837,-4.032286465,5.52e-05,0.000520839,"yes","down",NA,NA,"unannotated","unannotated","unannotated"
"AT1G02145",228.1793923,-0.100330735,0.039362743,-2.548875586,0.010807085,0.039001134,"yes","down",NA,NA,"unannotated","unannotated","unannotated"
"AT1G02380",38.10592933,0.396671709,0.126231438,3.142416136,0.001675597,0.008721318,"yes","up",NA,NA,"unannotated","unannotated","unannotated"
"AT1G02570",9.475807296,-0.405477869,0.147412012,-2.750643333,0.005947836,0.024128093,"yes","down",NA,NA,"unannotated","unannotated","unannotated"
"AT1G02650",39.38910617,1.199737024,0.237202785,5.057853877,4.24e-07,8.4e-06,"yes","up",NA,NA,"unannotated","unannotated","unannotated"
"AT1G02770",38.58141327,0.240292346,0.089773403,2.676654091,0.007436136,0.028926079,"yes","up",NA,NA,"unannotated","unannotated","unannotated"
"AT1G02930",1917.821998,0.917609006,0.205992164,4.454582091,8.41e-06,0.00010644,"yes","up",NA,NA,"unannotated","unannotated","unannotated"
"AT1G02990",282.6558426,0.14611175,0.045128704,3.2376678,0.00120511,0.006684252,"yes","up",NA,NA,"unannotated","unannotated","unannotated"
"AT1G03230",772.730785,0.635307575,0.121991169,5.207816097,1.91e-07,4.24e-06,"yes","up",NA,NA,"unannotated","unannotated","unannotated"
"AT1G03760",119.1925908,0.176219247,0.060777439,2.899418774,0.003738552,0.016687916,"yes","up",NA,NA,"unannotated","unannotated","unannotated"
"AT1G04047",5.156027299,0.669165149,0.187581834,3.567323843,0.000360646,0.002443662,"yes","up",NA,NA,"unannotated","unannotated","unannotated"
"AT1G04163",1.969620487,1.160401059,0.392863099,2.953703367,0.003139857,0.014501536,"yes","up",NA,NA,"unannotated","unannotated","unannotated"
"AT1G04247",33.43293163,0.519385713,0.169975116,3.05565735,0.002245677,0.011025595,"yes","up",NA,NA,"unannotated","unannotated","unannotated"
"AT1G04313",10.1394072,1.542655463,0.245688845,6.278899068,3.41e-10,1.7e-08,"yes","up",NA,NA,"unannotated","unannotated","unannotated"
"AT1G04323",7.243339387,1.441945292,0.266009011,5.420663323,5.94e-08,1.57e-06,"yes","up",NA,NA,"unannotated","unannotated","unannotated"
"AT1G04425",51.41095308,-0.665656297,0.189496081,-3.512770785,0.00044346,0.002916763,"yes","down",NA,NA,"unannotated","unannotated","unannotated"
"AT1G04470",2.830043785,0.92352681,0.28388358,3.253188549,0.001141177,0.006385738,"yes","up",NA,NA,"unannotated","unannotated","unannotated"
"AT1G04503",265.9547512,-0.258586331,0.06672536,-3.87538309,0.000106457,0.000896895,"yes","down",NA,NA,"unannotated","unannotated","unannotated"
"AT1G04555",57.03801556,0.22794738,0.074059773,3.077883863,0.002084761,0.010398663,"yes","up",NA,NA,"unannotated","unannotated","unannotated"
"AT1G04630",474.1461372,-0.081104591,0.028042441,-2.892208644,0.003825438,0.017004913,"yes","down",NA,NA,"unannotated","unannotated","unannotated"
"AT1G04778",6.634438098,-0.474895893,0.185428628,-2.561071058,0.010435001,0.037925421,"yes","down",NA,NA,"unannotated","unannotated","unannotated"
"AT1G04827",4.253775043,0.593443385,0.207798557,2.855859029,0.004292057,0.018691419,"yes","up",NA,NA,"unannotated","unannotated","unannotated"
"AT1G04833",82.43000394,1.355326213,0.247681484,5.472053026,4.45e-08,1.22e-06,"yes","up",NA,NA,"unannotated","unannotated","unannotated"
"AT1G04940",1185.004651,-0.104942164,0.038375695,-2.734599691,0.006245618,0.025075848,"yes","down",NA,NA,"unannotated","unannotated","unannotated"
"AT1G04977",119.4683754,-0.293518985,0.073346265,-4.001825955,6.29e-05,0.000579919,"yes","down",NA,NA,"unannotated","unannotated","unannotated"
"AT1G05035",7.810506371,1.453592595,0.277748666,5.233481831,1.66e-07,3.79e-06,"yes","up",NA,NA,"unannotated","unannotated","unannotated"
"AT1G05250",643.0885388,-0.521154207,0.124771901,-4.176855535,2.96e-05,0.000307475,"yes","down",NA,NA,"unannotated","unannotated","unannotated"
"AT1G05333",5.418288441,2.121538227,0.494780517,4.287837039,1.8e-05,0.000202725,"yes","up",NA,NA,"unannotated","unannotated","unannotated"
"AT1G05675",45.12831205,2.204015323,0.355100865,6.206730371,5.41e-10,2.57e-08,"yes","up",NA,NA,"unannotated","unannotated","unannotated"
"AT1G05820",53.60213027,0.257057069,0.083242483,3.088051441,0.002014736,0.010112409,"yes","up",NA,NA,"unannotated","unannotated","unannotated"
"AT1G06120",65.27169694,-0.430727077,0.137674052,-3.128600283,0.001756411,0.009028929,"yes","down",NA,NA,"unannotated","unannotated","unannotated"
"AT1G06148",2.656374255,0.744143846,0.265420664,2.803639456,0.005052937,0.021300589,"yes","up",NA,NA,"unannotated","unannotated","unannotated"
"AT1G06360",454.0123111,-0.353964365,0.104942212,-3.372945528,0.000743687,0.004468755,"yes","down",NA,NA,"unannotated","unannotated","unannotated"
"AT1G06475",17.96022192,-0.450311609,0.152018172,-2.962222242,0.003054272,0.014177476,"yes","down",NA,NA,"unannotated","unannotated","unannotated"
"AT1G06515",157.162439,-0.173475058,0.069057215,-2.512048258,0.012003267,0.042434466,"yes","down",NA,NA,"unannotated","unannotated","unannotated"
"AT1G06577",7.003810516,2.22162125,0.343336637,6.470679235,9.76e-11,5.65e-09,"yes","up",NA,NA,"unannotated","unannotated","unannotated"
"AT1G06583",2.910495965,1.728760486,0.316711313,5.458474063,4.8e-08,1.31e-06,"yes","up",NA,NA,"unannotated","unannotated","unannotated"
"AT1G06587",5.608995104,2.232077864,0.314804192,7.090368927,1.34e-12,1.24e-10,"yes","up",NA,NA,"unannotated","unannotated","unannotated"
"AT1G06593",2.441431792,1.723533914,0.348401007,4.946983152,7.54e-07,1.37e-05,"yes","up",NA,NA,"unannotated","unannotated","unannotated"
"AT1G06740",69.36787824,0.202138548,0.064448861,3.136417695,0.001710254,0.008837337,"yes","up",NA,NA,"unannotated","unannotated","unannotated"
"AT1G06983",3.862087616,0.787078469,0.265626089,2.963106794,0.003045509,0.014143712,"yes","up",NA,NA,"unannotated","unannotated","unannotated"
"AT1G07135",298.5905633,2.292272067,0.407587209,5.624003941,1.87e-08,5.74e-07,"yes","up",NA,NA,"unannotated","unannotated","unannotated"
"AT1G07167",34.56128476,0.82978886,0.167896184,4.942273483,7.72e-07,1.4e-05,"yes","up",NA,NA,"unannotated","unannotated","unannotated"
"AT1G07175",9.423580485,-0.39885608,0.155518827,-2.564680361,0.010327089,0.037624043,"yes","down",NA,NA,"unannotated","unannotated","unannotated"
"AT1G07367",51.8911499,1.046164715,0.294568246,3.551518973,0.000383014,0.002575242,"yes","up",NA,NA,"unannotated","unannotated","unannotated"
"AT1G07373",42.13473617,1.191468674,0.264700209,4.501200344,6.76e-06,8.84e-05,"yes","up",NA,NA,"unannotated","unannotated","unannotated"
"AT1G07477",32.12609915,-0.370053702,0.140792482,-2.628362649,0.0085797,0.032453347,"yes","down",NA,NA,"unannotated","unannotated","unannotated"
"AT1G07620",22.27921713,0.493613437,0.123890564,3.984269816,6.77e-05,0.000617495,"yes","up",NA,NA,"unannotated","unannotated","unannotated"
"AT1G07728",27.68537822,0.593666989,0.222966506,2.662583719,0.007754328,0.029926779,"yes","up",NA,NA,"unannotated","unannotated","unannotated"
"AT1G07737",99.2077105,-0.932645365,0.37459238,-2.489760646,0.012782915,0.044613364,"yes","down",NA,NA,"unannotated","unannotated","unannotated"
"AT1G07810",825.1501835,0.16878271,0.043677744,3.864272612,0.000111421,0.00093106,"yes","up",NA,NA,"unannotated","unannotated","unannotated"
"AT1G07820",927.0881387,-0.575510528,0.084514728,-6.809588628,9.79e-12,7.17e-10,"yes","down",NA,NA,"unannotated","unannotated","unannotated"
"AT1G07900",8.259602986,1.070051546,0.215737432,4.959971641,7.05e-07,1.3e-05,"yes","up",NA,NA,"unannotated","unannotated","unannotated"
"AT1G07930",9026.289325,-0.127662651,0.050193101,-2.543430236,0.010976997,0.039493641,"yes","down",NA,NA,"unannotated","unannotated","unannotated"
"AT1G07943",2.588338061,0.782871998,0.284292519,2.753755184,0.005891582,0.023953478,"yes","up",NA,NA,"unannotated","unannotated","unannotated"
"AT1G07983",96.42163231,-0.308606604,0.09939317,-3.104907562,0.001903385,0.009648765,"yes","down",NA,NA,"unannotated","unannotated","unannotated"
"AT1G08160",159.2811931,0.186055664,0.069836369,2.664165782,0.007717952,0.029815679,"yes","up",NA,NA,"unannotated","unannotated","unannotated"
"AT1G08260",1307.11931,1.599204718,0.217530068,7.351649056,1.96e-13,2.09e-11,"yes","up",NA,NA,"unannotated","unannotated","unannotated"
"AT1G08290",31.75956931,0.297394353,0.113839406,2.612402537,0.008990832,0.033657439,"yes","up",NA,NA,"unannotated","unannotated","unannotated"
"AT1G08387",5.6125264,1.535169993,0.341208262,4.499216946,6.82e-06,8.9e-05,"yes","up",NA,NA,"unannotated","unannotated","unannotated"
"AT1G08400",100.3479049,0.186386772,0.060385529,3.086613217,0.002024508,0.010153986,"yes","up",NA,NA,"unannotated","unannotated","unannotated"
"AT1G08507",9.068544598,0.342572929,0.135489682,2.528406037,0.011458175,0.040850509,"yes","up",NA,NA,"unannotated","unannotated","unannotated"
"AT1G08857",26.63341466,0.274895556,0.105482958,2.606066066,0.009158879,0.034161402,"yes","up",NA,NA,"unannotated","unannotated","unannotated"
"AT1G08910",364.8185888,0.422036887,0.079173721,5.330517254,9.79e-08,2.42e-06,"yes","up",NA,NA,"unannotated","unannotated","unannotated"
"AT1G08973",19.05499278,0.372199581,0.130578076,2.850398715,0.004366445,0.018941888,"yes","up",NA,NA,"unannotated","unannotated","unannotated"
"AT1G09176",8.000250467,1.361848333,0.340716225,3.997016381,6.41e-05,0.000589517,"yes","up",NA,NA,"unannotated","unannotated","unannotated"
"AT1G09287",4.172583642,0.669321703,0.22849587,2.929250766,0.003397802,0.015462622,"yes","up",NA,NA,"unannotated","unannotated","unannotated"
"AT1G09421",29.71074491,-0.377986183,0.117913311,-3.205627766,0.001347682,0.007353404,"yes","down",NA,NA,"unannotated","unannotated","unannotated"
"AT1G09470",121.4760079,-0.494375258,0.135396735,-3.651308555,0.000260908,0.00187283,"yes","down",NA,NA,"unannotated","unannotated","unannotated"
"AT1G09490",255.8938128,0.133149386,0.044411202,2.998103604,0.002716653,0.012867121,"yes","up",NA,NA,"unannotated","unannotated","unannotated"
"AT1G09617",3.197517886,0.679949114,0.263394999,2.581480725,0.009837748,0.036144832,"yes","up",NA,NA,"unannotated","unannotated","unannotated"
"AT1G09690",5946.091404,-0.258820606,0.044542988,-5.810580173,6.23e-09,2.23e-07,"yes","down",NA,NA,"unannotated","unannotated","unannotated"
"AT1G09794",39.68163908,0.245111956,0.093973822,2.608300369,0.009099307,0.03398501,"yes","up",NA,NA,"unannotated","unannotated","unannotated"
"AT1G09812",31.6434366,0.642973145,0.147120539,4.370383282,1.24e-05,0.000147738,"yes","up",NA,NA,"unannotated","unannotated","unannotated"
"AT1G09863",50.51045152,0.239200297,0.092386009,2.589139857,0.009621601,0.035522317,"yes","up",NA,NA,"unannotated","unannotated","unannotated"
"AT1G09932",53.79843562,1.22331023,0.152589461,8.017003435,1.08e-15,1.91e-13,"yes","up",NA,NA,"unannotated","unannotated","unannotated"
"AT1G10040",79.21195505,0.901611178,0.162349398,5.553523386,2.8e-08,8.19e-07,"yes","up",NA,NA,"unannotated","unannotated","unannotated"
"AT1G10450",452.6966693,0.166246524,0.043516319,3.820325948,0.000133275,0.001078141,"yes","up",NA,NA,"unannotated","unannotated","unannotated"
"AT1G10790",15.91586102,0.490256162,0.136929137,3.58036407,0.000343116,0.00234851,"yes","up",NA,NA,"unannotated","unannotated","unannotated"
"AT1G11120",61.70885611,-0.368522764,0.081287738,-4.533559091,5.8e-06,7.79e-05,"yes","down",NA,NA,"unannotated","unannotated","unannotated"
"AT1G12064",5.140428528,-0.583347837,0.215081569,-2.712216757,0.006683487,0.026514616,"yes","down",NA,NA,"unannotated","unannotated","unannotated"
"AT1G12211",14.32427825,0.773548969,0.26434991,2.926231255,0.003430958,0.015571423,"yes","up",NA,NA,"unannotated","unannotated","unannotated"
"AT1G12760",587.1152256,0.167280085,0.041859483,3.996229149,6.44e-05,0.000591019,"yes","up",NA,NA,"unannotated","unannotated","unannotated"
"AT1G13480",57.63081507,1.076339282,0.154436981,6.969440043,3.18e-12,2.67e-10,"yes","up",NA,NA,"unannotated","unannotated","unannotated"
"AT1G13510",45.51378902,0.26196649,0.106653282,2.456244063,0.014039777,0.048069668,"yes","up",NA,NA,"unannotated","unannotated","unannotated"
"AT1G13520",28.08074619,1.985558617,0.217197444,9.141721838,6.15e-20,2.46e-17,"yes","up",NA,NA,"unannotated","unannotated","unannotated"
"AT1G13550",8.558502993,0.46730987,0.153578842,3.04280111,0.002343872,0.011411006,"yes","up",NA,NA,"unannotated","unannotated","unannotated"
"AT1G13609",153.2470851,0.918202145,0.341560736,2.68825438,0.007182666,0.028153804,"yes","up",NA,NA,"unannotated","unannotated","unannotated"
"AT1G13820",682.8342434,-0.125375962,0.049117014,-2.552597392,0.010692301,0.038669778,"yes","down",NA,NA,"unannotated","unannotated","unannotated"
"AT1G14190",35.94684255,-0.339741289,0.087014582,-3.904417883,9.45e-05,0.000810826,"yes","down",NA,NA,"unannotated","unannotated","unannotated"
"AT1G14430",115.6043351,-0.451437707,0.091385639,-4.939919594,7.82e-07,1.41e-05,"yes","down",NA,NA,"unannotated","unannotated","unannotated"
"AT1G14630",57.45014602,0.493227005,0.14078504,3.503404957,0.000459351,0.003002016,"yes","up",NA,NA,"unannotated","unannotated","unannotated"
"AT1G15385",6.835895099,-0.484224564,0.166761866,-2.9036888,0.003687945,0.016490124,"yes","down",NA,NA,"unannotated","unannotated","unannotated"
"AT1G15625",10.58081905,0.536747412,0.215237616,2.493743525,0.012640384,0.044209462,"yes","up",NA,NA,"unannotated","unannotated","unannotated"
"AT1G16110",60.46905966,0.799720691,0.232682539,3.436960473,0.000588281,0.00368035,"yes","up",NA,NA,"unannotated","unannotated","unannotated"
"AT1G16489",32.66068325,-0.301550484,0.118229117,-2.550560232,0.010754994,0.038854785,"yes","down",NA,NA,"unannotated","unannotated","unannotated"
"AT1G16630",223.7239485,-1.16746721,0.267730322,-4.360608837,1.3e-05,0.00015364,"yes","down",NA,NA,"unannotated","unannotated","unannotated"
"AT1G17147",37.51153241,1.461086296,0.237671392,6.147505948,7.87e-10,3.54e-08,"yes","up",NA,NA,"unannotated","unannotated","unannotated"
"AT1G18265",39.63139385,-0.355579342,0.115875801,-3.068624688,0.002150466,0.010658732,"yes","down",NA,NA,"unannotated","unannotated","unannotated"
"AT1G18300",75.72727515,0.790502689,0.235635379,3.354770798,0.000794308,0.004721184,"yes","up",NA,NA,"unannotated","unannotated","unannotated"
"AT1G18550",126.2517025,-0.543315745,0.120302342,-4.516252444,6.29e-06,8.34e-05,"yes","down",NA,NA,"unannotated","unannotated","unannotated"
"AT1G18735",20.7205306,-0.485949522,0.189040293,-2.570613458,0.010151857,0.037079287,"yes","down",NA,NA,"unannotated","unannotated","unannotated"
"AT1G19115",4.144812869,-0.58639515,0.203352031,-2.883645413,0.003931011,0.017369395,"yes","down",NA,NA,"unannotated","unannotated","unannotated"
"AT1G20060",88.57236726,-0.343961125,0.112174392,-3.066307007,0.002167207,0.01072294,"yes","down",NA,NA,"unannotated","unannotated","unannotated"
"AT1G20065",7.411894809,-0.485091547,0.161212745,-3.009014863,0.002620963,0.012508109,"yes","down",NA,NA,"unannotated","unannotated","unannotated"
"AT1G20470",35.47183886,-0.364445974,0.107279792,-3.397153986,0.000680906,0.004152912,"yes","down",NA,NA,"unannotated","unannotated","unannotated"
"AT1G20515",7.779498266,0.62005376,0.158518709,3.911549385,9.17e-05,0.000790993,"yes","up",NA,NA,"unannotated","unannotated","unannotated"
"AT1G20610",200.1263952,-0.573412935,0.195322055,-2.935730607,0.003327632,0.015216656,"yes","down",NA,NA,"unannotated","unannotated","unannotated"
"AT1G20691",31.41193933,0.397976336,0.129065803,3.083514979,0.002045708,0.01024288,"yes","up",NA,NA,"unannotated","unannotated","unannotated"
"AT1G21150",51.03250911,-0.318273858,0.076973739,-4.134836901,3.55e-05,0.000358139,"yes","down",NA,NA,"unannotated","unannotated","unannotated"
"AT1G21280",63.80692849,-0.292818006,0.093191126,-3.142123282,0.001677274,0.008726193,"yes","down",NA,NA,"unannotated","unannotated","unannotated"
"AT1G21326",18.22521457,1.277329989,0.334924039,3.813790119,0.000136852,0.001102111,"yes","up",NA,NA,"unannotated","unannotated","unannotated"
"AT1G21470",5.606317288,0.826405069,0.259484727,3.184792724,0.001448577,0.007769582,"yes","up",NA,NA,"unannotated","unannotated","unannotated"
"AT1G21520",54.0256408,2.45586874,0.28597429,8.587725637,8.87e-18,2.32e-15,"yes","up",NA,NA,"unannotated","unannotated","unannotated"
"AT1G21528",12.66453249,3.507854421,0.421795499,8.316481399,9.06e-17,2.02e-14,"yes","up",NA,NA,"unannotated","unannotated","unannotated"
"AT1G21651",114.5984787,0.210794687,0.060827228,3.465465928,0.000529314,0.003369568,"yes","up",NA,NA,"unannotated","unannotated","unannotated"
"AT1G22065",23.1803333,0.296305643,0.120736091,2.454159658,0.014121427,0.048300115,"yes","up",NA,NA,"unannotated","unannotated","unannotated"
"AT1G22260",17.97294986,0.312400192,0.116145642,2.689728051,0.007151027,0.028039114,"yes","up",NA,NA,"unannotated","unannotated","unannotated"
"AT1G23150",87.9590265,0.164784218,0.065967245,2.497970268,0.012490667,0.043799254,"yes","up",NA,NA,"unannotated","unannotated","unannotated"
"AT1G24090",53.63304817,-0.292080752,0.112726122,-2.59106537,0.009567932,0.035368488,"yes","down",NA,NA,"unannotated","unannotated","unannotated"
"AT1G24145",10.38309523,1.231931252,0.220551892,5.585675281,2.33e-08,6.97e-07,"yes","up",NA,NA,"unannotated","unannotated","unannotated"
"AT1G24147",29.36303977,1.626310001,0.306803996,5.300811013,1.15e-07,2.78e-06,"yes","up",NA,NA,"unannotated","unannotated","unannotated"
"AT1G24148",42.57706335,0.422736759,0.134034871,3.153931183,0.001610871,0.008444086,"yes","up",NA,NA,"unannotated","unannotated","unannotated"
"AT1G24267",534.125284,0.100971918,0.034999573,2.884947131,0.003914794,0.017316342,"yes","up",NA,NA,"unannotated","unannotated","unannotated"
"AT1G24560",481.4263323,0.113316423,0.044260051,2.560241601,0.010459942,0.037957544,"yes","up",NA,NA,"unannotated","unannotated","unannotated"
"AT1G24996",156.3154027,-0.399980421,0.149794522,-2.670193919,0.007580745,0.029352974,"yes","down",NA,NA,"unannotated","unannotated","unannotated"
"AT1G25220",468.3665392,0.174418063,0.057453976,3.035787489,0.002399084,0.011615035,"yes","up",NA,NA,"unannotated","unannotated","unannotated"
"AT1G25422",14.16781832,0.482367734,0.175737267,2.744823233,0.00605435,0.024496943,"yes","up",NA,NA,"unannotated","unannotated","unannotated"
"AT1G26120",232.7783991,0.106909319,0.037027599,2.887287334,0.003885792,0.017224478,"yes","up",NA,NA,"unannotated","unannotated","unannotated"
"AT1G26208",97.27432047,-0.32032069,0.092611962,-3.458739922,0.000542709,0.003438127,"yes","down",NA,NA,"unannotated","unannotated","unannotated"
"AT1G26250",320.8476445,0.741620347,0.169724848,4.36954492,1.25e-05,0.000148231,"yes","up",NA,NA,"unannotated","unannotated","unannotated"
"AT1G26255",126.640668,0.434520617,0.174071392,2.496220734,0.012552446,0.043960603,"yes","up",NA,NA,"unannotated","unannotated","unannotated"
"AT1G26761",306.0496874,-0.248817455,0.101185104,-2.459032443,0.013931203,0.047788161,"yes","down",NA,NA,"unannotated","unannotated","unannotated"
"AT1G27020",563.6344008,0.614555748,0.163471502,3.759406011,0.000170317,0.001315925,"yes","up",NA,NA,"unannotated","unannotated","unannotated"
"AT1G27110",24.34007956,-0.305335692,0.116298962,-2.625437803,0.008653762,0.032686288,"yes","down",NA,NA,"unannotated","unannotated","unannotated"
"AT1G27890",8.655490068,2.661256135,0.361193039,7.367960762,1.73e-13,1.88e-11,"yes","up",NA,NA,"unannotated","unannotated","unannotated"
"AT1G29000",15.18912725,0.454188799,0.148372195,3.061144976,0.002204923,0.010869229,"yes","up",NA,NA,"unannotated","unannotated","unannotated"
"AT1G29290",17.07497018,0.925374868,0.163005892,5.676941223,1.37e-08,4.42e-07,"yes","up",NA,NA,"unannotated","unannotated","unannotated"
"AT1G29370",1328.476396,-0.088117881,0.028318374,-3.111685706,0.001860224,0.009477214,"yes","down",NA,NA,"unannotated","unannotated","unannotated"
"AT1G29418",228.7799461,-0.149665965,0.059456327,-2.51724202,0.011827755,0.041965032,"yes","down",NA,NA,"unannotated","unannotated","unannotated"
"AT1G29535",15.97316014,-0.331038196,0.135632264,-2.440703906,0.014658668,0.049805276,"yes","down",NA,NA,"unannotated","unannotated","unannotated"
"AT1G29640",76.73365941,0.868549375,0.182896561,4.748855682,2.05e-06,3.2e-05,"yes","up",NA,NA,"unannotated","unannotated","unannotated"
"AT1G29810",110.8768136,0.116083169,0.04708215,2.465545209,0.013680491,0.047106371,"yes","up",NA,NA,"unannotated","unannotated","unannotated"
"AT1G29930",145562.047,-0.202489838,0.068641959,-2.949942583,0.00317833,0.014644795,"yes","down",NA,NA,"unannotated","unannotated","unannotated"
"AT1G30170",46.02970362,4.168422942,0.453651394,9.188603847,3.98e-20,1.65e-17,"yes","up",NA,NA,"unannotated","unannotated","unannotated"
"AT1G30190",5.7734762,1.433139823,0.320634781,4.469695449,7.83e-06,0.000100135,"yes","up",NA,NA,"unannotated","unannotated","unannotated"
"AT1G30420",187.8507344,0.413297646,0.098675149,4.188467411,2.81e-05,0.000294893,"yes","up",NA,NA,"unannotated","unannotated","unannotated"
"AT1G30470",828.1551864,-0.070251973,0.023676873,-2.967113595,0.003006099,0.013997189,"yes","down",NA,NA,"unannotated","unannotated","unannotated"
"AT1G30475",89.94466449,1.420802479,0.20899739,6.798182893,1.06e-11,7.73e-10,"yes","up",NA,NA,"unannotated","unannotated","unannotated"
"AT1G30680",792.3988342,0.313353197,0.062509491,5.012889925,5.36e-07,1.03e-05,"yes","up",NA,NA,"unannotated","unannotated","unannotated"
"AT1G30730",136.9345386,0.840615499,0.252865815,3.324354059,0.000886236,0.005164708,"yes","up",NA,NA,"unannotated","unannotated","unannotated"
"AT1G30755",127.5838567,0.742785468,0.124970056,5.943707583,2.79e-09,1.08e-07,"yes","up",NA,NA,"unannotated","unannotated","unannotated"
"AT1G31173",8.674321627,-0.524161592,0.192406766,-2.724236804,0.006445028,0.025702696,"yes","down",NA,NA,"unannotated","unannotated","unannotated"
"AT1G31340",639.6802286,0.149536239,0.041105401,3.63787323,0.000274899,0.001950688,"yes","up",NA,NA,"unannotated","unannotated","unannotated"
"AT1G32575",2.566114833,1.376475206,0.305992493,4.498395341,6.85e-06,8.93e-05,"yes","up",NA,NA,"unannotated","unannotated","unannotated"
"AT1G32910",5.944625677,1.881025477,0.353229045,5.325228785,1.01e-07,2.47e-06,"yes","up",NA,NA,"unannotated","unannotated","unannotated"
"AT1G32928",46.75307242,0.951856992,0.268738753,3.541941687,0.000397193,0.002654674,"yes","up",NA,NA,"unannotated","unannotated","unannotated"
"AT1G33140",7245.702226,-0.189902105,0.042084796,-4.512368426,6.41e-06,8.45e-05,"yes","down",NA,NA,"unannotated","unannotated","unannotated"
"AT1G33415",141.8476069,0.25793443,0.087837785,2.936486056,0.003319537,0.015191508,"yes","up",NA,NA,"unannotated","unannotated","unannotated"
"AT1G33480",88.99576939,-0.257080662,0.072042826,-3.568442228,0.00035911,0.002434656,"yes","down",NA,NA,"unannotated","unannotated","unannotated"
"AT1G33610",129.0345958,0.73192266,0.203731269,3.592588719,0.000327409,0.002259871,"yes","up",NA,NA,"unannotated","unannotated","unannotated"
"AT1G34047",20.24426297,-0.749953852,0.186480504,-4.021620685,5.78e-05,0.000541103,"yes","down",NA,NA,"unannotated","unannotated","unannotated"
"AT1G34050",3.615154006,1.376002059,0.350783568,3.922652553,8.76e-05,0.000760689,"yes","up",NA,NA,"unannotated","unannotated","unannotated"
"AT1G36622",12.73555478,0.722505408,0.193573023,3.732469519,0.000189612,0.001436746,"yes","up",NA,NA,"unannotated","unannotated","unannotated"
"AT1G38131",205.0996782,-0.246092082,0.08841554,-2.783357775,0.005379944,0.022300234,"yes","down",NA,NA,"unannotated","unannotated","unannotated"
"AT1G42430",284.9896652,-0.152381225,0.039183174,-3.888945395,0.000100681,0.000854644,"yes","down",NA,NA,"unannotated","unannotated","unannotated"
"AT1G43605",68.9771199,0.950136398,0.17113543,5.551956104,2.82e-08,8.24e-07,"yes","up",NA,NA,"unannotated","unannotated","unannotated"
"AT1G44608",33.94908534,-0.304929222,0.11380809,-2.679328171,0.007377005,0.02872925,"yes","down",NA,NA,"unannotated","unannotated","unannotated"
"AT1G45231",112.6966749,0.250480064,0.064889184,3.860120387,0.000113331,0.000941352,"yes","up",NA,NA,"unannotated","unannotated","unannotated"
"AT1G47395",263.5632824,0.71461397,0.269475154,2.651873319,0.008004657,0.030698955,"yes","up",NA,NA,"unannotated","unannotated","unannotated"
"AT1G47500",612.1927025,-0.193398595,0.068811,-2.810576703,0.00494528,0.020917833,"yes","down",NA,NA,"unannotated","unannotated","unannotated"
"AT1G47510",14.17472939,0.602489091,0.164548809,3.661461265,0.000250781,0.001814504,"yes","up",NA,NA,"unannotated","unannotated","unannotated"
"AT1G47580",197.3074838,-0.178714468,0.056810792,-3.145783749,0.001656424,0.008631054,"yes","down",NA,NA,"unannotated","unannotated","unannotated"
"AT1G47760",14.1681902,-0.419679438,0.12085988,-3.472446262,0.000515738,0.003296502,"yes","down",NA,NA,"unannotated","unannotated","unannotated"
"AT1G48175",89.47593617,0.19836877,0.071239102,2.784548982,0.005360222,0.022265467,"yes","up",NA,NA,"unannotated","unannotated","unannotated"
"AT1G48605",25.2886041,0.319779619,0.113231561,2.8241209,0.00474105,0.020246516,"yes","up",NA,NA,"unannotated","unannotated","unannotated"
"AT1G48635",264.709621,-0.140641034,0.038737628,-3.630605165,0.000282757,0.002000433,"yes","down",NA,NA,"unannotated","unannotated","unannotated"
"AT1G49360",115.8235536,0.270058346,0.062116087,4.347639356,1.38e-05,0.000161549,"yes","up",NA,NA,"unannotated","unannotated","unannotated"
"AT1G50260",179.4742859,0.241814444,0.072724567,3.325072329,0.000883956,0.005153969,"yes","up",NA,NA,"unannotated","unannotated","unannotated"
"AT1G50732",209.8440412,-0.216905524,0.073562138,-2.948602788,0.00319214,0.014702678,"yes","down",NA,NA,"unannotated","unannotated","unannotated"
"AT1G50745",19.0942056,1.958786731,0.356906829,5.488229897,4.06e-08,1.13e-06,"yes","up",NA,NA,"unannotated","unannotated","unannotated"
"AT1G51130",151.464297,1.62947479,0.21269385,7.661127916,1.84e-14,2.45e-12,"yes","up",NA,NA,"unannotated","unannotated","unannotated"
"AT1G51355",12.83631433,-0.474104248,0.140255816,-3.380282279,0.000724114,0.004373658,"yes","down",NA,NA,"unannotated","unannotated","unannotated"
"AT1G51405",62.66152195,-0.298303364,0.097979166,-3.044559129,0.002330216,0.011363055,"yes","down",NA,NA,"unannotated","unannotated","unannotated"
"AT1G51470",414.3965047,-0.398932498,0.136223448,-2.928515629,0.003405847,0.015490263,"yes","down",NA,NA,"unannotated","unannotated","unannotated"
"AT1G52130",5.60151695,0.606496713,0.241571335,2.510631957,0.012051527,0.042535096,"yes","up",NA,NA,"unannotated","unannotated","unannotated"
"AT1G52270",40.79633356,0.695860081,0.126099182,5.518355229,3.42e-08,9.72e-07,"yes","up",NA,NA,"unannotated","unannotated","unannotated"
"AT1G52315",91.02596797,2.85899149,0.319867216,8.938057266,3.96e-19,1.26e-16,"yes","up",NA,NA,"unannotated","unannotated","unannotated"
"AT1G52347",61.18726344,0.162690393,0.062052583,2.621814991,0.00874629,0.032946035,"yes","up",NA,NA,"unannotated","unannotated","unannotated"
"AT1G52450",38.49381512,0.322396419,0.120024001,2.686099583,0.007229154,0.028288985,"yes","up",NA,NA,"unannotated","unannotated","unannotated"
"AT1G52750",121.4932065,-0.515141654,0.099329824,-5.186173042,2.15e-07,4.69e-06,"yes","down",NA,NA,"unannotated","unannotated","unannotated"
"AT1G52780",472.9226178,0.261510203,0.058313509,4.484556082,7.31e-06,9.43e-05,"yes","up",NA,NA,"unannotated","unannotated","unannotated"
"AT1G52855",4.253684105,0.662775906,0.236432116,2.80323975,0.005059205,0.021315572,"yes","up",NA,NA,"unannotated","unannotated","unannotated"
"AT1G53025",124.642042,0.794004084,0.122042797,6.505947939,7.72e-11,4.63e-09,"yes","up",NA,NA,"unannotated","unannotated","unannotated"
"AT1G53470",182.410477,-0.295504546,0.096723413,-3.055150119,0.002249479,0.011038663,"yes","down",NA,NA,"unannotated","unannotated","unannotated"
"AT1G53600",38.59584319,0.200111886,0.081225122,2.463669874,0.013752271,0.047323346,"yes","up",NA,NA,"unannotated","unannotated","unannotated"
"AT1G53625",15.59577922,1.239204958,0.208092798,5.955059318,2.6e-09,1.02e-07,"yes","up",NA,NA,"unannotated","unannotated","unannotated"
"AT1G54217",38.82824087,-0.263190476,0.071252618,-3.693765713,0.000220957,0.001632287,"yes","down",NA,NA,"unannotated","unannotated","unannotated"
"AT1G54385",205.648602,-0.663839618,0.154988157,-4.283163511,1.84e-05,0.000205948,"yes","down",NA,NA,"unannotated","unannotated","unannotated"
"AT1G54575",88.93134965,0.481013636,0.183563449,2.620421657,0.008782111,0.033040491,"yes","up",NA,NA,"unannotated","unannotated","unannotated"
"AT1G54630",1334.863694,-0.109157075,0.027416879,-3.981382225,6.85e-05,0.000623358,"yes","down",NA,NA,"unannotated","unannotated","unannotated"
"AT1G54930",7.233682349,-0.609063694,0.222756757,-2.734209735,0.00625302,0.025089777,"yes","down",NA,NA,"unannotated","unannotated","unannotated"
"AT1G55152",45.26319888,0.719480391,0.25504934,2.820945908,0.004788228,0.02040732,"yes","up",NA,NA,"unannotated","unannotated","unannotated"
"AT1G55205",68.49415844,-0.344321536,0.08235505,-4.180940179,2.9e-05,0.000302939,"yes","down",NA,NA,"unannotated","unannotated","unannotated"
"AT1G55340",373.3480151,-0.129287094,0.045234534,-2.858150241,0.004261186,0.018581456,"yes","down",NA,NA,"unannotated","unannotated","unannotated"
"AT1G55675",76.66988834,0.197637071,0.073948879,2.672617534,0.0075262,0.029213707,"yes","up",NA,NA,"unannotated","unannotated","unannotated"
"AT1G56140",359.3507596,0.236994146,0.079307395,2.988298213,0.002805357,0.013223765,"yes","up",NA,NA,"unannotated","unannotated","unannotated"
"AT1G56240",52.71013794,3.16860327,0.44283424,7.155280661,8.35e-13,8.07e-11,"yes","up",NA,NA,"unannotated","unannotated","unannotated"
"AT1G56242",2.460335928,1.481112571,0.369986931,4.003148346,6.25e-05,0.000577364,"yes","up",NA,NA,"unannotated","unannotated","unannotated"
"AT1G56250",26.14051528,2.598600243,0.369939972,7.024383524,2.15e-12,1.89e-10,"yes","up",NA,NA,"unannotated","unannotated","unannotated"
"AT1G56440",122.6013242,0.353131078,0.069136815,5.107714026,3.26e-07,6.69e-06,"yes","up",NA,NA,"unannotated","unannotated","unannotated"
"AT1G57720",4934.90227,-0.095569664,0.026736739,-3.574469677,0.000350938,0.002392329,"yes","down",NA,NA,"unannotated","unannotated","unannotated"
"AT1G57860",1452.866777,-0.204329674,0.046234129,-4.41945552,9.89e-06,0.000121995,"yes","down",NA,NA,"unannotated","unannotated","unannotated"
"AT1G57990",830.9230741,1.218458293,0.334173911,3.646180188,0.000266167,0.001901672,"yes","up",NA,NA,"unannotated","unannotated","unannotated"
"AT1G58007",11.75964504,0.528217754,0.15793792,3.344464419,0.000824416,0.004862136,"yes","up",NA,NA,"unannotated","unannotated","unannotated"
"AT1G58037",19.05464092,-0.342222992,0.121641489,-2.813373911,0.004902461,0.020759064,"yes","down",NA,NA,"unannotated","unannotated","unannotated"
"AT1G58225",7.207492144,2.522633271,0.354273858,7.120574138,1.07e-12,1.01e-10,"yes","up",NA,NA,"unannotated","unannotated","unannotated"
"AT1G58320",5.229241212,0.751940921,0.275709591,2.727293298,0.006385625,0.025517603,"yes","up",NA,NA,"unannotated","unannotated","unannotated"
"AT1G58983",7205.964201,-0.169678778,0.069296549,-2.448589131,0.014341694,0.048890348,"yes","down",NA,NA,"unannotated","unannotated","unannotated"
"AT1G59124",949.0595845,0.125953448,0.041214971,3.056012037,0.002243023,0.011020169,"yes","up",NA,NA,"unannotated","unannotated","unannotated"
"AT1G59218",331.5493522,0.247977075,0.063608686,3.898478171,9.68e-05,0.000826756,"yes","up",NA,NA,"unannotated","unannotated","unannotated"
"AT1G59860",17.99457379,0.485509673,0.114920207,4.224754593,2.39e-05,0.000258182,"yes","up",NA,NA,"unannotated","unannotated","unannotated"
"AT1G60095",31.27063046,0.384786356,0.130870831,2.940199529,0.00328001,0.015044329,"yes","up",NA,NA,"unannotated","unannotated","unannotated"
"AT1G60110",33.31451347,-0.29558422,0.116389948,-2.539602659,0.011097847,0.039849132,"yes","down",NA,NA,"unannotated","unannotated","unannotated"
"AT1G61250",840.7759897,0.268617642,0.057744801,4.651806525,3.29e-06,4.81e-05,"yes","up",NA,NA,"unannotated","unannotated","unannotated"
"AT1G61255",13.17033189,0.580916167,0.194690551,2.983792298,0.002847,0.013390328,"yes","up",NA,NA,"unannotated","unannotated","unannotated"
"AT1G61470",20.94122197,1.625908191,0.169461036,9.594584273,8.43e-22,4.41e-19,"yes","up",NA,NA,"unannotated","unannotated","unannotated"
"AT1G61600",59.99286791,-0.248051217,0.073388205,-3.379987496,0.000724891,0.004377014,"yes","down",NA,NA,"unannotated","unannotated","unannotated"
"AT1G62120",60.98707339,-0.163168916,0.066511452,-2.453245432,0.014157371,0.048380936,"yes","down",NA,NA,"unannotated","unannotated","unannotated"
"AT1G62420",12.83567601,1.273613816,0.324487254,3.925004145,8.67e-05,0.000754408,"yes","up",NA,NA,"unannotated","unannotated","unannotated"
"AT1G63295",30.14123595,0.351779676,0.111512888,3.154610027,0.001607128,0.008433132,"yes","up",NA,NA,"unannotated","unannotated","unannotated"
"AT1G63360",410.9372574,0.294641304,0.049244086,5.983283,2.19e-09,8.83e-08,"yes","up",NA,NA,"unannotated","unannotated","unannotated"
"AT1G63630",2.681076649,-0.955562713,0.262233807,-3.643934109,0.000268502,0.001913362,"yes","down",NA,NA,"unannotated","unannotated","unannotated"
"AT1G63860",179.3088779,1.26157944,0.238838686,5.282140255,1.28e-07,3.03e-06,"yes","up",NA,NA,"unannotated","unannotated","unannotated"
"AT1G64065",26.15810913,1.614714852,0.263131904,6.136522516,8.43e-10,3.73e-08,"yes","up",NA,NA,"unannotated","unannotated","unannotated"
"AT1G64080",91.0622897,0.39269095,0.099080726,3.963343469,7.39e-05,0.000660748,"yes","up",NA,NA,"unannotated","unannotated","unannotated"
"AT1G64572",40.38092153,0.239902413,0.075178165,3.191118231,0.001417233,0.007635879,"yes","up",NA,NA,"unannotated","unannotated","unannotated"
"AT1G64625",25.72412635,-0.369012819,0.115649851,-3.190776417,0.00141891,0.007641758,"yes","down",NA,NA,"unannotated","unannotated","unannotated"
"AT1G64950",771.4418536,0.25906351,0.105759448,2.449554281,0.014303315,0.048780677,"yes","up",NA,NA,"unannotated","unannotated","unannotated"
"AT1G65150",76.70448699,0.261423961,0.069851193,3.742584079,0.000182138,0.00139191,"yes","up",NA,NA,"unannotated","unannotated","unannotated"
"AT1G65250",37.61245184,0.544074821,0.101270794,5.37247509,7.77e-08,1.96e-06,"yes","up",NA,NA,"unannotated","unannotated","unannotated"
"AT1G65481",9.119229814,0.978382118,0.192965082,5.070254724,3.97e-07,7.95e-06,"yes","up",NA,NA,"unannotated","unannotated","unannotated"
"AT1G65484",6.242009895,0.57979041,0.212193018,2.732372707,0.006287996,0.025206802,"yes","up",NA,NA,"unannotated","unannotated","unannotated"
"AT1G65486",70.09460546,0.692585555,0.159696202,4.336894348,1.45e-05,0.000168807,"yes","up",NA,NA,"unannotated","unannotated","unannotated"
"AT1G65710",120.7211516,-0.826071492,0.229541319,-3.598792125,0.000319699,0.002216444,"yes","down",NA,NA,"unannotated","unannotated","unannotated"
"AT1G65845",170.7179445,0.321296912,0.118395725,2.713754336,0.006652548,0.02641855,"yes","up",NA,NA,"unannotated","unannotated","unannotated"
"AT1G66190",80.27835511,-0.209940214,0.061274819,-3.426207017,0.000612074,0.003806969,"yes","down",NA,NA,"unannotated","unannotated","unannotated"
"AT1G66280",1006.093472,-0.265867646,0.083894092,-3.16908663,0.001529188,0.008121027,"yes","down",NA,NA,"unannotated","unannotated","unannotated"
"AT1G66465",6.104770735,0.833770789,0.235645077,3.538248282,0.000402791,0.002686756,"yes","up",NA,NA,"unannotated","unannotated","unannotated"
"AT1G66600",3.027965683,1.176092535,0.307196114,3.82847465,0.00012894,0.001048465,"yes","up",NA,NA,"unannotated","unannotated","unannotated"
"AT1G66700",16.47038044,1.686977931,0.335372136,5.030167244,4.9e-07,9.54e-06,"yes","up",NA,NA,"unannotated","unannotated","unannotated"
"AT1G66920",43.35644793,0.782368705,0.171001823,4.575206815,4.76e-06,6.59e-05,"yes","up",NA,NA,"unannotated","unannotated","unannotated"
"AT1G67035",26.02705186,-1.113221999,0.2168885,-5.13269259,2.86e-07,5.96e-06,"yes","down",NA,NA,"unannotated","unannotated","unannotated"
"AT1G67190",123.485837,0.124257771,0.05005135,2.482605805,0.013042533,0.045306753,"yes","up",NA,NA,"unannotated","unannotated","unannotated"
"AT1G67328",272.6951004,-0.310921323,0.0876993,-3.545311359,0.00039215,0.002626923,"yes","down",NA,NA,"unannotated","unannotated","unannotated"
"AT1G67520",29.63146686,0.396262938,0.102774086,3.855669791,0.000115413,0.000956959,"yes","up",NA,NA,"unannotated","unannotated","unannotated"
"AT1G67855",3.227677656,0.76319736,0.273199455,2.79355374,0.005213237,0.021769996,"yes","up",NA,NA,"unannotated","unannotated","unannotated"
"AT1G67856",3.917514788,0.853486522,0.26768952,3.188344925,0.001430897,0.007690502,"yes","up",NA,NA,"unannotated","unannotated","unannotated"
"AT1G68030",18.03937586,0.348943093,0.111052583,3.14214297,0.001677161,0.008726193,"yes","up",NA,NA,"unannotated","unannotated","unannotated"
"AT1G68350",7.067287827,-0.697119355,0.195712481,-3.561956558,0.000368101,0.002485606,"yes","down",NA,NA,"unannotated","unannotated","unannotated"
"AT1G68390",25.22393427,0.350905725,0.121093419,2.897810026,0.003757781,0.016751547,"yes","up",NA,NA,"unannotated","unannotated","unannotated"
"AT1G68825",11.34189027,-0.741116093,0.133897267,-5.534960582,3.11e-08,8.96e-07,"yes","down",NA,NA,"unannotated","unannotated","unannotated"
"AT1G68870",55.86764735,-0.36631356,0.091399482,-4.007829698,6.13e-05,0.000568715,"yes","down",NA,NA,"unannotated","unannotated","unannotated"
"AT1G69060",167.998628,0.219334945,0.066966639,3.275286764,0.001055548,0.005995765,"yes","up",NA,NA,"unannotated","unannotated","unannotated"
"AT1G69280",56.75422016,0.197008287,0.075123122,2.622472025,0.008729443,0.032903609,"yes","up",NA,NA,"unannotated","unannotated","unannotated"
"AT1G69520",54.54533786,0.534550857,0.115965113,4.609583361,4.03e-06,5.71e-05,"yes","up",NA,NA,"unannotated","unannotated","unannotated"
"AT1G69710",12.38542238,0.473810155,0.138580825,3.419016707,0.000628479,0.003890023,"yes","up",NA,NA,"unannotated","unannotated","unannotated"
"AT1G69900",129.9487528,0.626567993,0.16757056,3.739129305,0.000184659,0.001404634,"yes","up",NA,NA,"unannotated","unannotated","unannotated"
"AT1G70340",87.32197836,-0.587232971,0.125490826,-4.679489236,2.88e-06,4.27e-05,"yes","down",NA,NA,"unannotated","unannotated","unannotated"
"AT1G70440",28.41996206,2.274930573,0.283421433,8.02667091,1e-15,1.78e-13,"yes","up",NA,NA,"unannotated","unannotated","unannotated"
"AT1G70581",3.1134336,0.92848747,0.243275,3.816616868,0.000135294,0.001090727,"yes","up",NA,NA,"unannotated","unannotated","unannotated"
"AT1G70600",6434.485895,-0.260246915,0.061263225,-4.24801202,2.16e-05,0.000236032,"yes","down",NA,NA,"unannotated","unannotated","unannotated"
"AT1G70640",5.944718881,0.678714086,0.248624625,2.729874753,0.006335839,0.025365954,"yes","up",NA,NA,"unannotated","unannotated","unannotated"
"AT1G70800",26.60812961,0.355830199,0.124226537,2.864365441,0.004178456,0.018291319,"yes","up",NA,NA,"unannotated","unannotated","unannotated"
"AT1G71110",205.0321863,0.387145916,0.08015056,4.830233448,1.36e-06,2.27e-05,"yes","up",NA,NA,"unannotated","unannotated","unannotated"
"AT1G71240",196.7436383,0.162916891,0.051889568,3.139684861,0.001691297,0.008773285,"yes","up",NA,NA,"unannotated","unannotated","unannotated"
"AT1G71520",8.557286214,0.876045618,0.229644172,3.81479577,0.000136296,0.001098426,"yes","up",NA,NA,"unannotated","unannotated","unannotated"
"AT1G71866",7.228301726,-0.467038858,0.169348422,-2.757857752,0.005818151,0.023703988,"yes","down",NA,NA,"unannotated","unannotated","unannotated"
"AT1G72010",416.928083,0.223492001,0.050327566,4.440747264,8.96e-06,0.000112587,"yes","up",NA,NA,"unannotated","unannotated","unannotated"
"AT1G72275",104.0638922,-0.166647758,0.059036134,-2.822809451,0.004760486,0.020311118,"yes","down",NA,NA,"unannotated","unannotated","unannotated"
"AT1G72330",263.3473521,0.584303634,0.098639203,5.92364512,3.15e-09,1.2e-07,"yes","up",NA,NA,"unannotated","unannotated","unannotated"
"AT1G72640",628.5458546,-0.159295438,0.039844787,-3.997899084,6.39e-05,0.000587782,"yes","down",NA,NA,"unannotated","unannotated","unannotated"
"AT1G72930",619.2887181,0.66169242,0.128607204,5.145064955,2.67e-07,5.62e-06,"yes","up",NA,NA,"unannotated","unannotated","unannotated"
"AT1G73810",29.35638404,0.687323854,0.162500571,4.229670383,2.34e-05,0.000253417,"yes","up",NA,NA,"unannotated","unannotated","unannotated"
"AT1G73885",1726.218963,-0.104977489,0.028758567,-3.650303156,0.000261931,0.001877889,"yes","down",NA,NA,"unannotated","unannotated","unannotated"
"AT1G74060",2942.336862,-0.144919924,0.033566505,-4.317396933,1.58e-05,0.000181724,"yes","down",NA,NA,"unannotated","unannotated","unannotated"
"AT1G74830",15.70674114,-0.35964222,0.126586092,-2.841087937,0.004495991,0.019375503,"yes","down",NA,NA,"unannotated","unannotated","unannotated"
"AT1G75000",49.33094316,0.439211474,0.131112204,3.349890088,0.000808436,0.004784652,"yes","up",NA,NA,"unannotated","unannotated","unannotated"
"AT1G75080",374.2940218,0.168096659,0.063001163,2.668151681,0.007626982,0.029507769,"yes","up",NA,NA,"unannotated","unannotated","unannotated"
"AT1G75700",27.14492344,1.656983907,0.263580783,6.28643669,3.25e-10,1.64e-08,"yes","up",NA,NA,"unannotated","unannotated","unannotated"
"AT1G76690",490.6028925,0.267841245,0.055639681,4.813852991,1.48e-06,2.43e-05,"yes","up",NA,NA,"unannotated","unannotated","unannotated"
"AT1G76980",101.7435418,0.234791214,0.07352714,3.193259186,0.001406766,0.00760728,"yes","up",NA,NA,"unannotated","unannotated","unannotated"
"AT1G77320",190.5005924,0.257432439,0.062155674,4.141736738,3.45e-05,0.000349174,"yes","up",NA,NA,"unannotated","unannotated","unannotated"
"AT1G78860",87.01378707,0.339761872,0.106911411,3.177975763,0.001483071,0.007910366,"yes","up",NA,NA,"unannotated","unannotated","unannotated"
"AT1G78865",57.62727704,-0.659048617,0.258267361,-2.551807604,0.010716568,0.038745652,"yes","down",NA,NA,"unannotated","unannotated","unannotated"
"AT1G78880",644.6447575,0.090683642,0.034461057,2.631481767,0.008501343,0.032212071,"yes","up",NA,NA,"unannotated","unannotated","unannotated"
"AT1G78915",446.0909827,-0.095889331,0.038448123,-2.49399253,0.01263152,0.044191574,"yes","down",NA,NA,"unannotated","unannotated","unannotated"
"AT1G79530",1931.943455,-0.1594064,0.053048453,-3.004920824,0.0026565,0.012648288,"yes","down",NA,NA,"unannotated","unannotated","unannotated"
"AT1G80610",151.6371336,0.705130888,0.103166121,6.834907409,8.21e-12,6.18e-10,"yes","up",NA,NA,"unannotated","unannotated","unannotated"
"AT1G80890",134.8926567,0.217509886,0.054628482,3.981620533,6.84e-05,0.000622973,"yes","up",NA,NA,"unannotated","unannotated","unannotated"
"AT2G01505",70.5854108,-0.251824777,0.088258278,-2.853270919,0.004327171,0.018820002,"yes","down",NA,NA,"unannotated","unannotated","unannotated"
"AT2G01755",148.1655032,-0.327003216,0.074962319,-4.362234529,1.29e-05,0.000152682,"yes","down",NA,NA,"unannotated","unannotated","unannotated"
"AT2G01913",49.24679712,-0.282494964,0.075483508,-3.742472674,0.000182218,0.00139191,"yes","down",NA,NA,"unannotated","unannotated","unannotated"
"AT2G02240",11.38420776,2.077068968,0.320762228,6.475416335,9.46e-11,5.52e-09,"yes","up",NA,NA,"unannotated","unannotated","unannotated"
"AT2G03505",40.09076506,-0.535910551,0.103346624,-5.185564159,2.15e-07,4.69e-06,"yes","down",NA,NA,"unannotated","unannotated","unannotated"
"AT2G03620",122.4736632,0.171127317,0.05888284,2.906234088,0.003658077,0.016384542,"yes","up",NA,NA,"unannotated","unannotated","unannotated"
"AT2G04170",221.1726816,-0.188813623,0.065187217,-2.896482328,0.003773719,0.016806703,"yes","down",NA,NA,"unannotated","unannotated","unannotated"
"AT2G04205",3.011551191,-0.786576624,0.277364598,-2.83589409,0.00456976,0.019635973,"yes","down",NA,NA,"unannotated","unannotated","unannotated"
"AT2G04495",7.793198841,3.021921155,0.363971198,8.302638141,1.02e-16,2.22e-14,"yes","up",NA,NA,"unannotated","unannotated","unannotated"
"AT2G04515",2.961827806,1.286338916,0.341160372,3.770481634,0.000162933,0.001271723,"yes","up",NA,NA,"unannotated","unannotated","unannotated"
"AT2G04842",1642.822657,-0.137878877,0.029288479,-4.707614871,2.51e-06,3.8e-05,"yes","down",NA,NA,"unannotated","unannotated","unannotated"
"AT2G05220",3092.116589,-0.215977821,0.041159503,-5.247337945,1.54e-07,3.56e-06,"yes","down",NA,NA,"unannotated","unannotated","unannotated"
"AT2G07213",4.657247351,1.782938968,0.296511921,6.013043123,1.82e-09,7.48e-08,"yes","up",NA,NA,"unannotated","unannotated","unannotated"
"AT2G07335",31.93600794,0.4293947,0.147307223,2.914960246,0.003557339,0.016030805,"yes","up",NA,NA,"unannotated","unannotated","unannotated"
"AT2G07805",20.18537528,-0.828901094,0.221286288,-3.745831256,0.000179797,0.001377434,"yes","down",NA,NA,"unannotated","unannotated","unannotated"
"AT2G08220",13.10542932,-0.398491614,0.123530299,-3.225861313,0.001255942,0.006922217,"yes","down",NA,NA,"unannotated","unannotated","unannotated"
"AT2G08340",37.00691855,0.619657695,0.169624327,3.653118069,0.000259075,0.001863459,"yes","up",NA,NA,"unannotated","unannotated","unannotated"
"AT2G08680",4.6699967,-0.620241433,0.200184426,-3.098350078,0.001946014,0.009816689,"yes","down",NA,NA,"unannotated","unannotated","unannotated"
"AT2G09225",16.29330514,1.079782362,0.20559725,5.251929978,1.51e-07,3.49e-06,"yes","up",NA,NA,"unannotated","unannotated","unannotated"
"AT2G09735",17.42498399,0.936856798,0.190759838,4.911184701,9.05e-07,1.6e-05,"yes","up",NA,NA,"unannotated","unannotated","unannotated"
"AT2G09740",9.977371272,1.188879343,0.329853645,3.604263171,0.00031304,0.002178065,"yes","up",NA,NA,"unannotated","unannotated","unannotated"
"AT2G13800",147.5119137,0.404267961,0.093429036,4.3270056,1.51e-05,0.000175348,"yes","up",NA,NA,"unannotated","unannotated","unannotated"
"AT2G14050",96.35261316,0.195492178,0.064545748,3.028738298,0.002455773,0.011833594,"yes","up",NA,NA,"unannotated","unannotated","unannotated"
"AT2G14247",153.3181278,0.94449569,0.322810517,2.925851666,0.003435147,0.015586537,"yes","up",NA,NA,"unannotated","unannotated","unannotated"
"AT2G14820",97.95417122,-0.349455238,0.100414073,-3.480142048,0.000501148,0.003224011,"yes","down",NA,NA,"unannotated","unannotated","unannotated"
"AT2G14825",48.52010609,0.261141669,0.084285886,3.098284664,0.001946444,0.009816756,"yes","up",NA,NA,"unannotated","unannotated","unannotated"
"AT2G14920",15.56323343,-0.38840767,0.141320221,-2.748422469,0.00598828,0.024275445,"yes","down",NA,NA,"unannotated","unannotated","unannotated"
"AT2G15128",37.93171624,0.22254554,0.088323872,2.519653333,0.011747046,0.041728922,"yes","up",NA,NA,"unannotated","unannotated","unannotated"
"AT2G15292",220.2312978,-0.206535046,0.052908797,-3.903605011,9.48e-05,0.000812963,"yes","down",NA,NA,"unannotated","unannotated","unannotated"
"AT2G15370",59.79168258,-0.295394938,0.104790071,-2.818921063,0.004818537,0.020510539,"yes","down",NA,NA,"unannotated","unannotated","unannotated"
"AT2G15560",277.9902488,0.111536433,0.035267878,3.162550178,0.001563938,0.008241243,"yes","up",NA,NA,"unannotated","unannotated","unannotated"
"AT2G16530",92.10477459,0.156455018,0.054529795,2.869165726,0.004115561,0.018047001,"yes","up",NA,NA,"unannotated","unannotated","unannotated"
"AT2G17320",270.6152794,-0.158019978,0.044227696,-3.572873884,0.000353085,0.002404874,"yes","down",NA,NA,"unannotated","unannotated","unannotated"
"AT2G17442",45.59654409,0.308518164,0.088586051,3.482694634,0.000496394,0.00319963,"yes","up",NA,NA,"unannotated","unannotated","unannotated"
"AT2G17705",83.44638647,0.640400304,0.153631316,4.168422942,3.07e-05,0.000316696,"yes","up",NA,NA,"unannotated","unannotated","unannotated"
"AT2G17787",94.27574151,0.256254733,0.065192945,3.930712633,8.47e-05,0.000739946,"yes","up",NA,NA,"unannotated","unannotated","unannotated"
"AT2G18000",55.68757012,1.840419348,0.230025332,8.000942043,1.23e-15,2.16e-13,"yes","up",NA,NA,"unannotated","unannotated","unannotated"
"AT2G18193",2689.1424,4.474380255,0.387376856,11.55045839,7.34e-31,1.92e-27,"yes","up",NA,NA,"unannotated","unannotated","unannotated"
"AT2G18680",14.24643396,1.211559899,0.206088829,5.878823719,4.13e-09,1.54e-07,"yes","up",NA,NA,"unannotated","unannotated","unannotated"
"AT2G19090",143.870274,-0.316952694,0.070551378,-4.492508928,7.04e-06,9.13e-05,"yes","down",NA,NA,"unannotated","unannotated","unannotated"
"AT2G19240",13.89370347,0.360963533,0.115717952,3.119339113,0.001812572,0.009275155,"yes","up",NA,NA,"unannotated","unannotated","unannotated"
"AT2G19260",126.3079846,0.190251688,0.053005127,3.589307261,0.000331558,0.002280658,"yes","up",NA,NA,"unannotated","unannotated","unannotated"
"AT2G19920",37.2434256,-0.473249672,0.128568698,-3.680908957,0.000232404,0.001701385,"yes","down",NA,NA,"unannotated","unannotated","unannotated"
"AT2G20562",42.09739904,0.46861688,0.12529912,3.73998541,0.000184031,0.00140031,"yes","up",NA,NA,"unannotated","unannotated","unannotated"
"AT2G20590",71.05187285,-1.104172008,0.243568836,-4.533305756,5.81e-06,7.8e-05,"yes","down",NA,NA,"unannotated","unannotated","unannotated"
"AT2G20635",106.2323886,-0.331860776,0.12020749,-2.760732938,0.005767181,0.023561485,"yes","down",NA,NA,"unannotated","unannotated","unannotated"
"AT2G21350",17.95065105,0.348111687,0.115064491,3.02536156,0.002483361,0.011939682,"yes","up",NA,NA,"unannotated","unannotated","unannotated"
"AT2G21500",150.226535,0.546615581,0.146143882,3.740256342,0.000183833,0.001399439,"yes","up",NA,NA,"unannotated","unannotated","unannotated"
"AT2G21750",2.785109026,1.831417626,0.379903594,4.820743085,1.43e-06,2.36e-05,"yes","up",NA,NA,"unannotated","unannotated","unannotated"
"AT2G21900",3.878183936,1.108287341,0.30134168,3.677842836,0.000235215,0.001717695,"yes","up",NA,NA,"unannotated","unannotated","unannotated"
"AT2G22122",144.1197719,-0.359464393,0.112231057,-3.202895916,0.001360531,0.007401756,"yes","down",NA,NA,"unannotated","unannotated","unannotated"
"AT2G22140",35.37021582,-0.541194295,0.131546985,-4.114076012,3.89e-05,0.00038665,"yes","down",NA,NA,"unannotated","unannotated","unannotated"
"AT2G22640",127.5967731,-0.135605688,0.051106433,-2.653397647,0.007968593,0.030623354,"yes","down",NA,NA,"unannotated","unannotated","unannotated"
"AT2G23690",77.25033031,-0.283142027,0.113157534,-2.502193322,0.012342651,0.043335315,"yes","down",NA,NA,"unannotated","unannotated","unannotated"
"AT2G24680",20.07451256,0.440822858,0.119606904,3.685597095,0.000228167,0.001675571,"yes","up",NA,NA,"unannotated","unannotated","unannotated"
"AT2G24755",201.7975491,0.279978297,0.094290979,2.969300984,0.002984781,0.013916645,"yes","up",NA,NA,"unannotated","unannotated","unannotated"
"AT2G25050",217.907662,-0.16150188,0.044942124,-3.593552471,0.0003262,0.002253667,"yes","down",NA,NA,"unannotated","unannotated","unannotated"
"AT2G25290",154.0753679,0.234757125,0.063057613,3.722899005,0.000196948,0.001483164,"yes","up",NA,NA,"unannotated","unannotated","unannotated"
"AT2G25297",4.308096435,1.358803923,0.263723748,5.152376057,2.57e-07,5.45e-06,"yes","up",NA,NA,"unannotated","unannotated","unannotated"
"AT2G25480",384.6443293,-0.11502221,0.034580914,-3.326176119,0.000880463,0.005135493,"yes","down",NA,NA,"unannotated","unannotated","unannotated"
"AT2G26010",15.07645074,-0.858384184,0.258294578,-3.323276047,0.000889668,0.005180532,"yes","down",NA,NA,"unannotated","unannotated","unannotated"
"AT2G26270",94.26273804,-0.29235821,0.072977786,-4.00612603,6.17e-05,0.00057238,"yes","down",NA,NA,"unannotated","unannotated","unannotated"
"AT2G26860",114.6881385,0.186288913,0.06661109,2.79666512,0.005163302,0.02161892,"yes","up",NA,NA,"unannotated","unannotated","unannotated"
"AT2G27385",649.4039357,-0.33333377,0.097270951,-3.426858341,0.000610608,0.003800768,"yes","down",NA,NA,"unannotated","unannotated","unannotated"
"AT2G27389",17.22325546,0.702675393,0.214514223,3.27565876,0.001054158,0.005990327,"yes","up",NA,NA,"unannotated","unannotated","unannotated"
"AT2G27402",1121.890321,0.245670819,0.091622097,2.681348996,0.0073326,0.028603571,"yes","up",NA,NA,"unannotated","unannotated","unannotated"
"AT2G27860",2723.190002,0.069492012,0.028084933,2.474352025,0.01334781,0.046176685,"yes","up",NA,NA,"unannotated","unannotated","unannotated"
"AT2G28150",335.3604419,-0.249797018,0.058553515,-4.266131876,1.99e-05,0.000220219,"yes","down",NA,NA,"unannotated","unannotated","unannotated"
"AT2G28210",26.5589707,0.574725241,0.161836993,3.551259999,0.000383391,0.002577042,"yes","up",NA,NA,"unannotated","unannotated","unannotated"
"AT2G28500",11.77808006,0.744896312,0.2138934,3.482558654,0.000496646,0.00319963,"yes","up",NA,NA,"unannotated","unannotated","unannotated"
"AT2G28671",389.1515622,-0.26011733,0.091503003,-2.842719068,0.004473048,0.019295152,"yes","down",NA,NA,"unannotated","unannotated","unannotated"
"AT2G29125",20.64948272,-0.54181665,0.109761125,-4.936325571,7.96e-07,1.43e-05,"yes","down",NA,NA,"unannotated","unannotated","unannotated"
"AT2G29525",42.24644404,0.351850671,0.089043143,3.951462821,7.77e-05,0.000688099,"yes","up",NA,NA,"unannotated","unannotated","unannotated"
"AT2G30362",43.89083498,1.118056467,0.390965487,2.859731884,0.004239993,0.018512569,"yes","up",NA,NA,"unannotated","unannotated","unannotated"
"AT2G30440",1505.065331,0.37285662,0.076454757,4.876826947,1.08e-06,1.85e-05,"yes","up",NA,NA,"unannotated","unannotated","unannotated"
"AT2G30720",183.2033913,0.306086805,0.05771821,5.303123691,1.14e-07,2.76e-06,"yes","up",NA,NA,"unannotated","unannotated","unannotated"
"AT2G31865",70.69958621,1.571299575,0.186791121,8.412067793,4.03e-17,9.4e-15,"yes","up",NA,NA,"unannotated","unannotated","unannotated"
"AT2G31920",11.89404316,-0.805466059,0.184957114,-4.35488011,1.33e-05,0.000157036,"yes","down",NA,NA,"unannotated","unannotated","unannotated"
"AT2G32130",2.588515625,0.959585983,0.313744942,3.05849069,0.00222455,0.010947665,"yes","up",NA,NA,"unannotated","unannotated","unannotated"
"AT2G32200",17.57169422,2.931387248,0.438224291,6.689239524,2.24e-11,1.5e-09,"yes","up",NA,NA,"unannotated","unannotated","unannotated"
"AT2G32210",31.41343179,1.645192377,0.237628297,6.923385791,4.41e-12,3.63e-10,"yes","up",NA,NA,"unannotated","unannotated","unannotated"
"AT2G32240",2297.193122,0.215090389,0.0691385,3.111007464,0.001864502,0.009496956,"yes","up",NA,NA,"unannotated","unannotated","unannotated"
"AT2G32550",64.71157166,-0.389468191,0.136975042,-2.843351493,0.004464181,0.019266594,"yes","down",NA,NA,"unannotated","unannotated","unannotated"
"AT2G33120",895.3894558,0.205859636,0.041633553,4.944560906,7.63e-07,1.39e-05,"yes","up",NA,NA,"unannotated","unannotated","unannotated"
"AT2G33400",175.5882664,-0.750926243,0.187750802,-3.999590059,6.35e-05,0.000584282,"yes","down",NA,NA,"unannotated","unannotated","unannotated"
"AT2G33793",50.40778455,-0.688678788,0.188884899,-3.646023549,0.00026633,0.001901672,"yes","down",NA,NA,"unannotated","unannotated","unannotated"
"AT2G33815",7.851783393,-0.694674959,0.265779651,-2.613725156,0.008956105,0.03357753,"yes","down",NA,NA,"unannotated","unannotated","unannotated"
"AT2G34030",2.169097442,0.914780212,0.302660057,3.022467582,0.002507229,0.012037254,"yes","up",NA,NA,"unannotated","unannotated","unannotated"
"AT2G34170",197.6065301,-0.255634158,0.059139561,-4.322557591,1.54e-05,0.000178395,"yes","down",NA,NA,"unannotated","unannotated","unannotated"
"AT2G34430",14164.27853,-0.384551879,0.15590041,-2.466650845,0.013638327,0.047002381,"yes","down",NA,NA,"unannotated","unannotated","unannotated"
"AT2G34730",290.3954721,0.183794541,0.05436106,3.380996268,0.000722235,0.004367689,"yes","up",NA,NA,"unannotated","unannotated","unannotated"
"AT2G35035",27.93655575,-0.283020651,0.094824785,-2.984669561,0.002838848,0.013357319,"yes","down",NA,NA,"unannotated","unannotated","unannotated"
"AT2G35130",291.3270431,-0.234813276,0.078225,-3.001767676,0.002684169,0.012749447,"yes","down",NA,NA,"unannotated","unannotated","unannotated"
"AT2G35637",14.40059325,1.006437908,0.244532045,4.115771027,3.86e-05,0.000384306,"yes","up",NA,NA,"unannotated","unannotated","unannotated"
"AT2G35658",26.46820158,0.802095514,0.16370637,4.899598673,9.6e-07,1.67e-05,"yes","up",NA,NA,"unannotated","unannotated","unannotated"
"AT2G36026",35.32406988,-0.507645274,0.103565789,-4.901669556,9.5e-07,1.66e-05,"yes","down",NA,NA,"unannotated","unannotated","unannotated"
"AT2G36200",408.5344574,-0.358148017,0.128556422,-2.785920853,0.00533759,0.022191008,"yes","down",NA,NA,"unannotated","unannotated","unannotated"
"AT2G36307",25.924391,-0.371491139,0.108907769,-3.411061887,0.000647104,0.003985938,"yes","down",NA,NA,"unannotated","unannotated","unannotated"
"AT2G36780",40.39409252,2.206345337,0.299529649,7.366033198,1.76e-13,1.9e-11,"yes","up",NA,NA,"unannotated","unannotated","unannotated"
"AT2G36800",296.8406449,0.823477222,0.149289611,5.515971363,3.47e-08,9.83e-07,"yes","up",NA,NA,"unannotated","unannotated","unannotated"
"AT2G36985",4.728478912,0.770985151,0.218410608,3.529980331,0.000415591,0.002761022,"yes","up",NA,NA,"unannotated","unannotated","unannotated"
"AT2G37180",644.9845193,-0.357907074,0.099469374,-3.598163531,0.000320472,0.002220391,"yes","down",NA,NA,"unannotated","unannotated","unannotated"
"AT2G37200",202.5711805,0.153559004,0.051854222,2.961359719,0.00306284,0.014204274,"yes","up",NA,NA,"unannotated","unannotated","unannotated"
"AT2G37960",31.50127546,-0.545835802,0.137602283,-3.966764135,7.29e-05,0.000654003,"yes","down",NA,NA,"unannotated","unannotated","unannotated"
"AT2G38070",50.37997295,-0.608228804,0.114184536,-5.326717819,1e-07,2.46e-06,"yes","down",NA,NA,"unannotated","unannotated","unannotated"
"AT2G38430",29.87534954,0.278467307,0.095650508,2.911299833,0.003599284,0.016188882,"yes","up",NA,NA,"unannotated","unannotated","unannotated"
"AT2G38823",21.62337132,0.685012802,0.149747386,4.574455809,4.77e-06,6.61e-05,"yes","up",NA,NA,"unannotated","unannotated","unannotated"
"AT2G40095",90.96331985,0.614493453,0.135361882,4.539634369,5.64e-06,7.6e-05,"yes","up",NA,NA,"unannotated","unannotated","unannotated"
"AT2G40350",4.078032036,1.143252312,0.258584361,4.421196657,9.82e-06,0.000121143,"yes","up",NA,NA,"unannotated","unannotated","unannotated"
"AT2G40590",1173.180769,-0.213321482,0.05396035,-3.953300549,7.71e-05,0.000684376,"yes","down",NA,NA,"unannotated","unannotated","unannotated"
"AT2G40820",266.2742333,-0.297031998,0.067775451,-4.382589768,1.17e-05,0.000140899,"yes","down",NA,NA,"unannotated","unannotated","unannotated"
"AT2G41105",6.176462313,2.01934985,0.357133238,5.654331873,1.56e-08,4.95e-07,"yes","up",NA,NA,"unannotated","unannotated","unannotated"
"AT2G41240",235.5204001,1.014734222,0.333838958,3.039591985,0.002368988,0.011503861,"yes","up",NA,NA,"unannotated","unannotated","unannotated"
"AT2G41312",37.93691007,-0.348772176,0.111399764,-3.130816122,0.001743213,0.008974176,"yes","down",NA,NA,"unannotated","unannotated","unannotated"
"AT2G41450",30.09855799,-0.293619773,0.110924602,-2.647021193,0.008120426,0.031078197,"yes","down",NA,NA,"unannotated","unannotated","unannotated"
"AT2G41835",68.97609977,0.353151226,0.087196261,4.05007304,5.12e-05,0.000487667,"yes","up",NA,NA,"unannotated","unannotated","unannotated"
"AT2G42170",108.8104785,-0.530510738,0.166766049,-3.181167508,0.001466828,0.007844268,"yes","down",NA,NA,"unannotated","unannotated","unannotated"
"AT2G42260",47.63889347,-0.248357203,0.094786772,-2.620167312,0.008788664,0.033052835,"yes","down",NA,NA,"unannotated","unannotated","unannotated"
"AT2G42365",71.71913133,0.238289113,0.087988236,2.708192856,0.00676507,0.026788676,"yes","up",NA,NA,"unannotated","unannotated","unannotated"
"AT2G42395",14.84154599,-0.326272857,0.123104533,-2.650372405,0.008040309,0.030803544,"yes","down",NA,NA,"unannotated","unannotated","unannotated"
"AT2G43120",162.660367,0.28352554,0.095443298,2.97061759,0.002972016,0.013872053,"yes","up",NA,NA,"unannotated","unannotated","unannotated"
"AT2G43720",30.85467635,0.30481493,0.097924673,3.112749019,0.001853536,0.009448785,"yes","up",NA,NA,"unannotated","unannotated","unannotated"
"AT2G43945",991.8077742,-0.118642912,0.032962151,-3.599367981,0.000318992,0.002212945,"yes","down",NA,NA,"unannotated","unannotated","unannotated"
"AT2G44290",156.1687079,0.777395759,0.127483417,6.098014772,1.07e-09,4.61e-08,"yes","up",NA,NA,"unannotated","unannotated","unannotated"
"AT2G44410",350.9360234,0.160521057,0.050621827,3.170985065,0.00151923,0.008071399,"yes","up",NA,NA,"unannotated","unannotated","unannotated"
"AT2G44578",5.082666682,0.896007162,0.243126741,3.685350111,0.000228388,0.001676674,"yes","up",NA,NA,"unannotated","unannotated","unannotated"
"AT2G44580",78.95362212,-0.414428968,0.112136101,-3.695767589,0.000219223,0.001621002,"yes","down",NA,NA,"unannotated","unannotated","unannotated"
"AT2G45315",242.4079293,-0.191368062,0.068824847,-2.780508357,0.005427386,0.022441206,"yes","down",NA,NA,"unannotated","unannotated","unannotated"
"AT2G45480",66.0667031,-0.335677258,0.106020809,-3.166145025,0.001544738,0.008181105,"yes","down",NA,NA,"unannotated","unannotated","unannotated"
"AT2G45760",6.687885018,1.244025101,0.22009782,5.652146395,1.58e-08,4.99e-07,"yes","up",NA,NA,"unannotated","unannotated","unannotated"
"AT2G46440",45.48886892,1.14632372,0.261055895,4.391104514,1.13e-05,0.000136262,"yes","up",NA,NA,"unannotated","unannotated","unannotated"
"AT2G46455",8.182156028,0.403058262,0.160205675,2.51588005,0.011873559,0.042095863,"yes","up",NA,NA,"unannotated","unannotated","unannotated"
"AT2G46495",32.35325081,0.423258797,0.128360452,3.297423708,0.000975762,0.005611523,"yes","up",NA,NA,"unannotated","unannotated","unannotated"
"AT2G46890",161.6743932,-0.334513836,0.065642482,-5.095996176,3.47e-07,7.06e-06,"yes","down",NA,NA,"unannotated","unannotated","unannotated"
"AT2G47360",88.00726138,-0.255180143,0.07816119,-3.264793468,0.001095439,0.006179179,"yes","down",NA,NA,"unannotated","unannotated","unannotated"
"AT2G47530",18.56445784,-0.410648327,0.140136478,-2.93034571,0.003385851,0.015426104,"yes","down",NA,NA,"unannotated","unannotated","unannotated"
"AT2G47935",189.1619969,-0.199534254,0.072650134,-2.746509088,0.006023322,0.024396523,"yes","down",NA,NA,"unannotated","unannotated","unannotated"
"AT2G48121",135.4645114,-0.200721025,0.065836075,-3.048799976,0.002297574,0.011225018,"yes","down",NA,NA,"unannotated","unannotated","unannotated"
"AT3G01035",10.42419762,0.375113307,0.133033134,2.819698333,0.004806882,0.020475717,"yes","up",NA,NA,"unannotated","unannotated","unannotated"
"AT3G01295",12.44925507,-0.613950676,0.231284832,-2.654522007,0.007942086,0.030561344,"yes","down",NA,NA,"unannotated","unannotated","unannotated"
"AT3G01513",41.91505706,0.52256024,0.139357528,3.749781219,0.000176989,0.001359715,"yes","up",NA,NA,"unannotated","unannotated","unannotated"
"AT3G01515",104.925386,-0.2984239,0.061794929,-4.829262004,1.37e-06,2.28e-05,"yes","down",NA,NA,"unannotated","unannotated","unannotated"
"AT3G01516",29.10678492,-0.483962304,0.124124905,-3.89899435,9.66e-05,0.000825594,"yes","down",NA,NA,"unannotated","unannotated","unannotated"
"AT3G01600",224.826818,3.3534391,0.30406551,11.02867307,2.78e-28,5.04e-25,"yes","up",NA,NA,"unannotated","unannotated","unannotated"
"AT3G01710",91.44083412,-0.793135023,0.223815911,-3.543693653,0.000394563,0.002638594,"yes","down",NA,NA,"unannotated","unannotated","unannotated"
"AT3G01950",136.3291502,0.262904626,0.083466669,3.149815723,0.001633735,0.008530261,"yes","up",NA,NA,"unannotated","unannotated","unannotated"
"AT3G02535",22.49448102,1.27910866,0.3392564,3.770330227,0.000163032,0.001271723,"yes","up",NA,NA,"unannotated","unannotated","unannotated"
"AT3G03535",3.284674133,1.278212863,0.394459664,3.24041462,0.00119356,0.006629546,"yes","up",NA,NA,"unannotated","unannotated","unannotated"
"AT3G03702",23.93281235,0.566456937,0.151183159,3.746825655,0.000179086,0.001373326,"yes","up",NA,NA,"unannotated","unannotated","unannotated"
"AT3G03975",5.507138213,0.896636739,0.366267883,2.448035386,0.014363755,0.048951394,"yes","up",NA,NA,"unannotated","unannotated","unannotated"
"AT3G04380",70.26730082,0.214905838,0.07068415,3.040368133,0.002362891,0.011479465,"yes","up",NA,NA,"unannotated","unannotated","unannotated"
"AT3G04950",84.25676401,-0.214560159,0.06160827,-3.482651918,0.000496473,0.00319963,"yes","down",NA,NA,"unannotated","unannotated","unannotated"
"AT3G05327",13.17760757,0.518085892,0.162257128,3.192993103,0.001408063,0.007607704,"yes","up",NA,NA,"unannotated","unannotated","unannotated"
"AT3G05330",177.7146513,-0.888366238,0.17175494,-5.172289303,2.31e-07,4.98e-06,"yes","down",NA,NA,"unannotated","unannotated","unannotated"
"AT3G05380",320.6267376,0.20865332,0.044384821,4.701006256,2.59e-06,3.9e-05,"yes","up",NA,NA,"unannotated","unannotated","unannotated"
"AT3G05727",681.8122107,0.499636861,0.18286036,2.732341015,0.006288601,0.025206802,"yes","up",NA,NA,"unannotated","unannotated","unannotated"
"AT3G05905",735.8166967,-0.301659672,0.096240703,-3.134429222,0.001721888,0.008879909,"yes","down",NA,NA,"unannotated","unannotated","unannotated"
"AT3G05937",46.7547238,0.314469943,0.101987237,3.083424474,0.00204633,0.01024382,"yes","up",NA,NA,"unannotated","unannotated","unannotated"
"AT3G06270",196.9108441,0.118818406,0.044629078,2.662354032,0.007759622,0.029942308,"yes","up",NA,NA,"unannotated","unannotated","unannotated"
"AT3G06690",52.20526212,-0.264377907,0.10827508,-2.441724428,0.0146173,0.049686172,"yes","down",NA,NA,"unannotated","unannotated","unannotated"
"AT3G06820",244.5276133,0.128821352,0.039681741,3.246363387,0.001168895,0.006517117,"yes","up",NA,NA,"unannotated","unannotated","unannotated"
"AT3G06868",232.2182879,-0.463295326,0.103032948,-4.496574475,6.91e-06,8.99e-05,"yes","down",NA,NA,"unannotated","unannotated","unannotated"
"AT3G07195",63.92922757,0.416876376,0.110647889,3.767594499,0.000164828,0.001281073,"yes","up",NA,NA,"unannotated","unannotated","unannotated"
"AT3G07273",27.13744159,0.273535654,0.101173579,2.703627342,0.006858716,0.027075196,"yes","up",NA,NA,"unannotated","unannotated","unannotated"
"AT3G07805",59.37370447,0.28162339,0.085431458,3.296483468,0.000979034,0.005628967,"yes","up",NA,NA,"unannotated","unannotated","unannotated"
"AT3G08170",39.34716319,0.842285418,0.175692199,4.794096858,1.63e-06,2.64e-05,"yes","up",NA,NA,"unannotated","unannotated","unannotated"
"AT3G08520",518.8454453,-0.22950865,0.061162351,-3.752449765,0.000175115,0.001348574,"yes","down",NA,NA,"unannotated","unannotated","unannotated"
"AT3G08785",390.2848102,-0.35726936,0.078323944,-4.561432223,5.08e-06,6.97e-05,"yes","down",NA,NA,"unannotated","unannotated","unannotated"
"AT3G09032",30.07221834,0.32015524,0.108047414,2.963099506,0.003045581,0.014143712,"yes","up",NA,NA,"unannotated","unannotated","unannotated"
"AT3G09035",210.466664,-0.183691041,0.059873292,-3.067996361,0.002154992,0.010678923,"yes","down",NA,NA,"unannotated","unannotated","unannotated"
"AT3G09400",5.628330329,0.666119303,0.203956982,3.265979414,0.001090862,0.00615814,"yes","up",NA,NA,"unannotated","unannotated","unannotated"
"AT3G09925",134.7677986,-0.345744664,0.10065776,-3.434853558,0.000592874,0.003704167,"yes","down",NA,NA,"unannotated","unannotated","unannotated"
"AT3G10185",18.36788376,-0.697481878,0.284232901,-2.453909717,0.014131246,0.048312669,"yes","down",NA,NA,"unannotated","unannotated","unannotated"
"AT3G10440",90.95423363,0.247906467,0.055867717,4.437383135,9.11e-06,0.000113814,"yes","up",NA,NA,"unannotated","unannotated","unannotated"
"AT3G10490",448.0875705,0.292427444,0.068262656,4.283856806,1.84e-05,0.000205599,"yes","up",NA,NA,"unannotated","unannotated","unannotated"
"AT3G10915",222.509457,0.115862247,0.046180468,2.50890155,0.012110723,0.04271887,"yes","up",NA,NA,"unannotated","unannotated","unannotated"
"AT3G10980",385.4357924,0.125445469,0.040111374,3.12742891,0.001763425,0.009062396,"yes","up",NA,NA,"unannotated","unannotated","unannotated"
"AT3G11070",517.409156,-0.111799049,0.043271693,-2.583653248,0.009776003,0.035968426,"yes","down",NA,NA,"unannotated","unannotated","unannotated"
"AT3G11120",680.1373359,-0.190459743,0.059577214,-3.196855492,0.001389345,0.007541108,"yes","down",NA,NA,"unannotated","unannotated","unannotated"
"AT3G11260",23.43786199,-0.552030982,0.164617813,-3.353409758,0.000798224,0.004737297,"yes","down",NA,NA,"unannotated","unannotated","unannotated"
"AT3G11773",2.903216016,1.415745087,0.285129878,4.965263891,6.86e-07,1.27e-05,"yes","up",NA,NA,"unannotated","unannotated","unannotated"
"AT3G11940",5773.056618,-0.161322602,0.039067226,-4.129359005,3.64e-05,0.000365372,"yes","down",NA,NA,"unannotated","unannotated","unannotated"
"AT3G11950",134.5193016,0.180838513,0.06770955,2.670797734,0.007567123,0.029314674,"yes","up",NA,NA,"unannotated","unannotated","unannotated"
"AT3G12220",9.866554379,0.975447915,0.232690182,4.192045871,2.76e-05,0.000290667,"yes","up",NA,NA,"unannotated","unannotated","unannotated"
"AT3G12345",1422.803952,-0.150173612,0.043239102,-3.473097391,0.000514489,0.003291191,"yes","down",NA,NA,"unannotated","unannotated","unannotated"
"AT3G12410",29.36952835,3.709396725,0.387568718,9.570939437,1.06e-21,5.31e-19,"yes","up",NA,NA,"unannotated","unannotated","unannotated"
"AT3G12915",158.5440917,-0.231776533,0.059063182,-3.924213464,8.7e-05,0.000756217,"yes","down",NA,NA,"unannotated","unannotated","unannotated"
"AT3G12965",460.5862066,-0.233449189,0.060455328,-3.861515558,0.000112686,0.00093788,"yes","down",NA,NA,"unannotated","unannotated","unannotated"
"AT3G12970",80.83601144,-0.426747626,0.099495977,-4.289094301,1.79e-05,0.000201769,"yes","down",NA,NA,"unannotated","unannotated","unannotated"
"AT3G13080",1949.882899,1.638207294,0.164334757,9.968720715,2.09e-23,1.54e-20,"yes","up",NA,NA,"unannotated","unannotated","unannotated"
"AT3G13403",4.473503732,-0.511246646,0.197391896,-2.590008292,0.009597362,0.035449485,"yes","down",NA,NA,"unannotated","unannotated","unannotated"
"AT3G13432",8.031336726,0.895394646,0.198947956,4.500647617,6.77e-06,8.86e-05,"yes","up",NA,NA,"unannotated","unannotated","unannotated"
"AT3G13437",13.98891897,0.416502259,0.147926141,2.81560958,0.004868479,0.020659704,"yes","up",NA,NA,"unannotated","unannotated","unannotated"
"AT3G13710",9.5364036,-1.670313805,0.593060217,-2.816432055,0.004856031,0.020621731,"yes","down",NA,NA,"unannotated","unannotated","unannotated"
"AT3G14362",11.43928722,-0.543005991,0.185486122,-2.927475036,0.003417265,0.015524361,"yes","down",NA,NA,"unannotated","unannotated","unannotated"
"AT3G14463",6.901998079,0.548831543,0.187803201,2.922375867,0.003473721,0.015728118,"yes","up",NA,NA,"unannotated","unannotated","unannotated"
"AT3G14540",56.21176623,-0.730809585,0.118945346,-6.144078835,8.04e-10,3.6e-08,"yes","down",NA,NA,"unannotated","unannotated","unannotated"
"AT3G14550",61.09933471,-0.306981991,0.077708672,-3.950421254,7.8e-05,0.000690337,"yes","down",NA,NA,"unannotated","unannotated","unannotated"
"AT3G14590",141.7403762,0.430233546,0.100167728,4.295131307,1.75e-05,0.000197961,"yes","up",NA,NA,"unannotated","unannotated","unannotated"
"AT3G14830",248.8074598,0.178229642,0.048206443,3.697216236,0.000217977,0.001614315,"yes","up",NA,NA,"unannotated","unannotated","unannotated"
"AT3G14870",194.4928935,0.369891279,0.148030011,2.498758718,0.012462913,0.043711986,"yes","up",NA,NA,"unannotated","unannotated","unannotated"
"AT3G15115",90.50445762,-0.254064523,0.065111735,-3.901977454,9.54e-05,0.000816964,"yes","down",NA,NA,"unannotated","unannotated","unannotated"
"AT3G15340",36.40061778,0.274696224,0.088306115,3.110727081,0.001866273,0.009501871,"yes","up",NA,NA,"unannotated","unannotated","unannotated"
"AT3G15356",1337.488892,0.645953716,0.20871951,3.094841099,0.001969184,0.009903897,"yes","up",NA,NA,"unannotated","unannotated","unannotated"
"AT3G15518",41.49410993,0.581244068,0.119186979,4.876741336,1.08e-06,1.85e-05,"yes","up",NA,NA,"unannotated","unannotated","unannotated"
"AT3G15536",1.961192952,0.988947157,0.365499581,2.705740878,0.00681522,0.026955568,"yes","up",NA,NA,"unannotated","unannotated","unannotated"
"AT3G15700",13.23186205,-0.417368704,0.159825876,-2.611396316,0.009017333,0.033735214,"yes","down",NA,NA,"unannotated","unannotated","unannotated"
"AT3G16070",9.105333547,-0.434784745,0.158556342,-2.74214667,0.006103908,0.024642477,"yes","down",NA,NA,"unannotated","unannotated","unannotated"
"AT3G16300",8.243149613,-0.61498987,0.205399384,-2.994117407,0.0027524,0.013020736,"yes","down",NA,NA,"unannotated","unannotated","unannotated"
"AT3G16410",299.4911673,-0.337319176,0.077136764,-4.373001369,1.23e-05,0.000146346,"yes","down",NA,NA,"unannotated","unannotated","unannotated"
"AT3G16430",447.8682267,-0.177295605,0.063298581,-2.800941214,0.00509538,0.021402957,"yes","down",NA,NA,"unannotated","unannotated","unannotated"
"AT3G16510",57.04079993,0.663232563,0.146420808,4.529633266,5.91e-06,7.9e-05,"yes","up",NA,NA,"unannotated","unannotated","unannotated"
"AT3G16565",85.11230766,0.420735758,0.08328686,5.051646292,4.38e-07,8.63e-06,"yes","up",NA,NA,"unannotated","unannotated","unannotated"
"AT3G17205",665.7813878,0.172373385,0.042106142,4.0937825,4.24e-05,0.00041563,"yes","up",NA,NA,"unannotated","unannotated","unannotated"
"AT3G17580",29.94357891,-0.60713688,0.145988445,-4.15880092,3.2e-05,0.000328321,"yes","down",NA,NA,"unannotated","unannotated","unannotated"
"AT3G18000",932.1148419,-0.576887808,0.15924477,-3.622648375,0.000291602,0.002051921,"yes","down",NA,NA,"unannotated","unannotated","unannotated"
"AT3G18010",73.05254547,-0.442440745,0.115330001,-3.836302281,0.000124901,0.001021966,"yes","down",NA,NA,"unannotated","unannotated","unannotated"
"AT3G18020",62.43230852,0.212240806,0.085778995,2.474274802,0.013350696,0.046179891,"yes","up",NA,NA,"unannotated","unannotated","unannotated"
"AT3G18535",203.1302874,0.209809852,0.048854262,4.294606915,1.75e-05,0.000198115,"yes","up",NA,NA,"unannotated","unannotated","unannotated"
"AT3G19150",213.8710901,1.447694451,0.192327824,7.527223153,5.18e-14,6.3e-12,"yes","up",NA,NA,"unannotated","unannotated","unannotated"
"AT3G19210",190.8845354,1.106919103,0.155057035,7.138786732,9.42e-13,8.95e-11,"yes","up",NA,NA,"unannotated","unannotated","unannotated"
"AT3G19615",2.376184871,1.035854098,0.278740282,3.71619807,0.000202243,0.001517338,"yes","up",NA,NA,"unannotated","unannotated","unannotated"
"AT3G20600",76.79017718,0.831971904,0.172240002,4.830305936,1.36e-06,2.27e-05,"yes","up",NA,NA,"unannotated","unannotated","unannotated"
"AT3G20935",19.57846416,-0.366630891,0.1161063,-3.157717451,0.001590096,0.008359351,"yes","down",NA,NA,"unannotated","unannotated","unannotated"
"AT3G20940",49.31680778,-0.484290191,0.128803086,-3.759926907,0.000169963,0.00131405,"yes","down",NA,NA,"unannotated","unannotated","unannotated"
"AT3G21480",197.3242137,0.302975703,0.080064782,3.784131977,0.000154246,0.001216474,"yes","up",NA,NA,"unannotated","unannotated","unannotated"
"AT3G21781",18.35499227,0.998460682,0.21975813,4.543452765,5.53e-06,7.48e-05,"yes","up",NA,NA,"unannotated","unannotated","unannotated"
"AT3G22125",556.808368,0.38478968,0.075254938,5.113148611,3.17e-07,6.52e-06,"yes","up",NA,NA,"unannotated","unannotated","unannotated"
"AT3G22142",194.5636417,0.48780192,0.198351401,2.459281445,0.013921543,0.047768929,"yes","up",NA,NA,"unannotated","unannotated","unannotated"
"AT3G22235",266.9643913,1.483309735,0.377699712,3.92721966,8.59e-05,0.000748599,"yes","up",NA,NA,"unannotated","unannotated","unannotated"
"AT3G23120",20.69920751,2.563739393,0.392685052,6.528742005,6.63e-11,4.04e-09,"yes","up",NA,NA,"unannotated","unannotated","unannotated"
"AT3G23175",178.0396387,-0.213504602,0.058573261,-3.6450865,0.000267302,0.001906538,"yes","down",NA,NA,"unannotated","unannotated","unannotated"
"AT3G23180",86.53953112,-0.256787649,0.062301514,-4.121691949,3.76e-05,0.000375988,"yes","down",NA,NA,"unannotated","unannotated","unannotated"
"AT3G23440",17.602064,0.376166249,0.113919353,3.302039906,0.000959844,0.005532033,"yes","up",NA,NA,"unannotated","unannotated","unannotated"
"AT3G23530",1469.057214,-0.137083491,0.045229597,-3.030836032,0.002438776,0.011773352,"yes","down",NA,NA,"unannotated","unannotated","unannotated"
"AT3G23780",438.2842256,0.170767258,0.055305536,3.087706409,0.002017076,0.010121018,"yes","up",NA,NA,"unannotated","unannotated","unannotated"
"AT3G24100",367.5644175,0.169456216,0.056639253,2.99185118,0.002772914,0.013107259,"yes","up",NA,NA,"unannotated","unannotated","unannotated"
"AT3G24225",3.64801806,-0.543376997,0.21929795,-2.477802443,0.013219432,0.045813241,"yes","down",NA,NA,"unannotated","unannotated","unannotated"
"AT3G24255",64.8210864,0.309960407,0.066288014,4.675964605,2.93e-06,4.33e-05,"yes","up",NA,NA,"unannotated","unannotated","unannotated"
"AT3G25597",42.19786524,0.485413469,0.098364322,4.934853004,8.02e-07,1.44e-05,"yes","up",NA,NA,"unannotated","unannotated","unannotated"
"AT3G25882",29.84339158,1.068914605,0.216963266,4.926707745,8.36e-07,1.5e-05,"yes","up",NA,NA,"unannotated","unannotated","unannotated"
"AT3G26180",304.9168273,0.260293835,0.099163006,2.624908669,0.008667221,0.03271092,"yes","up",NA,NA,"unannotated","unannotated","unannotated"
"AT3G26340",315.1303729,0.182569395,0.061612083,2.963207658,0.003044511,0.014143712,"yes","up",NA,NA,"unannotated","unannotated","unannotated"
"AT3G26360",203.7517867,-0.161062323,0.046428202,-3.469062227,0.000522278,0.003330179,"yes","down",NA,NA,"unannotated","unannotated","unannotated"
"AT3G26500",83.84007108,0.364741409,0.115690099,3.152745239,0.001617429,0.008469048,"yes","up",NA,NA,"unannotated","unannotated","unannotated"
"AT3G26780",774.8650129,-0.10957116,0.035843909,-3.056897633,0.002236406,0.010996831,"yes","down",NA,NA,"unannotated","unannotated","unannotated"
"AT3G26840",92.0311291,0.456780841,0.107066003,4.266348111,1.99e-05,0.000220109,"yes","up",NA,NA,"unannotated","unannotated","unannotated"
"AT3G27460",74.93086129,0.153501858,0.055111963,2.785272937,0.005348268,0.02222124,"yes","up",NA,NA,"unannotated","unannotated","unannotated"
"AT3G27630",367.0555257,5.769355197,0.428430992,13.46624149,2.47e-41,2.91e-37,"yes","up",NA,NA,"unannotated","unannotated","unannotated"
"AT3G27850",8642.195123,-0.16038481,0.036981275,-4.336919406,1.44e-05,0.000168807,"yes","down",NA,NA,"unannotated","unannotated","unannotated"
"AT3G27860",17.92855054,0.321348423,0.129559153,2.480322036,0.013126377,0.045564436,"yes","up",NA,NA,"unannotated","unannotated","unannotated"
"AT3G28370",61.5606445,0.202646195,0.080095772,2.530048594,0.011404673,0.040681961,"yes","up",NA,NA,"unannotated","unannotated","unannotated"
"AT3G28455",51.42229882,-0.359838068,0.083157635,-4.327180178,1.51e-05,0.000175295,"yes","down",NA,NA,"unannotated","unannotated","unannotated"
"AT3G28570",5.562898501,0.673072455,0.211377295,3.184223055,0.001451431,0.007781348,"yes","up",NA,NA,"unannotated","unannotated","unannotated"
"AT3G29000",23.13258801,2.549422227,0.30659993,8.315142893,9.16e-17,2.02e-14,"yes","up",NA,NA,"unannotated","unannotated","unannotated"
"AT3G29340",5.603363587,2.740648148,0.37218779,7.363616493,1.79e-13,1.93e-11,"yes","up",NA,NA,"unannotated","unannotated","unannotated"
"AT3G30842",5.88880088,0.799410024,0.240791805,3.319922051,0.000900426,0.00523188,"yes","up",NA,NA,"unannotated","unannotated","unannotated"
"AT3G32980",5055.185711,-0.168022375,0.060557811,-2.774578077,0.005527336,0.022802923,"yes","down",NA,NA,"unannotated","unannotated","unannotated"
"AT3G44010",2027.705204,-0.176220035,0.040831064,-4.315832495,1.59e-05,0.000182837,"yes","down",NA,NA,"unannotated","unannotated","unannotated"
"AT3G44220",39.00971505,-0.288432877,0.088103046,-3.273812759,0.001061069,0.006019874,"yes","down",NA,NA,"unannotated","unannotated","unannotated"
"AT3G44290",6.377884253,0.776903194,0.25605761,3.034095312,0.002412582,0.011663617,"yes","up",NA,NA,"unannotated","unannotated","unannotated"
"AT3G44480",1078.065732,0.373649446,0.067063528,5.571574531,2.52e-08,7.46e-07,"yes","up",NA,NA,"unannotated","unannotated","unannotated"
"AT3G44670",739.7256001,0.436188661,0.063099404,6.912722363,4.75e-12,3.88e-10,"yes","up",NA,NA,"unannotated","unannotated","unannotated"
"AT3G44710",7.133952291,-0.522807952,0.175605381,-2.977175017,0.002909179,0.013622978,"yes","down",NA,NA,"unannotated","unannotated","unannotated"
"AT3G44713",23.76993842,0.2429598,0.086800347,2.79906485,0.005125084,0.021504737,"yes","up",NA,NA,"unannotated","unannotated","unannotated"
"AT3G45443",64.49248875,-0.190019081,0.068149102,-2.78828443,0.0052988,0.022055554,"yes","down",NA,NA,"unannotated","unannotated","unannotated"
"AT3G45660",10.55263263,0.493302382,0.139574113,3.534340081,0.000408795,0.002720643,"yes","up",NA,NA,"unannotated","unannotated","unannotated"
"AT3G46080",18.72936854,2.188248418,0.226557576,9.658685699,4.52e-22,2.48e-19,"yes","up",NA,NA,"unannotated","unannotated","unannotated"
"AT3G46090",47.66347964,3.103114777,0.505263114,6.141581869,8.17e-10,3.64e-08,"yes","up",NA,NA,"unannotated","unannotated","unannotated"
"AT3G46320",399.7486708,-0.668750886,0.104143848,-6.421415148,1.35e-10,7.6e-09,"yes","down",NA,NA,"unannotated","unannotated","unannotated"
"AT3G47350",2200.817522,-0.139438952,0.038099531,-3.659860072,0.000252353,0.001823735,"yes","down",NA,NA,"unannotated","unannotated","unannotated"
"AT3G47690",116.2655765,-0.184555946,0.057295452,-3.221127306,0.001276874,0.00702117,"yes","down",NA,NA,"unannotated","unannotated","unannotated"
"AT3G47820",157.4232199,0.300092821,0.100122179,2.997266192,0.002724127,0.012897339,"yes","up",NA,NA,"unannotated","unannotated","unannotated"
"AT3G48160",86.72907548,-0.482505057,0.095898583,-5.031409676,4.87e-07,9.49e-06,"yes","down",NA,NA,"unannotated","unannotated","unannotated"
"AT3G48240",15.74134357,-0.380551516,0.116912703,-3.255005697,0.001133901,0.006350546,"yes","down",NA,NA,"unannotated","unannotated","unannotated"
"AT3G48260",48.15849992,-0.292726772,0.097918996,-2.989478879,0.002794538,0.013185676,"yes","down",NA,NA,"unannotated","unannotated","unannotated"
"AT3G48280",114.4846742,0.263744382,0.095831602,2.752165007,0.005920268,0.024045224,"yes","up",NA,NA,"unannotated","unannotated","unannotated"
"AT3G48310",274.6250864,0.276468563,0.072187169,3.829885091,0.000128203,0.001044275,"yes","up",NA,NA,"unannotated","unannotated","unannotated"
"AT3G48320",179.3880178,0.341295701,0.109494764,3.117004768,0.001826986,0.009330057,"yes","up",NA,NA,"unannotated","unannotated","unannotated"
"AT3G48540",32.626276,-0.396406733,0.098067596,-4.042178547,5.3e-05,0.000501548,"yes","down",NA,NA,"unannotated","unannotated","unannotated"
"AT3G48600",32.42544415,0.272241323,0.103594247,2.627957931,0.008589914,0.032476349,"yes","up",NA,NA,"unannotated","unannotated","unannotated"
"AT3G48790",4.019461597,-0.560281203,0.215901384,-2.595079254,0.009456911,0.035046025,"yes","down",NA,NA,"unannotated","unannotated","unannotated"
"AT3G48820",217.5629798,-0.110657551,0.043053966,-2.570205731,0.010163814,0.037099965,"yes","down",NA,NA,"unannotated","unannotated","unannotated"
"AT3G49120",1733.460478,0.433234496,0.070645885,6.132480256,8.65e-10,3.82e-08,"yes","up",NA,NA,"unannotated","unannotated","unannotated"
"AT3G50330",2.26314796,0.753860818,0.292114718,2.580701253,0.009859987,0.036220892,"yes","up",NA,NA,"unannotated","unannotated","unannotated"
"AT3G50390",5.245058656,0.955177924,0.238241458,4.009285078,6.09e-05,0.000565667,"yes","up",NA,NA,"unannotated","unannotated","unannotated"
"AT3G50800",38.2767287,0.980841233,0.199575783,4.914630505,8.9e-07,1.58e-05,"yes","up",NA,NA,"unannotated","unannotated","unannotated"
"AT3G51060",36.03692012,-0.205792079,0.078077391,-2.635744824,0.008395284,0.031914534,"yes","down",NA,NA,"unannotated","unannotated","unannotated"
"AT3G51080",108.7719966,-0.287406671,0.072512421,-3.963550903,7.38e-05,0.000660609,"yes","down",NA,NA,"unannotated","unannotated","unannotated"
"AT3G51230",54.4955603,-1.178252526,0.250812521,-4.69774205,2.63e-06,3.95e-05,"yes","down",NA,NA,"unannotated","unannotated","unannotated"
"AT3G51350",139.8546961,-0.23206598,0.06795585,-3.414952205,0.000637932,0.003939736,"yes","down",NA,NA,"unannotated","unannotated","unannotated"
"AT3G51380",16.82370385,-0.423192486,0.132351921,-3.197478979,0.001386345,0.007528292,"yes","down",NA,NA,"unannotated","unannotated","unannotated"
"AT3G51930",72.01288038,-0.991675838,0.176742576,-5.610848602,2.01e-08,6.13e-07,"yes","down",NA,NA,"unannotated","unannotated","unannotated"
"AT3G52100",207.1929245,-0.179656405,0.047439436,-3.787068756,0.000152435,0.00120782,"yes","down",NA,NA,"unannotated","unannotated","unannotated"
"AT3G52115",253.0408837,2.179194988,0.250531448,8.698289204,3.37e-18,9.34e-16,"yes","up",NA,NA,"unannotated","unannotated","unannotated"
"AT3G52520",48.37600149,0.805794294,0.19837102,4.062056507,4.86e-05,0.000466621,"yes","up",NA,NA,"unannotated","unannotated","unannotated"
"AT3G52525",27.05666943,-0.469649683,0.120803253,-3.887723823,0.000101189,0.000858046,"yes","down",NA,NA,"unannotated","unannotated","unannotated"
"AT3G52561",10.71240714,-0.634272435,0.204866197,-3.096032645,0.001961288,0.00987261,"yes","down",NA,NA,"unannotated","unannotated","unannotated"
"AT3G52748",28.46034278,0.603663932,0.143818789,4.197392678,2.7e-05,0.000285035,"yes","up",NA,NA,"unannotated","unannotated","unannotated"
"AT3G52910",188.2932067,-0.465552665,0.107771718,-4.319803703,1.56e-05,0.000180105,"yes","down",NA,NA,"unannotated","unannotated","unannotated"
"AT3G53120",167.4774788,0.229253175,0.067269814,3.407965048,0.000654493,0.004016929,"yes","up",NA,NA,"unannotated","unannotated","unannotated"
"AT3G53232",3.919328887,1.127686316,0.272601505,4.136757477,3.52e-05,0.000355612,"yes","up",NA,NA,"unannotated","unannotated","unannotated"
"AT3G53490",62.95073058,0.15904429,0.059530338,2.671651074,0.007547909,0.029254662,"yes","up",NA,NA,"unannotated","unannotated","unannotated"
"AT3G53750",572.22015,-0.19417689,0.054975276,-3.53207665,0.00041231,0.002741715,"yes","down",NA,NA,"unannotated","unannotated","unannotated"
"AT3G53870",5178.102622,-0.125278624,0.037542635,-3.336969396,0.000846973,0.004976493,"yes","down",NA,NA,"unannotated","unannotated","unannotated"
"AT3G54020",133.145177,0.452514522,0.13041444,3.469819164,0.000520809,0.003321707,"yes","up",NA,NA,"unannotated","unannotated","unannotated"
"AT3G54625",69.69572963,-0.377938399,0.139474828,-2.709724789,0.006733906,0.026696663,"yes","down",NA,NA,"unannotated","unannotated","unannotated"
"AT3G54710",126.2422241,-0.669721067,0.098167064,-6.822258283,8.96e-12,6.63e-10,"yes","down",NA,NA,"unannotated","unannotated","unannotated"
"AT3G54730",3.465796573,-0.782232786,0.259392725,-3.015631172,0.00256445,0.012259537,"yes","down",NA,NA,"unannotated","unannotated","unannotated"
"AT3G54740",117.4367819,0.210894636,0.075334254,2.799452093,0.005118941,0.021482784,"yes","up",NA,NA,"unannotated","unannotated","unannotated"
"AT3G54760",1083.386068,-0.106693489,0.028183016,-3.785737066,0.000153254,0.001210673,"yes","down",NA,NA,"unannotated","unannotated","unannotated"
"AT3G54826",243.7784835,0.140837598,0.044258798,3.182137886,0.001461922,0.007825133,"yes","up",NA,NA,"unannotated","unannotated","unannotated"
"AT3G55230",300.6704333,-0.310570083,0.08381276,-3.705522696,0.000210955,0.001571697,"yes","down",NA,NA,"unannotated","unannotated","unannotated"
"AT3G55750",2460.506807,-0.310299959,0.053806657,-5.766943708,8.07e-09,2.79e-07,"yes","down",NA,NA,"unannotated","unannotated","unannotated"
"AT3G55880",131.0573818,0.494886749,0.102674849,4.819941328,1.44e-06,2.37e-05,"yes","up",NA,NA,"unannotated","unannotated","unannotated"
"AT3G56020",657.3695309,-0.195452546,0.063815005,-3.062799196,0.002192771,0.010818376,"yes","down",NA,NA,"unannotated","unannotated","unannotated"
"AT3G56210",294.7863565,0.10661309,0.037800105,2.820444284,0.00479572,0.020435558,"yes","up",NA,NA,"unannotated","unannotated","unannotated"
"AT3G56220",19.35331331,-0.728720224,0.131215268,-5.553623701,2.8e-08,8.19e-07,"yes","down",NA,NA,"unannotated","unannotated","unannotated"
"AT3G56408",387.2629226,0.249011101,0.09468986,2.629754649,0.008544651,0.032331149,"yes","up",NA,NA,"unannotated","unannotated","unannotated"
"AT3G56770",10.10749667,-0.35845179,0.12955231,-2.76684986,0.005660082,0.02321244,"yes","down",NA,NA,"unannotated","unannotated","unannotated"
"AT3G56891",5.699931758,0.651429054,0.205971942,3.162707736,0.001563092,0.008239437,"yes","up",NA,NA,"unannotated","unannotated","unannotated"
"AT3G56920",6.019454091,2.01495229,0.393822873,5.116392232,3.11e-07,6.42e-06,"yes","up",NA,NA,"unannotated","unannotated","unannotated"
"AT3G56970",222.1128287,0.906740708,0.265719629,3.412396414,0.000643944,0.003969651,"yes","up",NA,NA,"unannotated","unannotated","unannotated"
"AT3G57200",37.0235104,-0.319421915,0.10996862,-2.904664215,0.003676473,0.016454432,"yes","down",NA,NA,"unannotated","unannotated","unannotated"
"AT3G57400",603.2162568,0.233203977,0.086923386,2.682868062,0.007299378,0.028506998,"yes","up",NA,NA,"unannotated","unannotated","unannotated"
"AT3G57500",28.21008345,-0.914041369,0.190083739,-4.808624744,1.52e-06,2.48e-05,"yes","down",NA,NA,"unannotated","unannotated","unannotated"
"AT3G57640",20.80120026,0.817218209,0.169785712,4.813233111,1.49e-06,2.43e-05,"yes","up",NA,NA,"unannotated","unannotated","unannotated"
"AT3G57740",9.730920108,0.61659648,0.194359264,3.172457368,0.001511548,0.008039646,"yes","up",NA,NA,"unannotated","unannotated","unannotated"
"AT3G58030",597.4991436,0.069094737,0.026970745,2.561840166,0.010411922,0.037853215,"yes","up",NA,NA,"unannotated","unannotated","unannotated"
"AT3G58150",6.24029574,0.552280778,0.196534233,2.810099646,0.004952616,0.020945107,"yes","up",NA,NA,"unannotated","unannotated","unannotated"
"AT3G58270",240.7940409,3.663486694,0.299067368,12.24970387,1.69e-34,7.95e-31,"yes","up",NA,NA,"unannotated","unannotated","unannotated"
"AT3G58850",62.6502797,-0.239509251,0.068637867,-3.489462309,0.000483993,0.003136112,"yes","down",NA,NA,"unannotated","unannotated","unannotated"
"AT3G58875",16.48292332,-0.30910012,0.118172522,-2.61566831,0.008905302,0.033427497,"yes","down",NA,NA,"unannotated","unannotated","unannotated"
"AT3G58930",117.7391283,0.191223904,0.055286102,3.458806021,0.000542576,0.003438127,"yes","up",NA,NA,"unannotated","unannotated","unannotated"
"AT3G59150",73.38903826,0.17975369,0.054720917,3.284917355,0.001020123,0.005828249,"yes","up",NA,NA,"unannotated","unannotated","unannotated"
"AT3G59200",31.36797957,0.359992594,0.106947114,3.366080492,0.000762445,0.00456263,"yes","up",NA,NA,"unannotated","unannotated","unannotated"
"AT3G59210",279.2141389,0.144376445,0.056389406,2.560346985,0.01045677,0.037951877,"yes","up",NA,NA,"unannotated","unannotated","unannotated"
"AT3G59330",36.71071692,0.606611009,0.131532396,4.611875296,3.99e-06,5.67e-05,"yes","up",NA,NA,"unannotated","unannotated","unannotated"
"AT3G59450",3.976997598,0.796983639,0.206224903,3.864633356,0.000111256,0.000930015,"yes","up",NA,NA,"unannotated","unannotated","unannotated"
"AT3G59765",75.01168129,-0.771703314,0.190875864,-4.04295911,5.28e-05,0.000500081,"yes","down",NA,NA,"unannotated","unannotated","unannotated"
"AT3G59780",2929.719832,-0.197608651,0.047399555,-4.168998019,3.06e-05,0.000316175,"yes","down",NA,NA,"unannotated","unannotated","unannotated"
"AT3G59880",30.04378595,0.768110209,0.13432344,5.718363128,1.08e-08,3.57e-07,"yes","up",NA,NA,"unannotated","unannotated","unannotated"
"AT3G59890",262.0993213,-0.164922085,0.050825874,-3.24484505,0.001175145,0.006542679,"yes","down",NA,NA,"unannotated","unannotated","unannotated"
"AT3G60050",137.6362458,-0.144798327,0.055504467,-2.608768917,0.009086858,0.033946832,"yes","down",NA,NA,"unannotated","unannotated","unannotated"
"AT3G60415",122.2846181,2.755002378,0.294632793,9.350630487,8.71e-21,3.95e-18,"yes","up",NA,NA,"unannotated","unannotated","unannotated"
"AT3G60670",9.328783144,-0.508152211,0.19350316,-2.626066729,0.008637788,0.032638977,"yes","down",NA,NA,"unannotated","unannotated","unannotated"
"AT3G60870",11.01431344,-0.446953775,0.149568313,-2.988291872,0.002805415,0.013223765,"yes","down",NA,NA,"unannotated","unannotated","unannotated"
"AT3G60966",2.840004865,1.06543272,0.318482601,3.345340423,0.000821816,0.00485166,"yes","up",NA,NA,"unannotated","unannotated","unannotated"
"AT3G60970",1.888313459,1.063127202,0.316827447,3.355540092,0.000792102,0.004709764,"yes","up",NA,NA,"unannotated","unannotated","unannotated"
"AT3G61270",132.8157307,-0.23617138,0.08521249,-2.771558251,0.005578869,0.022959266,"yes","down",NA,NA,"unannotated","unannotated","unannotated"
"AT3G61280",10.32748789,0.970183273,0.258027886,3.759993888,0.000169918,0.00131405,"yes","up",NA,NA,"unannotated","unannotated","unannotated"
"AT3G61560",181.9443685,-0.195603801,0.067234087,-2.909295104,0.003622447,0.016271333,"yes","down",NA,NA,"unannotated","unannotated","unannotated"
"AT3G62210",22.94967633,0.320567683,0.129674236,2.472100021,0.013432193,0.046414114,"yes","up",NA,NA,"unannotated","unannotated","unannotated"
"AT3G62250",6281.623764,-0.234903139,0.04458366,-5.268816852,1.37e-07,3.21e-06,"yes","down",NA,NA,"unannotated","unannotated","unannotated"
"AT3G62530",3958.577276,-0.142835014,0.039922832,-3.577777581,0.000346528,0.002367055,"yes","down",NA,NA,"unannotated","unannotated","unannotated"
"AT3G62900",612.6215568,0.171541952,0.035996002,4.765583521,1.88e-06,2.98e-05,"yes","up",NA,NA,"unannotated","unannotated","unannotated"
"AT3G63030",115.2055082,0.23976364,0.072502987,3.306948469,0.000943182,0.005448086,"yes","up",NA,NA,"unannotated","unannotated","unannotated"
"AT3G63430",70.09740996,-0.510678541,0.123109367,-4.148169667,3.35e-05,0.000341711,"yes","down",NA,NA,"unannotated","unannotated","unannotated"
"AT3G63450",150.5529736,-0.355275687,0.075516498,-4.704610169,2.54e-06,3.85e-05,"yes","down",NA,NA,"unannotated","unannotated","unannotated"
"AT3G63540",2025.677541,-0.131449015,0.034892497,-3.767257368,0.000165051,0.001282381,"yes","down",NA,NA,"unannotated","unannotated","unannotated"
"AT3G66654",372.8998915,0.140333616,0.049973542,2.808158299,0.004982573,0.021045366,"yes","up",NA,NA,"unannotated","unannotated","unannotated"
"AT4G00070",16.5175366,-0.294046394,0.12019559,-2.4463992,0.014429114,0.049131518,"yes","down",NA,NA,"unannotated","unannotated","unannotated"
"AT4G00290",245.1793714,0.106876413,0.040632767,2.630301148,0.008530926,0.032289583,"yes","up",NA,NA,"unannotated","unannotated","unannotated"
"AT4G00305",6.622222211,1.320126219,0.247818309,5.326992278,9.99e-08,2.45e-06,"yes","up",NA,NA,"unannotated","unannotated","unannotated"
"AT4G01200",26.21112435,0.288334782,0.104774298,2.751961013,0.005923957,0.02405192,"yes","up",NA,NA,"unannotated","unannotated","unannotated"
"AT4G01230",4.955128435,0.496983478,0.181151314,2.743471564,0.006079331,0.024568503,"yes","up",NA,NA,"unannotated","unannotated","unannotated"
"AT4G01360",9.161875628,1.065385682,0.206316673,5.163837058,2.42e-07,5.18e-06,"yes","up",NA,NA,"unannotated","unannotated","unannotated"
"AT4G01540",118.7768417,0.63386657,0.104577543,6.061211152,1.35e-09,5.7e-08,"yes","up",NA,NA,"unannotated","unannotated","unannotated"
"AT4G01770",35.67585582,-0.276135486,0.112172405,-2.461706038,0.013827795,0.04750949,"yes","down",NA,NA,"unannotated","unannotated","unannotated"
"AT4G01895",13.20556381,0.66848395,0.16118937,4.147196241,3.37e-05,0.000342573,"yes","up",NA,NA,"unannotated","unannotated","unannotated"
"AT4G01935",134.8350527,-0.128023398,0.044814839,-2.856718908,0.004280447,0.018647751,"yes","down",NA,NA,"unannotated","unannotated","unannotated"
"AT4G02110",578.059427,1.637509635,0.218124806,7.507214154,6.04e-14,7.19e-12,"yes","up",NA,NA,"unannotated","unannotated","unannotated"
"AT4G02520",1768.221865,0.75954408,0.147625051,5.145089379,2.67e-07,5.62e-06,"yes","up",NA,NA,"unannotated","unannotated","unannotated"
"AT4G02740",182.8210621,0.144581452,0.057559139,2.511876555,0.012009109,0.042442387,"yes","up",NA,NA,"unannotated","unannotated","unannotated"
"AT4G02760",110.5858558,0.282983355,0.073183999,3.866738051,0.000110301,0.000923666,"yes","up",NA,NA,"unannotated","unannotated","unannotated"
"AT4G03000",474.1948621,0.119294365,0.036130526,3.3017611,0.000960799,0.005533571,"yes","up",NA,NA,"unannotated","unannotated","unannotated"
"AT4G03130",17.87411726,0.394502933,0.103977237,3.794127858,0.000148163,0.001179154,"yes","up",NA,NA,"unannotated","unannotated","unannotated"
"AT4G03292",13.93207583,-0.47139181,0.167463695,-2.814889574,0.0048794,0.020684639,"yes","down",NA,NA,"unannotated","unannotated","unannotated"
"AT4G03415",435.548778,0.148518957,0.044626266,3.328061509,0.000874526,0.005105297,"yes","up",NA,NA,"unannotated","unannotated","unannotated"
"AT4G03420",177.3763135,0.174069269,0.070635657,2.464325771,0.013727128,0.047260055,"yes","up",NA,NA,"unannotated","unannotated","unannotated"
"AT4G03585",639.5513006,-0.142349024,0.054996658,-2.588321338,0.009644496,0.035573418,"yes","down",NA,NA,"unannotated","unannotated","unannotated"
"AT4G03965",11.84199256,-0.356670687,0.141205507,-2.525897848,0.011540303,0.041087383,"yes","down",NA,NA,"unannotated","unannotated","unannotated"
"AT4G04075",5.179814738,0.937406719,0.304820261,3.075276935,0.002103072,0.010470055,"yes","up",NA,NA,"unannotated","unannotated","unannotated"
"AT4G04221",64.68316975,0.39494353,0.149189731,2.647256796,0.008114771,0.031068619,"yes","up",NA,NA,"unannotated","unannotated","unannotated"
"AT4G04360",23.88494542,-0.251740656,0.090807561,-2.772243327,0.00556714,0.022927009,"yes","down",NA,NA,"unannotated","unannotated","unannotated"
"AT4G04570",620.1141941,0.382089048,0.120146289,3.180198509,0.001471742,0.007865195,"yes","up",NA,NA,"unannotated","unannotated","unannotated"
"AT4G05380",34.38171889,3.856129835,0.388967451,9.913759694,3.63e-23,2.44e-20,"yes","up",NA,NA,"unannotated","unannotated","unannotated"
"AT4G07855",469.8455142,0.160950615,0.051911959,3.100453507,0.001932245,0.009761856,"yes","up",NA,NA,"unannotated","unannotated","unannotated"
"AT4G08230",138.8724138,0.253696074,0.055845165,4.542847623,5.55e-06,7.5e-05,"yes","up",NA,NA,"unannotated","unannotated","unannotated"
"AT4G08245",2.75333507,0.935381638,0.252483204,3.704728177,0.000211618,0.001576133,"yes","up",NA,NA,"unannotated","unannotated","unannotated"
"AT4G08510",195.9026758,0.284436572,0.072054584,3.947515283,7.9e-05,0.000697182,"yes","up",NA,NA,"unannotated","unannotated","unannotated"
"AT4G08555",74.2362818,1.024755529,0.149263535,6.865411104,6.63e-12,5.16e-10,"yes","up",NA,NA,"unannotated","unannotated","unannotated"
"AT4G08785",36.46744925,-0.2650202,0.097520013,-2.717598092,0.006575766,0.0261577,"yes","down",NA,NA,"unannotated","unannotated","unannotated"
"AT4G08985",2.414125821,1.247638442,0.384680839,3.243307997,0.001181504,0.006571873,"yes","up",NA,NA,"unannotated","unannotated","unannotated"
"AT4G09040",1373.644765,-0.134283791,0.048452946,-2.771426754,0.005581123,0.022964532,"yes","down",NA,NA,"unannotated","unannotated","unannotated"
"AT4G09060",61.49833903,-0.705917158,0.19415206,-3.635898378,0.000277014,0.001965104,"yes","down",NA,NA,"unannotated","unannotated","unannotated"
"AT4G09160",388.3635504,-0.468404651,0.078467486,-5.969410703,2.38e-09,9.47e-08,"yes","down",NA,NA,"unannotated","unannotated","unannotated"
"AT4G09200",287.6477311,0.302803951,0.061801642,4.899610142,9.6e-07,1.67e-05,"yes","up",NA,NA,"unannotated","unannotated","unannotated"
"AT4G09240",3.055872602,-0.658200443,0.241561656,-2.724772025,0.00643459,0.025678448,"yes","down",NA,NA,"unannotated","unannotated","unannotated"
"AT4G09310",287.6477311,0.302803951,0.061801642,4.899610142,9.6e-07,1.67e-05,"yes","up",NA,NA,"unannotated","unannotated","unannotated"
"AT4G10590",335.4913814,0.185425427,0.052976093,3.500171795,0.000464958,0.00303194,"yes","up",NA,NA,"unannotated","unannotated","unannotated"
"AT4G10630",58.94407753,-0.659987837,0.153670306,-4.294829971,1.75e-05,0.000198115,"yes","down",NA,NA,"unannotated","unannotated","unannotated"
"AT4G11393",7.633420523,-1.505133126,0.267858202,-5.619141442,1.92e-08,5.87e-07,"yes","down",NA,NA,"unannotated","unannotated","unannotated"
"AT4G11521",23.55015786,0.993015531,0.159397226,6.229816884,4.67e-10,2.26e-08,"yes","up",NA,NA,"unannotated","unannotated","unannotated"
"AT4G11990",41.34771839,-0.343145405,0.108393384,-3.165741225,0.001546883,0.008183277,"yes","down",NA,NA,"unannotated","unannotated","unannotated"
"AT4G12050",97.65441529,-0.30841325,0.077515228,-3.978743994,6.93e-05,0.000629343,"yes","down",NA,NA,"unannotated","unannotated","unannotated"
"AT4G12290",201.479201,0.651504505,0.162975383,3.997563875,6.4e-05,0.000588385,"yes","up",NA,NA,"unannotated","unannotated","unannotated"
"AT4G12520",678.0942286,-0.385488359,0.117709156,-3.274922456,0.00105691,0.006002056,"yes","down",NA,NA,"unannotated","unannotated","unannotated"
"AT4G12545",131.2687064,-0.353442815,0.099119432,-3.565827685,0.00036271,0.00245412,"yes","down",NA,NA,"unannotated","unannotated","unannotated"
"AT4G12610",534.3893446,0.152528895,0.036775576,4.147559685,3.36e-05,0.000342451,"yes","up",NA,NA,"unannotated","unannotated","unannotated"
"AT4G12710",113.4085057,0.224046213,0.082322065,2.721581541,0.006497035,0.025883829,"yes","up",NA,NA,"unannotated","unannotated","unannotated"
"AT4G12735",4.151705495,0.818079193,0.256344022,3.191333224,0.001416178,0.007634021,"yes","up",NA,NA,"unannotated","unannotated","unannotated"
"AT4G12780",680.6634791,0.094756618,0.037452967,2.530016326,0.011405722,0.040681961,"yes","up",NA,NA,"unannotated","unannotated","unannotated"
"AT4G13110",49.97328049,0.328691064,0.114355668,2.87428748,0.004049402,0.017809058,"yes","up",NA,NA,"unannotated","unannotated","unannotated"
"AT4G13370",281.5576568,0.69177321,0.204888601,3.376338192,0.000734576,0.004419641,"yes","up",NA,NA,"unannotated","unannotated","unannotated"
"AT4G13395",14.56865413,2.441066899,0.38845308,6.284071425,3.3e-10,1.66e-08,"yes","up",NA,NA,"unannotated","unannotated","unannotated"
"AT4G13620",67.92773189,-0.245928946,0.095962053,-2.562772874,0.010383995,0.037770439,"yes","down",NA,NA,"unannotated","unannotated","unannotated"
"AT4G13918",61.123123,0.3870649,0.096478654,4.011922687,6.02e-05,0.000560487,"yes","up",NA,NA,"unannotated","unannotated","unannotated"
"AT4G14370",53.21647832,1.345095413,0.193558407,6.949299861,3.67e-12,3.05e-10,"yes","up",NA,NA,"unannotated","unannotated","unannotated"
"AT4G14450",5.49091547,1.609022638,0.334069687,4.816428129,1.46e-06,2.4e-05,"yes","up",NA,NA,"unannotated","unannotated","unannotated"
"AT4G14455",167.6314795,0.127777746,0.046243102,2.763174168,0.005724221,0.023422508,"yes","up",NA,NA,"unannotated","unannotated","unannotated"
"AT4G14700",26.91723235,-0.463911865,0.111183963,-4.172471037,3.01e-05,0.000312351,"yes","down",NA,NA,"unannotated","unannotated","unannotated"
"AT4G14716",649.5780673,0.139974138,0.039426422,3.550262223,0.000384848,0.002585356,"yes","up",NA,NA,"unannotated","unannotated","unannotated"
"AT4G14740",232.0088052,-0.173407241,0.068503189,-2.53137472,0.01136164,0.040558589,"yes","down",NA,NA,"unannotated","unannotated","unannotated"
"AT4G14860",11.85286385,-0.417586391,0.131841193,-3.16734385,0.001538383,0.008162121,"yes","down",NA,NA,"unannotated","unannotated","unannotated"
"AT4G15080",589.7715229,-0.107195343,0.026886359,-3.986978814,6.69e-05,0.00061191,"yes","down",NA,NA,"unannotated","unannotated","unannotated"
"AT4G15160",643.9686108,-0.279933993,0.091809809,-3.049064096,0.002295555,0.011217479,"yes","down",NA,NA,"unannotated","unannotated","unannotated"
"AT4G15165",23.54238304,0.510022901,0.119963249,4.251492894,2.12e-05,0.000232825,"yes","up",NA,NA,"unannotated","unannotated","unannotated"
"AT4G15236",13.50780945,0.718659744,0.228893829,3.13970782,0.001691164,0.008773285,"yes","up",NA,NA,"unannotated","unannotated","unannotated"
"AT4G15393",102.5858547,0.459857816,0.187742542,2.449406568,0.014309183,0.04879363,"yes","up",NA,NA,"unannotated","unannotated","unannotated"
"AT4G15396",22.80961431,0.442537821,0.163991587,2.698539782,0.006964441,0.027403877,"yes","up",NA,NA,"unannotated","unannotated","unannotated"
"AT4G15760",549.3081769,0.320496967,0.112361371,2.852376793,0.004339363,0.018862586,"yes","up",NA,NA,"unannotated","unannotated","unannotated"
"AT4G15802",718.2358238,-0.098296652,0.035475698,-2.770816609,0.005591591,0.022999577,"yes","down",NA,NA,"unannotated","unannotated","unannotated"
"AT4G15950",77.38878416,-0.179312591,0.063856791,-2.808042646,0.004984363,0.021047285,"yes","down",NA,NA,"unannotated","unannotated","unannotated"
"AT4G15960",80.48851189,-0.234053518,0.066851759,-3.501082447,0.000463372,0.003024108,"yes","down",NA,NA,"unannotated","unannotated","unannotated"
"AT4G15975",28.65117579,1.370090775,0.230683317,5.939271179,2.86e-09,1.1e-07,"yes","up",NA,NA,"unannotated","unannotated","unannotated"
"AT4G16015",13.94094241,0.338224007,0.124873964,2.708523028,0.006758342,0.02677103,"yes","up",NA,NA,"unannotated","unannotated","unannotated"
"AT4G16141",429.6868209,-0.267456578,0.075509039,-3.542047166,0.000397034,0.002654366,"yes","down",NA,NA,"unannotated","unannotated","unannotated"
"AT4G16144",208.5352354,0.119210746,0.046174597,2.581738757,0.009830397,0.036123452,"yes","up",NA,NA,"unannotated","unannotated","unannotated"
"AT4G16150",747.6306356,0.166618636,0.043167505,3.859816248,0.000113472,0.000942192,"yes","up",NA,NA,"unannotated","unannotated","unannotated"
"AT4G16233",5.933043398,-0.476483951,0.185250864,-2.572101105,0.010108337,0.036937501,"yes","down",NA,NA,"unannotated","unannotated","unannotated"
"AT4G16765",132.2231063,0.18045884,0.065534312,2.75365429,0.005893398,0.023956731,"yes","up",NA,NA,"unannotated","unannotated","unannotated"
"AT4G16807",42.60171917,-0.232913158,0.092703691,-2.512447514,0.011989694,0.042405559,"yes","down",NA,NA,"unannotated","unannotated","unannotated"
"AT4G16957",70.8906365,0.389810623,0.098634447,3.952073905,7.75e-05,0.00068686,"yes","up",NA,NA,"unannotated","unannotated","unannotated"
"AT4G16960",94.51140696,0.502303011,0.097563784,5.14845765,2.63e-07,5.54e-06,"yes","up",NA,NA,"unannotated","unannotated","unannotated"
"AT4G17098",113.3881779,-0.319222175,0.110603096,-2.886195663,0.003899297,0.017268104,"yes","down",NA,NA,"unannotated","unannotated","unannotated"
"AT4G17440",36.58356736,0.292819981,0.073623361,3.977269942,6.97e-05,0.000631795,"yes","up",NA,NA,"unannotated","unannotated","unannotated"
"AT4G17900",438.7753369,0.474542178,0.121749688,3.897687002,9.71e-05,0.000828649,"yes","up",NA,NA,"unannotated","unannotated","unannotated"
"AT4G18195",10.51540019,1.422026975,0.291388465,4.880175941,1.06e-06,1.82e-05,"yes","up",NA,NA,"unannotated","unannotated","unannotated"
"AT4G18197",158.3011792,0.86963747,0.20342538,4.27497036,1.91e-05,0.000212761,"yes","up",NA,NA,"unannotated","unannotated","unannotated"
"AT4G18203",4.368243393,1.204926329,0.347999859,3.462433381,0.000535314,0.003401339,"yes","up",NA,NA,"unannotated","unannotated","unannotated"
"AT4G18205",308.504536,0.902876198,0.226128909,3.99274998,6.53e-05,0.000599061,"yes","up",NA,NA,"unannotated","unannotated","unannotated"
"AT4G18253",58.93418444,1.952197966,0.250170696,7.803463779,6.02e-15,8.93e-13,"yes","up",NA,NA,"unannotated","unannotated","unannotated"
"AT4G18380",214.5495348,-0.141965349,0.037636621,-3.772000377,0.000161944,0.001265332,"yes","down",NA,NA,"unannotated","unannotated","unannotated"
"AT4G18501",15.47562692,-0.919246705,0.147026135,-6.252267348,4.05e-10,1.98e-08,"yes","down",NA,NA,"unannotated","unannotated","unannotated"
"AT4G19006",618.4791905,0.137334638,0.053246497,2.579223902,0.009902258,0.036353517,"yes","up",NA,NA,"unannotated","unannotated","unannotated"
"AT4G19020",437.6176174,-0.217643806,0.05301885,-4.105026951,4.04e-05,0.000398967,"yes","down",NA,NA,"unannotated","unannotated","unannotated"
"AT4G19990",148.1138732,0.176509199,0.055785454,3.164072125,0.001555782,0.008211925,"yes","up",NA,NA,"unannotated","unannotated","unannotated"
"AT4G20325",87.66679311,-0.361154132,0.093819493,-3.849457293,0.00011838,0.000978381,"yes","down",NA,NA,"unannotated","unannotated","unannotated"
"AT4G20720",250.3193124,0.181524893,0.057598264,3.151568836,0.001623959,0.008493512,"yes","up",NA,NA,"unannotated","unannotated","unannotated"
"AT4G20940",339.7761341,-0.254190258,0.076236202,-3.334246069,0.00085531,0.005019221,"yes","down",NA,NA,"unannotated","unannotated","unannotated"
"AT4G20970",3.068716719,-0.640970852,0.25608765,-2.502935429,0.012316801,0.043270336,"yes","down",NA,NA,"unannotated","unannotated","unannotated"
"AT4G21215",148.2282444,0.302043089,0.103197188,2.926853867,0.003424097,0.015549267,"yes","up",NA,NA,"unannotated","unannotated","unannotated"
"AT4G21445",215.7447784,-0.232312848,0.083677022,-2.776303957,0.005498078,0.022703532,"yes","down",NA,NA,"unannotated","unannotated","unannotated"
"AT4G21534",119.2229716,0.297844604,0.089689302,3.320848733,0.000897442,0.005216927,"yes","up",NA,NA,"unannotated","unannotated","unannotated"
"AT4G21570",761.8055738,0.176920082,0.038235015,4.627174373,3.71e-06,5.34e-05,"yes","up",NA,NA,"unannotated","unannotated","unannotated"
"AT4G21770",522.9868381,-0.172049448,0.052933606,-3.250287687,0.001152883,0.006438502,"yes","down",NA,NA,"unannotated","unannotated","unannotated"
"AT4G21840",7.863194757,1.95846997,0.342918738,5.711178056,1.12e-08,3.71e-07,"yes","up",NA,NA,"unannotated","unannotated","unannotated"
"AT4G21920",4.561050537,0.641851278,0.217071652,2.956863648,0.003107855,0.014379091,"yes","up",NA,NA,"unannotated","unannotated","unannotated"
"AT4G22217",6.033620459,-0.538174836,0.207625023,-2.592051909,0.009540538,0.03528936,"yes","down",NA,NA,"unannotated","unannotated","unannotated"
"AT4G22230",18.65437038,-0.472197869,0.131356991,-3.594767695,0.000324681,0.002245807,"yes","down",NA,NA,"unannotated","unannotated","unannotated"
"AT4G22235",35.02530096,-0.531872345,0.130095173,-4.088332666,4.34e-05,0.000424104,"yes","down",NA,NA,"unannotated","unannotated","unannotated"
"AT4G22240",1767.225342,0.225700858,0.073753902,3.060188689,0.002211976,0.010897159,"yes","up",NA,NA,"unannotated","unannotated","unannotated"
"AT4G22305",49.37438677,0.555256921,0.131435399,4.224561451,2.39e-05,0.000258285,"yes","up",NA,NA,"unannotated","unannotated","unannotated"
"AT4G22550",94.44164222,-0.156468549,0.057388585,-2.726475106,0.006401478,0.025559289,"yes","down",NA,NA,"unannotated","unannotated","unannotated"
"AT4G22666",143.2641693,-0.539609942,0.119042297,-4.532926167,5.82e-06,7.8e-05,"yes","down",NA,NA,"unannotated","unannotated","unannotated"
"AT4G22710",214.7696465,2.169630009,0.391378303,5.543562316,2.96e-08,8.58e-07,"yes","up",NA,NA,"unannotated","unannotated","unannotated"
"AT4G22810",133.3147073,-0.324731245,0.087086803,-3.728822661,0.000192376,0.001452559,"yes","down",NA,NA,"unannotated","unannotated","unannotated"
"AT4G22860",97.63874469,-0.641242658,0.188728058,-3.397707071,0.000679531,0.004147746,"yes","down",NA,NA,"unannotated","unannotated","unannotated"
"AT4G22900",22.55313327,0.259886671,0.098965237,2.626039991,0.008638467,0.032638977,"yes","up",NA,NA,"unannotated","unannotated","unannotated"
"AT4G23160",7.099913673,1.989116393,0.356364103,5.581696861,2.38e-08,7.1e-07,"yes","up",NA,NA,"unannotated","unannotated","unannotated"
"AT4G23170",94.67943528,1.273526608,0.17537887,7.261573817,3.83e-13,3.9e-11,"yes","up",NA,NA,"unannotated","unannotated","unannotated"
"AT4G23230",6.792091247,1.397122621,0.285615528,4.89161997,1e-06,1.73e-05,"yes","up",NA,NA,"unannotated","unannotated","unannotated"
"AT4G23430",519.1780961,-0.112150192,0.036912473,-3.0382736,0.002379378,0.01154555,"yes","down",NA,NA,"unannotated","unannotated","unannotated"
"AT4G23500",308.6599921,0.214738538,0.072849808,2.947688454,0.003201595,0.014731839,"yes","up",NA,NA,"unannotated","unannotated","unannotated"
"AT4G23530",212.8861413,0.17535323,0.064486812,2.719210712,0.006543791,0.026043635,"yes","up",NA,NA,"unannotated","unannotated","unannotated"
"AT4G23770",66.40626921,0.363490278,0.104226396,3.487506933,0.000487546,0.003157398,"yes","up",NA,NA,"unannotated","unannotated","unannotated"
"AT4G23900",127.3410675,0.283091846,0.097677131,2.898240793,0.003752624,0.016734884,"yes","up",NA,NA,"unannotated","unannotated","unannotated"
"AT4G24265",33.54433065,-0.835298991,0.222644744,-3.751712157,0.000175631,0.001351665,"yes","down",NA,NA,"unannotated","unannotated","unannotated"
"AT4G24420",4.397890162,0.71379045,0.200931416,3.552408404,0.000381722,0.002568017,"yes","up",NA,NA,"unannotated","unannotated","unannotated"
"AT4G24590",191.2873359,0.598383232,0.108112766,5.534806407,3.12e-08,8.96e-07,"yes","up",NA,NA,"unannotated","unannotated","unannotated"
"AT4G24615",16.34049671,0.47281008,0.180859437,2.614240581,0.008942604,0.033540813,"yes","up",NA,NA,"unannotated","unannotated","unannotated"
"AT4G25860",6.852885836,-0.558573778,0.22379265,-2.495943359,0.012562266,0.043985046,"yes","down",NA,NA,"unannotated","unannotated","unannotated"
"AT4G25885",10.44497618,0.510114849,0.135392757,3.767667197,0.00016478,0.001281073,"yes","up",NA,NA,"unannotated","unannotated","unannotated"
"AT4G26095",121.7901644,0.797522545,0.132735674,6.008351171,1.87e-09,7.64e-08,"yes","up",NA,NA,"unannotated","unannotated","unannotated"
"AT4G26965",107.326008,-0.123737203,0.043475683,-2.846124457,0.004425489,0.019131132,"yes","down",NA,NA,"unannotated","unannotated","unannotated"
"AT4G26990",67.57959456,0.244795192,0.079920399,3.062987592,0.002191391,0.010813831,"yes","up",NA,NA,"unannotated","unannotated","unannotated"
"AT4G27570",14.61735846,-0.667659493,0.215321088,-3.10076222,0.001930232,0.009753871,"yes","down",NA,NA,"unannotated","unannotated","unannotated"
"AT4G27595",360.7185808,0.203398311,0.078989349,2.575009346,0.010023738,0.036691204,"yes","up",NA,NA,"unannotated","unannotated","unannotated"
"AT4G28162",28.94583685,0.322920725,0.101181287,3.1915064,0.00141533,0.007631191,"yes","up",NA,NA,"unannotated","unannotated","unannotated"
"AT4G28790",10.52769717,-0.51616018,0.161816333,-3.189790359,0.00142376,0.007657381,"yes","down",NA,NA,"unannotated","unannotated","unannotated"
"AT4G29150",44.50246739,-0.418021945,0.108802437,-3.842027406,0.000122022,0.001002939,"yes","down",NA,NA,"unannotated","unannotated","unannotated"
"AT4G29310",290.9655237,-0.506044617,0.141865781,-3.567066098,0.000361,0.002445363,"yes","down",NA,NA,"unannotated","unannotated","unannotated"
"AT4G29730",111.1336225,-0.176059231,0.066359947,-2.653094791,0.007975747,0.030640854,"yes","down",NA,NA,"unannotated","unannotated","unannotated"
"AT4G29905",722.3944993,-0.41401876,0.118882219,-3.48259616,0.000496577,0.00319963,"yes","down",NA,NA,"unannotated","unannotated","unannotated"
"AT4G30100",1141.803784,0.104543901,0.032294951,3.237159268,0.00120726,0.006691476,"yes","up",NA,NA,"unannotated","unannotated","unannotated"
"AT4G30250",76.73647319,-0.472469264,0.157385397,-3.00198921,0.002682217,0.012747745,"yes","down",NA,NA,"unannotated","unannotated","unannotated"
"AT4G30260",440.0486476,0.091791032,0.032917625,2.788507169,0.005295158,0.022053489,"yes","up",NA,NA,"unannotated","unannotated","unannotated"
"AT4G30370",22.26282744,0.522210407,0.166267267,3.140789019,0.001684934,0.00875445,"yes","up",NA,NA,"unannotated","unannotated","unannotated"
"AT4G30510",137.5592151,0.246327893,0.078711872,3.129488432,0.00175111,0.009004997,"yes","up",NA,NA,"unannotated","unannotated","unannotated"
"AT4G30850",299.0819418,0.178021982,0.071682064,2.483494071,0.01301005,0.045207239,"yes","up",NA,NA,"unannotated","unannotated","unannotated"
"AT4G30920",1674.128429,0.13183785,0.027481857,4.797268546,1.61e-06,2.6e-05,"yes","up",NA,NA,"unannotated","unannotated","unannotated"
"AT4G31010",148.67129,0.177904231,0.054047345,3.291636803,0.000996062,0.005712934,"yes","up",NA,NA,"unannotated","unannotated","unannotated"
"AT4G31640",2.400160584,-0.765520729,0.276027082,-2.7733537,0.005548178,0.022872893,"yes","down",NA,NA,"unannotated","unannotated","unannotated"
"AT4G32000",57.79720933,-0.247089336,0.074587344,-3.312751488,0.00092383,0.005354672,"yes","down",NA,NA,"unannotated","unannotated","unannotated"
"AT4G32510",11.10712905,0.715463864,0.143585846,4.982830015,6.27e-07,1.17e-05,"yes","up",NA,NA,"unannotated","unannotated","unannotated"
"AT4G32610",619.8062302,-0.078188576,0.028095948,-2.782912901,0.005387327,0.022313594,"yes","down",NA,NA,"unannotated","unannotated","unannotated"
"AT4G32670",184.0040013,0.340895684,0.045681514,7.462442766,8.49e-14,9.91e-12,"yes","up",NA,NA,"unannotated","unannotated","unannotated"
"AT4G33060",314.5611723,0.130296215,0.037699764,3.456154676,0.000547941,0.003464659,"yes","up",NA,NA,"unannotated","unannotated","unannotated"
"AT4G33270",633.0462588,-0.88975617,0.236313428,-3.765152821,0.000166447,0.001290254,"yes","down",NA,NA,"unannotated","unannotated","unannotated"
"AT4G33565",205.2480287,0.2440864,0.071352861,3.420835483,0.000624291,0.003868667,"yes","up",NA,NA,"unannotated","unannotated","unannotated"
"AT4G33620",124.5948242,0.352483158,0.080940646,4.354835009,1.33e-05,0.000157036,"yes","up",NA,NA,"unannotated","unannotated","unannotated"
"AT4G33625",472.9349088,-0.153400771,0.052585455,-2.917171128,0.003532219,0.015941988,"yes","down",NA,NA,"unannotated","unannotated","unannotated"
"AT4G33880",36.63503135,-0.465222577,0.128309285,-3.625790429,0.000288079,0.00203259,"yes","down",NA,NA,"unannotated","unannotated","unannotated"
"AT4G34135",775.3699961,0.728825548,0.110621929,6.588436428,4.44e-11,2.84e-09,"yes","up",NA,NA,"unannotated","unannotated","unannotated"
"AT4G34420",27.03189785,-0.297883945,0.0953212,-3.125054518,0.001777721,0.009125919,"yes","down",NA,NA,"unannotated","unannotated","unannotated"
"AT4G34800",20.93051064,-0.423880714,0.131924689,-3.213050705,0.001313331,0.007188101,"yes","down",NA,NA,"unannotated","unannotated","unannotated"
"AT4G35080",595.7963701,-0.167343597,0.042571078,-3.930922248,8.46e-05,0.000739897,"yes","down",NA,NA,"unannotated","unannotated","unannotated"
"AT4G35100",5671.193879,-0.610864386,0.128148176,-4.766859792,1.87e-06,2.97e-05,"yes","down",NA,NA,"unannotated","unannotated","unannotated"
"AT4G35140",147.1719322,0.204174875,0.04520352,4.516791507,6.28e-06,8.33e-05,"yes","up",NA,NA,"unannotated","unannotated","unannotated"
"AT4G35390",33.37642961,-0.501838848,0.111119117,-4.516224226,6.3e-06,8.34e-05,"yes","down",NA,NA,"unannotated","unannotated","unannotated"
"AT4G35460",439.3359764,-0.127049743,0.03638086,-3.492213868,0.000479035,0.003108252,"yes","down",NA,NA,"unannotated","unannotated","unannotated"
"AT4G36032",89.82118712,0.693581252,0.175688866,3.947781481,7.89e-05,0.000696669,"yes","up",NA,NA,"unannotated","unannotated","unannotated"
"AT4G36060",26.58414551,-0.342772792,0.122312201,-2.802441541,0.005071741,0.021349311,"yes","down",NA,NA,"unannotated","unannotated","unannotated"
"AT4G36090",190.3065302,0.318036756,0.070435483,4.515291751,6.32e-06,8.36e-05,"yes","up",NA,NA,"unannotated","unannotated","unannotated"
"AT4G36130",2851.064916,-0.305514851,0.05625508,-5.430884624,5.61e-08,1.5e-06,"yes","down",NA,NA,"unannotated","unannotated","unannotated"
"AT4G36648",881.0015284,0.209133194,0.079298542,2.637289271,0.008357153,0.031808298,"yes","up",NA,NA,"unannotated","unannotated","unannotated"
"AT4G36795",1.825088722,0.783572812,0.306032683,2.560421992,0.010454513,0.037951877,"yes","up",NA,NA,"unannotated","unannotated","unannotated"
"AT4G36945",128.6845627,0.248049088,0.057362934,4.324205032,1.53e-05,0.000177251,"yes","up",NA,NA,"unannotated","unannotated","unannotated"
"AT4G36990",740.7601883,0.174508982,0.047281288,3.690867776,0.00022349,0.001646355,"yes","up",NA,NA,"unannotated","unannotated","unannotated"
"AT4G37022",3.003206766,0.882150345,0.247811606,3.559762021,0.000371191,0.002502885,"yes","up",NA,NA,"unannotated","unannotated","unannotated"
"AT4G37030",98.76321088,2.996556434,0.325165719,9.215474641,3.1e-20,1.3e-17,"yes","up",NA,NA,"unannotated","unannotated","unannotated"
"AT4G37390",143.1285757,-0.479094522,0.093379675,-5.130608129,2.89e-07,6.01e-06,"yes","down",NA,NA,"unannotated","unannotated","unannotated"
"AT4G37420",16.30580841,2.908897599,0.379211701,7.670906756,1.71e-14,2.29e-12,"yes","up",NA,NA,"unannotated","unannotated","unannotated"
"AT4G37480",129.323671,-0.176868471,0.061936731,-2.85563135,0.004295135,0.018697918,"yes","down",NA,NA,"unannotated","unannotated","unannotated"
"AT4G37700",11.43044275,-0.449118904,0.17550918,-2.558948217,0.010498938,0.03807561,"yes","down",NA,NA,"unannotated","unannotated","unannotated"
"AT4G37810",47.69277043,0.733285314,0.160175295,4.578017564,4.69e-06,6.51e-05,"yes","up",NA,NA,"unannotated","unannotated","unannotated"
"AT4G38062",173.3819164,-1.033865976,0.221094087,-4.676135809,2.92e-06,4.33e-05,"yes","down",NA,NA,"unannotated","unannotated","unannotated"
"AT4G38545",92.82645157,0.464655488,0.098920851,4.69724517,2.64e-06,3.96e-05,"yes","up",NA,NA,"unannotated","unannotated","unannotated"
"AT4G38790",440.8925194,0.114195108,0.040542761,2.816658353,0.004852611,0.020614635,"yes","up",NA,NA,"unannotated","unannotated","unannotated"
"AT4G39580",19.95392618,1.452249818,0.217758598,6.669081407,2.57e-11,1.71e-09,"yes","up",NA,NA,"unannotated","unannotated","unannotated"
"AT4G39838",933.8402667,0.203760806,0.06416515,3.17556814,0.001495434,0.007968324,"yes","up",NA,NA,"unannotated","unannotated","unannotated"
"AT4G39925",8.682132132,0.517957076,0.158828165,3.261116044,0.001109746,0.006237493,"yes","up",NA,NA,"unannotated","unannotated","unannotated"
"AT4G39952",53.93575827,0.525716013,0.125857352,4.177078288,2.95e-05,0.00030731,"yes","up",NA,NA,"unannotated","unannotated","unannotated"
"AT5G00825",4.029323653,1.600498687,0.332303924,4.816370114,1.46e-06,2.4e-05,"yes","up",NA,NA,"unannotated","unannotated","unannotated"
"AT5G01017",9.839360218,-0.998337126,0.373167574,-2.675305132,0.007466126,0.029018796,"yes","down",NA,NA,"unannotated","unannotated","unannotated"
"AT5G01100",66.9943441,1.087868513,0.255230657,4.26229563,2.02e-05,0.00022351,"yes","up",NA,NA,"unannotated","unannotated","unannotated"
"AT5G01120",10.73958028,0.940965689,0.181157753,5.194178417,2.06e-07,4.51e-06,"yes","up",NA,NA,"unannotated","unannotated","unannotated"
"AT5G01170",178.5621077,-0.185121514,0.05745374,-3.222096853,0.001272561,0.007003989,"yes","down",NA,NA,"unannotated","unannotated","unannotated"
"AT5G01330",42.14703701,-0.416114036,0.105946251,-3.92759566,8.58e-05,0.000747707,"yes","down",NA,NA,"unannotated","unannotated","unannotated"
"AT5G01420",24.43565211,-1.231305018,0.216145656,-5.69664475,1.22e-08,3.99e-07,"yes","down",NA,NA,"unannotated","unannotated","unannotated"
"AT5G01542",38.15794591,1.104662868,0.255617532,4.321545791,1.55e-05,0.000178951,"yes","up",NA,NA,"unannotated","unannotated","unannotated"
"AT5G01640",25.93857479,0.374022827,0.123020984,3.040317293,0.00236329,0.011479465,"yes","up",NA,NA,"unannotated","unannotated","unannotated"
"AT5G01645",1.841897683,1.10510894,0.396709299,2.785689527,0.0053414,0.022202933,"yes","up",NA,NA,"unannotated","unannotated","unannotated"
"AT5G01732",70.58160775,0.594479206,0.110853117,5.362764905,8.2e-08,2.06e-06,"yes","up",NA,NA,"unannotated","unannotated","unannotated"
"AT5G01760",10.3593796,1.103985748,0.203859834,5.415415704,6.11e-08,1.61e-06,"yes","up",NA,NA,"unannotated","unannotated","unannotated"
"AT5G01815",13.44716523,1.436134902,0.465910312,3.082427807,0.002053195,0.010267283,"yes","up",NA,NA,"unannotated","unannotated","unannotated"
"AT5G02090",84.94392033,-0.371344752,0.127337109,-2.916233581,0.003542852,0.015977739,"yes","down",NA,NA,"unannotated","unannotated","unannotated"
"AT5G02515",46.09979285,-0.572182167,0.204110408,-2.803297358,0.005058301,0.021315572,"yes","down",NA,NA,"unannotated","unannotated","unannotated"
"AT5G02875",6.204936016,-0.448631364,0.161204134,-2.783001613,0.005385854,0.022313594,"yes","down",NA,NA,"unannotated","unannotated","unannotated"
"AT5G02960",5542.821455,-0.217296942,0.046001011,-4.723742742,2.32e-06,3.57e-05,"yes","down",NA,NA,"unannotated","unannotated","unannotated"
"AT5G03085",7.036405893,0.832263058,0.218893324,3.802139978,0.000143452,0.001148246,"yes","up",NA,NA,"unannotated","unannotated","unannotated"
"AT5G03406",65.15023902,0.35514394,0.105463067,3.367472135,0.000758607,0.004545859,"yes","up",NA,NA,"unannotated","unannotated","unannotated"
"AT5G03495",23.80255318,1.234541157,0.216645833,5.698430189,1.21e-08,3.96e-07,"yes","up",NA,NA,"unannotated","unannotated","unannotated"
"AT5G03553",14.22471966,-0.475504939,0.14953412,-3.179909312,0.001473211,0.007869593,"yes","down",NA,NA,"unannotated","unannotated","unannotated"
"AT5G03990",82.91003253,0.17739027,0.059414879,2.98562032,0.002830038,0.013321583,"yes","up",NA,NA,"unannotated","unannotated","unannotated"
"AT5G04175",15.68463754,1.133228694,0.213992596,5.295644404,1.19e-07,2.85e-06,"yes","up",NA,NA,"unannotated","unannotated","unannotated"
"AT5G04800",1941.275577,-0.193455196,0.045804404,-4.223506444,2.41e-05,0.000259142,"yes","down",NA,NA,"unannotated","unannotated","unannotated"
"AT5G04905",421.7822674,0.261495356,0.081640438,3.203012658,0.00135998,0.007400885,"yes","up",NA,NA,"unannotated","unannotated","unannotated"
"AT5G05360",242.2855188,-0.134029476,0.039912771,-3.358059905,0.000784916,0.004672431,"yes","down",NA,NA,"unannotated","unannotated","unannotated"
"AT5G05365",21.85011315,0.371384535,0.145145922,2.558697678,0.010506507,0.038097198,"yes","up",NA,NA,"unannotated","unannotated","unannotated"
"AT5G05765",1.690983888,0.981393054,0.324845476,3.02110735,0.002518521,0.012079163,"yes","up",NA,NA,"unannotated","unannotated","unannotated"
"AT5G05810",33.92623551,-0.59518686,0.098555431,-6.03910768,1.55e-09,6.43e-08,"yes","down",NA,NA,"unannotated","unannotated","unannotated"
"AT5G05830",135.885334,-0.142068235,0.055133472,-2.576805523,0.009971804,0.036551767,"yes","down",NA,NA,"unannotated","unannotated","unannotated"
"AT5G05995",3.908614107,1.4345733,0.330641469,4.338757942,1.43e-05,0.000167549,"yes","up",NA,NA,"unannotated","unannotated","unannotated"
"AT5G06150",379.0311393,-1.077548897,0.255778111,-4.212826868,2.52e-05,0.000269981,"yes","down",NA,NA,"unannotated","unannotated","unannotated"
"AT5G06390",939.1313583,-0.134993738,0.054520746,-2.476006782,0.013286105,0.046017244,"yes","down",NA,NA,"unannotated","unannotated","unannotated"
"AT5G06475",6.267011226,1.415800955,0.291491198,4.857096759,1.19e-06,2.01e-05,"yes","up",NA,NA,"unannotated","unannotated","unannotated"
"AT5G06845",5.520164625,0.642187803,0.216182448,2.970582529,0.002972355,0.013872053,"yes","up",NA,NA,"unannotated","unannotated","unannotated"
"AT5G07165",54.9842054,5.503561604,0.47551155,11.57398091,5.58e-31,1.65e-27,"yes","up",NA,NA,"unannotated","unannotated","unannotated"
"AT5G07275",4.291626263,-0.927106795,0.310027251,-2.990404206,0.002786085,0.013158963,"yes","down",NA,NA,"unannotated","unannotated","unannotated"
"AT5G07415",12.18490444,0.445203248,0.141308821,3.150569411,0.001629525,0.008513475,"yes","up",NA,NA,"unannotated","unannotated","unannotated"
"AT5G07600",2.665947057,1.768464331,0.383564521,4.610604567,4.01e-06,5.69e-05,"yes","up",NA,NA,"unannotated","unannotated","unannotated"
"AT5G07610",496.0364248,3.047661328,0.316824046,9.61941295,6.62e-22,3.55e-19,"yes","up",NA,NA,"unannotated","unannotated","unannotated"
"AT5G07670",215.6107336,-0.185359137,0.058768492,-3.154056393,0.00161018,0.008442341,"yes","down",NA,NA,"unannotated","unannotated","unannotated"
"AT5G07790",109.8335653,0.729921875,0.116372689,6.272278163,3.56e-10,1.76e-08,"yes","up",NA,NA,"unannotated","unannotated","unannotated"
"AT5G08275",41.85672637,1.185325919,0.389333094,3.044503376,0.002330648,0.011363055,"yes","up",NA,NA,"unannotated","unannotated","unannotated"
"AT5G08660",289.7935025,0.482350707,0.08211246,5.874269329,4.25e-09,1.58e-07,"yes","up",NA,NA,"unannotated","unannotated","unannotated"
"AT5G08760",39.76133209,1.266336889,0.21137936,5.990825648,2.09e-09,8.46e-08,"yes","up",NA,NA,"unannotated","unannotated","unannotated"
"AT5G08780",106.9764402,0.165112314,0.06269255,2.633683148,0.008446427,0.032083084,"yes","up",NA,NA,"unannotated","unannotated","unannotated"
"AT5G08790",608.6168845,0.939922302,0.112063787,8.387386568,4.97e-17,1.13e-14,"yes","up",NA,NA,"unannotated","unannotated","unannotated"
"AT5G09260",123.0702363,0.2288349,0.065674768,3.48436555,0.000493305,0.003183739,"yes","up",NA,NA,"unannotated","unannotated","unannotated"
"AT5G09315",77.21528285,-0.138047645,0.05546224,-2.489038386,0.012808914,0.044666349,"yes","down",NA,NA,"unannotated","unannotated","unannotated"
"AT5G09540",15.82213198,0.360238522,0.122597457,2.938384939,0.003299271,0.015122247,"yes","up",NA,NA,"unannotated","unannotated","unannotated"
"AT5G09585",5.027508615,-0.923423025,0.290566536,-3.178008852,0.001482902,0.007910366,"yes","down",NA,NA,"unannotated","unannotated","unannotated"
"AT5G09595",298.9588438,-0.307536291,0.115254152,-2.668331549,0.007622899,0.029496816,"yes","down",NA,NA,"unannotated","unannotated","unannotated"
"AT5G09680",179.5883713,0.164579554,0.051634506,3.187394751,0.001435607,0.007710541,"yes","up",NA,NA,"unannotated","unannotated","unannotated"
"AT5G09855",56.48959544,0.610226045,0.182499495,3.343713605,0.00082665,0.00487141,"yes","up",NA,NA,"unannotated","unannotated","unannotated"
"AT5G09876",2.596148522,1.269386594,0.318224923,3.988960327,6.64e-05,0.000607776,"yes","up",NA,NA,"unannotated","unannotated","unannotated"
"AT5G10080",91.41393936,-0.329024486,0.082950544,-3.966513926,7.29e-05,0.00065444,"yes","down",NA,NA,"unannotated","unannotated","unannotated"
"AT5G10110",151.4709466,0.269111473,0.055519468,4.847155138,1.25e-06,2.1e-05,"yes","up",NA,NA,"unannotated","unannotated","unannotated"
"AT5G10150",198.6301606,-0.398845615,0.107558615,-3.708169872,0.000208763,0.001560292,"yes","down",NA,NA,"unannotated","unannotated","unannotated"
"AT5G10370",191.9656086,0.183442758,0.055113172,3.32847394,0.000873232,0.005099007,"yes","up",NA,NA,"unannotated","unannotated","unannotated"
"AT5G10610",164.7958009,0.164563314,0.04909023,3.352262017,0.000801541,0.004753529,"yes","up",NA,NA,"unannotated","unannotated","unannotated"
"AT5G10965",48.70367833,-0.268373175,0.079542255,-3.373969896,0.000740925,0.004454429,"yes","down",NA,NA,"unannotated","unannotated","unannotated"
"AT5G11140",7.703586914,2.080078156,0.338344848,6.147805026,7.86e-10,3.54e-08,"yes","up",NA,NA,"unannotated","unannotated","unannotated"
"AT5G11200",1748.137069,-0.1367368,0.044171843,-3.095564756,0.001964385,0.009883979,"yes","down",NA,NA,"unannotated","unannotated","unannotated"
"AT5G12235",4.608744455,0.646485102,0.215373081,3.001698728,0.002684777,0.012749447,"yes","up",NA,NA,"unannotated","unannotated","unannotated"
"AT5G12320",177.066804,-0.146534939,0.048185672,-3.041047925,0.002357563,0.011463456,"yes","down",NA,NA,"unannotated","unannotated","unannotated"
"AT5G12360",38.47157663,-0.207376132,0.078847504,-2.630091267,0.008536195,0.032304338,"yes","down",NA,NA,"unannotated","unannotated","unannotated"
"AT5G12400",671.1422076,0.193076279,0.052084665,3.706969783,0.000209754,0.001565128,"yes","up",NA,NA,"unannotated","unannotated","unannotated"
"AT5G12920",61.20328236,0.361140477,0.074539567,4.844949997,1.27e-06,2.12e-05,"yes","up",NA,NA,"unannotated","unannotated","unannotated"
"AT5G13060",149.395906,-0.286203883,0.092554926,-3.092259866,0.001986389,0.009979783,"yes","down",NA,NA,"unannotated","unannotated","unannotated"
"AT5G13210",50.65914131,0.546217175,0.155659335,3.509055058,0.000449702,0.002952685,"yes","up",NA,NA,"unannotated","unannotated","unannotated"
"AT5G13370",393.9585499,0.257191691,0.079120794,3.250620713,0.001151534,0.006432489,"yes","up",NA,NA,"unannotated","unannotated","unannotated"
"AT5G13860",91.13702958,0.206912926,0.067455177,3.067413582,0.002159199,0.010695271,"yes","up",NA,NA,"unannotated","unannotated","unannotated"
"AT5G14210",513.394315,-0.146605976,0.041704325,-3.51536625,0.000439148,0.002891629,"yes","down",NA,NA,"unannotated","unannotated","unannotated"
"AT5G14480",113.0021636,0.199709189,0.051611936,3.86943809,0.000109086,0.000914797,"yes","up",NA,NA,"unannotated","unannotated","unannotated"
"AT5G14490",33.16131483,4.528494651,0.449621803,10.07178617,7.36e-24,5.6e-21,"yes","up",NA,NA,"unannotated","unannotated","unannotated"
"AT5G15260",133.0346765,0.199653679,0.074343632,2.685551871,0.007241013,0.028316591,"yes","up",NA,NA,"unannotated","unannotated","unannotated"
"AT5G15265",36.51326204,-0.255235595,0.103388854,-2.46869546,0.013560657,0.046773936,"yes","down",NA,NA,"unannotated","unannotated","unannotated"
"AT5G15802",111.0689073,-0.158038779,0.057527721,-2.747176094,0.006011085,0.02435533,"yes","down",NA,NA,"unannotated","unannotated","unannotated"
"AT5G16890",133.7352285,-0.11356925,0.04257842,-2.667295987,0.00764643,0.029573304,"yes","down",NA,NA,"unannotated","unannotated","unannotated"
"AT5G17000",313.3472135,0.43881565,0.099854224,4.394562727,1.11e-05,0.000134594,"yes","up",NA,NA,"unannotated","unannotated","unannotated"
"AT5G17522",3.634386089,-1.530686927,0.339678021,-4.506287815,6.6e-06,8.66e-05,"yes","down",NA,NA,"unannotated","unannotated","unannotated"
"AT5G18380",7724.691662,-0.234109563,0.040311353,-5.807534229,6.34e-09,2.26e-07,"yes","down",NA,NA,"unannotated","unannotated","unannotated"
"AT5G18700",464.9862683,-0.449728764,0.110622398,-4.065440394,4.79e-05,0.000461656,"yes","down",NA,NA,"unannotated","unannotated","unannotated"
"AT5G18790",124.7415092,-0.137970928,0.055377318,-2.491470008,0.012721571,0.044427494,"yes","down",NA,NA,"unannotated","unannotated","unannotated"
"AT5G19080",108.1439815,0.389858027,0.07511218,5.190343631,2.1e-07,4.6e-06,"yes","up",NA,NA,"unannotated","unannotated","unannotated"
"AT5G19190",357.4276916,-0.672500257,0.213123657,-3.155446308,0.001602528,0.008413054,"yes","down",NA,NA,"unannotated","unannotated","unannotated"
"AT5G19740",140.1523312,-0.320550109,0.06246749,-5.131470972,2.87e-07,5.99e-06,"yes","down",NA,NA,"unannotated","unannotated","unannotated"
"AT5G19780",4371.602459,-0.256231706,0.059050044,-4.339229748,1.43e-05,0.000167304,"yes","down",NA,NA,"unannotated","unannotated","unannotated"
"AT5G20000",852.3265414,0.850206401,0.120770834,7.039832169,1.92e-12,1.71e-10,"yes","up",NA,NA,"unannotated","unannotated","unannotated"
"AT5G20635",60.36562325,-0.302409931,0.087969584,-3.437664663,0.000586754,0.003671768,"yes","down",NA,NA,"unannotated","unannotated","unannotated"
"AT5G21080",20.59689314,-0.306967217,0.125416196,-2.447588334,0.014381587,0.048990917,"yes","down",NA,NA,"unannotated","unannotated","unannotated"
"AT5G21140",58.97414579,0.588662486,0.122957394,4.78753221,1.69e-06,2.72e-05,"yes","up",NA,NA,"unannotated","unannotated","unannotated"
"AT5G21430",1103.322001,-0.173408042,0.036899831,-4.699426519,2.61e-06,3.93e-05,"yes","down",NA,NA,"unannotated","unannotated","unannotated"
"AT5G21482",217.5645516,-0.256267626,0.084319526,-3.03924413,0.002371726,0.011513322,"yes","down",NA,NA,"unannotated","unannotated","unannotated"
"AT5G21920",1789.282633,-0.141230627,0.030085973,-4.694235022,2.68e-06,4e-05,"yes","down",NA,NA,"unannotated","unannotated","unannotated"
"AT5G21930",1240.846327,-0.223146276,0.081649018,-2.732993992,0.006276148,0.025169723,"yes","down",NA,NA,"unannotated","unannotated","unannotated"
"AT5G21990",646.490484,0.080370698,0.032388069,2.481490888,0.013083406,0.045442039,"yes","up",NA,NA,"unannotated","unannotated","unannotated"
"AT5G22010",582.6524699,0.639521384,0.124793217,5.124648604,2.98e-07,6.18e-06,"yes","up",NA,NA,"unannotated","unannotated","unannotated"
"AT5G22020",729.8888984,0.552951149,0.106310765,5.20127146,1.98e-07,4.36e-06,"yes","up",NA,NA,"unannotated","unannotated","unannotated"
"AT5G22120",238.9372042,0.113760966,0.037860367,3.004750792,0.002657985,0.012652804,"yes","up",NA,NA,"unannotated","unannotated","unannotated"
"AT5G22140",356.5254619,0.448701108,0.100132694,4.48106499,7.43e-06,9.55e-05,"yes","up",NA,NA,"unannotated","unannotated","unannotated"
"AT5G22350",473.1959709,0.210331423,0.053947899,3.898788053,9.67e-05,0.000825998,"yes","up",NA,NA,"unannotated","unannotated","unannotated"
"AT5G22520",6.435640053,2.45642797,0.355578455,6.90825874,4.91e-12,3.96e-10,"yes","up",NA,NA,"unannotated","unannotated","unannotated"
"AT5G22545",2.308890262,1.211263956,0.373959316,3.239026021,0.001199386,0.006658769,"yes","up",NA,NA,"unannotated","unannotated","unannotated"
"AT5G22560",8.243454797,-0.504142441,0.161248914,-3.126485808,0.00176909,0.00908755,"yes","down",NA,NA,"unannotated","unannotated","unannotated"
"AT5G22660",17.24091032,0.94858574,0.192122142,4.93740977,7.92e-07,1.43e-05,"yes","up",NA,NA,"unannotated","unannotated","unannotated"
"AT5G23040",1904.617136,-0.100378787,0.031908803,-3.145802324,0.001656319,0.008631054,"yes","down",NA,NA,"unannotated","unannotated","unannotated"
"AT5G23280",400.3284731,-0.302447737,0.064329766,-4.701520867,2.58e-06,3.89e-05,"yes","down",NA,NA,"unannotated","unannotated","unannotated"
"AT5G23410",105.8873169,0.1995504,0.060296234,3.309500204,0.000934627,0.00540529,"yes","up",NA,NA,"unannotated","unannotated","unannotated"
"AT5G23510",164.8630367,0.574683932,0.117893363,4.874608005,1.09e-06,1.87e-05,"yes","up",NA,NA,"unannotated","unannotated","unannotated"
"AT5G23535",391.9623898,-0.144607943,0.046798922,-3.089984458,0.00200167,0.010052764,"yes","down",NA,NA,"unannotated","unannotated","unannotated"
"AT5G23980",14.67261318,-0.611417927,0.21252628,-2.876905046,0.004015964,0.017691707,"yes","down",NA,NA,"unannotated","unannotated","unannotated"
"AT5G24200",19.130905,2.08611083,0.345985933,6.029467195,1.65e-09,6.79e-08,"yes","up",NA,NA,"unannotated","unannotated","unannotated"
"AT5G24206",5.522811719,0.662885145,0.228575788,2.900067194,0.003730827,0.016656587,"yes","up",NA,NA,"unannotated","unannotated","unannotated"
"AT5G24314",1065.563861,-0.141513024,0.041883619,-3.378720062,0.000728241,0.004392069,"yes","down",NA,NA,"unannotated","unannotated","unannotated"
"AT5G24640",3.758862783,0.644971687,0.244050329,2.642781473,0.008222809,0.031410836,"yes","up",NA,NA,"unannotated","unannotated","unannotated"
"AT5G24960",23.87483707,-0.376012788,0.112836548,-3.332366993,0.000861106,0.005040689,"yes","down",NA,NA,"unannotated","unannotated","unannotated"
"AT5G25010",47.01362186,-0.410530546,0.100281384,-4.093786191,4.24e-05,0.00041563,"yes","down",NA,NA,"unannotated","unannotated","unannotated"
"AT5G25020",17.9986185,-0.418862919,0.150120095,-2.790185541,0.005267784,0.021955,"yes","down",NA,NA,"unannotated","unannotated","unannotated"
"AT5G25230",26.70309861,0.39707656,0.124287826,3.194814597,0.001399207,0.007582415,"yes","up",NA,NA,"unannotated","unannotated","unannotated"
"AT5G25260",14.29946045,1.818941555,0.271259279,6.705545937,2.01e-11,1.36e-09,"yes","up",NA,NA,"unannotated","unannotated","unannotated"
"AT5G25757",2428.23051,-0.169352095,0.047970248,-3.53035684,0.000415,0.002758822,"yes","down",NA,NA,"unannotated","unannotated","unannotated"
"AT5G25790",24.12665215,0.458172477,0.118482352,3.867010304,0.000110178,0.000923292,"yes","up",NA,NA,"unannotated","unannotated","unannotated"
"AT5G26170",93.80011976,2.514924905,0.281156755,8.944920806,3.72e-19,1.2e-16,"yes","up",NA,NA,"unannotated","unannotated","unannotated"
"AT5G26320",12.05585355,-0.779962553,0.178838114,-4.361276997,1.29e-05,0.000153249,"yes","down",NA,NA,"unannotated","unannotated","unannotated"
"AT5G26670",148.6849809,-0.379467559,0.090314526,-4.201622655,2.65e-05,0.000281019,"yes","down",NA,NA,"unannotated","unannotated","unannotated"
"AT5G26690",3.407763232,1.407472389,0.371990918,3.783620299,0.000154564,0.001218571,"yes","up",NA,NA,"unannotated","unannotated","unannotated"
"AT5G26730",5.96387745,-0.664082539,0.203334384,-3.265962817,0.001090926,0.00615814,"yes","down",NA,NA,"unannotated","unannotated","unannotated"
"AT5G27030",720.8752498,0.924055114,0.185238412,4.988463812,6.09e-07,1.15e-05,"yes","up",NA,NA,"unannotated","unannotated","unannotated"
"AT5G27060",6.644400709,0.853069277,0.238846475,3.571621796,0.000354777,0.002413613,"yes","up",NA,NA,"unannotated","unannotated","unannotated"
"AT5G27300",87.15124064,-0.17724096,0.053287244,-3.326142381,0.000880569,0.005135493,"yes","down",NA,NA,"unannotated","unannotated","unannotated"
"AT5G27390",542.3340379,-0.186811079,0.0504928,-3.699756805,0.000215806,0.001601259,"yes","down",NA,NA,"unannotated","unannotated","unannotated"
"AT5G28830",98.0197846,0.353316558,0.08222499,4.296948604,1.73e-05,0.000196629,"yes","up",NA,NA,"unannotated","unannotated","unannotated"
"AT5G30495",154.2378436,-0.128549591,0.051864882,-2.478547846,0.013191842,0.045744525,"yes","down",NA,NA,"unannotated","unannotated","unannotated"
"AT5G33320",2622.388361,-0.146556548,0.0423486,-3.460717664,0.000538738,0.003418086,"yes","down",NA,NA,"unannotated","unannotated","unannotated"
"AT5G33355",10.71008584,-1.000523516,0.233351399,-4.28762596,1.81e-05,0.000202779,"yes","down",NA,NA,"unannotated","unannotated","unannotated"
"AT5G33399",2.347100245,0.755114244,0.267920441,2.818427144,0.004825956,0.020534705,"yes","up",NA,NA,"unannotated","unannotated","unannotated"
"AT5G35220",1104.924495,-0.164436676,0.059957296,-2.742563259,0.006096171,0.024619673,"yes","down",NA,NA,"unannotated","unannotated","unannotated"
"AT5G35690",523.650105,0.484406879,0.089663455,5.402500714,6.57e-08,1.71e-06,"yes","up",NA,NA,"unannotated","unannotated","unannotated"
"AT5G35926",16.25072934,-0.304705049,0.116134809,-2.623718516,0.008697563,0.032793932,"yes","down",NA,NA,"unannotated","unannotated","unannotated"
"AT5G36120",469.6158221,-0.188300911,0.050007932,-3.765420891,0.000166269,0.001290143,"yes","down",NA,NA,"unannotated","unannotated","unannotated"
"AT5G36740",95.07606054,0.326794041,0.103224573,3.165855103,0.001546278,0.00818191,"yes","up",NA,NA,"unannotated","unannotated","unannotated"
"AT5G36800",142.1074785,-1.097554733,0.261717853,-4.193656344,2.74e-05,0.000289126,"yes","down",NA,NA,"unannotated","unannotated","unannotated"
"AT5G36925",21.0300822,1.620044192,0.300307035,5.394626178,6.87e-08,1.77e-06,"yes","up",NA,NA,"unannotated","unannotated","unannotated"
"AT5G37350",393.7306853,0.1007941,0.037281418,2.703601541,0.006859249,0.027075196,"yes","up",NA,NA,"unannotated","unannotated","unannotated"
"AT5G37800",8.067844019,-0.66912773,0.175437099,-3.814060609,0.000136702,0.001101324,"yes","down",NA,NA,"unannotated","unannotated","unannotated"
"AT5G38100",16.7360264,-0.460659794,0.154552748,-2.980599186,0.002876851,0.013506473,"yes","down",NA,NA,"unannotated","unannotated","unannotated"
"AT5G38212",98.410249,0.462657455,0.13657647,3.387534136,0.000705239,0.004279179,"yes","up",NA,NA,"unannotated","unannotated","unannotated"
"AT5G38250",3.069502789,1.001711649,0.353680647,2.832248976,0.004622184,0.019834603,"yes","up",NA,NA,"unannotated","unannotated","unannotated"
"AT5G38565",12.6132244,0.476021728,0.184379175,2.581754308,0.009829954,0.036123452,"yes","up",NA,NA,"unannotated","unannotated","unannotated"
"AT5G38640",383.9342354,0.132096017,0.049271913,2.680959797,0.007341134,0.028627385,"yes","up",NA,NA,"unannotated","unannotated","unannotated"
"AT5G39450",77.78269306,0.304295517,0.072978548,4.169657063,3.05e-05,0.000315539,"yes","up",NA,NA,"unannotated","unannotated","unannotated"
"AT5G39530",876.2446372,-0.304798082,0.089017103,-3.424039574,0.000616976,0.00382938,"yes","down",NA,NA,"unannotated","unannotated","unannotated"
"AT5G39865",14.93142591,-0.452085938,0.13951325,-3.240451624,0.001193405,0.006629546,"yes","down",NA,NA,"unannotated","unannotated","unannotated"
"AT5G40000",4.898937403,1.400759715,0.300394711,4.663063845,3.12e-06,4.58e-05,"yes","up",NA,NA,"unannotated","unannotated","unannotated"
"AT5G40700",70.42211395,-0.25330604,0.093819051,-2.69994246,0.006935147,0.027319889,"yes","down",NA,NA,"unannotated","unannotated","unannotated"
"AT5G40720",47.20433151,0.277271982,0.088277016,3.140930625,0.001684119,0.008754078,"yes","up",NA,NA,"unannotated","unannotated","unannotated"
"AT5G41160",18.3374439,0.848286191,0.177614642,4.775992471,1.79e-06,2.86e-05,"yes","up",NA,NA,"unannotated","unannotated","unannotated"
"AT5G41315",46.84783899,-0.650060884,0.132774312,-4.895983842,9.78e-07,1.7e-05,"yes","down",NA,NA,"unannotated","unannotated","unannotated"
"AT5G41370",454.6724978,0.118563883,0.044369424,2.672197948,0.007535618,0.029232083,"yes","up",NA,NA,"unannotated","unannotated","unannotated"
"AT5G41750",78.23405303,2.815284105,0.334163491,8.424870412,3.61e-17,8.51e-15,"yes","up",NA,NA,"unannotated","unannotated","unannotated"
"AT5G42040",9.116836091,0.499779479,0.187646183,2.663414049,0.007735217,0.029867694,"yes","up",NA,NA,"unannotated","unannotated","unannotated"
"AT5G42110",206.6151237,-0.288818718,0.066084783,-4.370426996,1.24e-05,0.000147738,"yes","down",NA,NA,"unannotated","unannotated","unannotated"
"AT5G42210",49.41464738,0.739232909,0.175654472,4.208449118,2.57e-05,0.000274392,"yes","up",NA,NA,"unannotated","unannotated","unannotated"
"AT5G42330",60.51953833,-0.364590898,0.140749705,-2.590349295,0.009587859,0.03543104,"yes","down",NA,NA,"unannotated","unannotated","unannotated"
"AT5G42510",71.9002034,-0.436822524,0.139172384,-3.138715546,0.001696901,0.008789613,"yes","down",NA,NA,"unannotated","unannotated","unannotated"
"AT5G42530",754.472998,1.011677378,0.262238899,3.857846342,0.000114391,0.000949256,"yes","up",NA,NA,"unannotated","unannotated","unannotated"
"AT5G42930",6.80113833,-0.523061123,0.187138682,-2.795045459,0.005189242,0.021692853,"yes","down",NA,NA,"unannotated","unannotated","unannotated"
"AT5G43420",139.8252689,0.775800241,0.123322845,6.290807203,3.16e-10,1.6e-08,"yes","up",NA,NA,"unannotated","unannotated","unannotated"
"AT5G43470",958.3586848,0.207285477,0.058922711,3.517921567,0.000434941,0.002869824,"yes","up",NA,NA,"unannotated","unannotated","unannotated"
"AT5G43620",27.26619505,0.945353753,0.158515727,5.963785228,2.46e-09,9.72e-08,"yes","up",NA,NA,"unannotated","unannotated","unannotated"
"AT5G43630",1092.582383,0.469781852,0.15300146,3.070440312,0.002137434,0.010602356,"yes","up",NA,NA,"unannotated","unannotated","unannotated"
"AT5G43660",13.25699253,0.672096692,0.152002064,4.42162873,9.8e-06,0.000120964,"yes","up",NA,NA,"unannotated","unannotated","unannotated"
"AT5G44040",231.644343,-0.79078064,0.132512907,-5.967574446,2.41e-09,9.54e-08,"yes","down",NA,NA,"unannotated","unannotated","unannotated"
"AT5G44568",43.39012419,1.300161475,0.221021818,5.882502858,4.04e-09,1.51e-07,"yes","up",NA,NA,"unannotated","unannotated","unannotated"
"AT5G44582",17.36813466,0.596027731,0.170038194,3.505257956,0.000456165,0.002985336,"yes","up",NA,NA,"unannotated","unannotated","unannotated"
"AT5G44585",56.92797391,0.514970415,0.201270333,2.558600703,0.010509438,0.038101965,"yes","up",NA,NA,"unannotated","unannotated","unannotated"
"AT5G44600",132.1178716,-0.188625313,0.063111075,-2.988783081,0.002800909,0.013213094,"yes","down",NA,NA,"unannotated","unannotated","unannotated"
"AT5G45030",232.2772797,0.222806141,0.070923598,3.14149517,0.001680876,0.008743002,"yes","up",NA,NA,"unannotated","unannotated","unannotated"
"AT5G45100",291.003812,0.367602822,0.079605841,4.617787074,3.88e-06,5.53e-05,"yes","up",NA,NA,"unannotated","unannotated","unannotated"
"AT5G45150",9.414431382,0.519027773,0.194060536,2.674566315,0.007482598,0.0290718,"yes","up",NA,NA,"unannotated","unannotated","unannotated"
"AT5G45730",27.67104034,-0.270529938,0.099972041,-2.706055955,0.006808757,0.026934525,"yes","down",NA,NA,"unannotated","unannotated","unannotated"
"AT5G45775",2679.146037,-0.245423903,0.049994171,-4.909050316,9.15e-07,1.62e-05,"yes","down",NA,NA,"unannotated","unannotated","unannotated"
"AT5G45990",11.83870146,1.242004454,0.218377,5.687432537,1.29e-08,4.19e-07,"yes","up",NA,NA,"unannotated","unannotated","unannotated"
"AT5G46490",192.3322003,0.44674684,0.082267428,5.430421842,5.62e-08,1.5e-06,"yes","up",NA,NA,"unannotated","unannotated","unannotated"
"AT5G46900",243.6361547,-0.528301392,0.182991169,-2.887032167,0.003888945,0.017235212,"yes","down",NA,NA,"unannotated","unannotated","unannotated"
"AT5G46960",6.324627778,-0.886862264,0.342304259,-2.590859566,0.009573655,0.035384097,"yes","down",NA,NA,"unannotated","unannotated","unannotated"
"AT5G47140",223.6440551,0.341544513,0.078061445,4.375329096,1.21e-05,0.000145161,"yes","up",NA,NA,"unannotated","unannotated","unannotated"
"AT5G47860",325.2877194,0.136920998,0.040504931,3.380353847,0.000723926,0.004373658,"yes","up",NA,NA,"unannotated","unannotated","unannotated"
"AT5G48160",1019.071221,0.229782858,0.080395869,2.858142598,0.004261288,0.018581456,"yes","up",NA,NA,"unannotated","unannotated","unannotated"
"AT5G48385",1778.176664,0.097086139,0.035550317,2.730950061,0.006315204,0.025296228,"yes","up",NA,NA,"unannotated","unannotated","unannotated"
"AT5G48657",112.7370169,0.420787758,0.092813397,4.533696334,5.8e-06,7.79e-05,"yes","up",NA,NA,"unannotated","unannotated","unannotated"
"AT5G48680",211.25651,-0.11073587,0.043130378,-2.567468114,0.010244421,0.037371052,"yes","down",NA,NA,"unannotated","unannotated","unannotated"
"AT5G49020",426.6428877,-0.156292114,0.040042055,-3.903199152,9.49e-05,0.000813585,"yes","down",NA,NA,"unannotated","unannotated","unannotated"
"AT5G49152",15.38393828,-0.867162292,0.344751039,-2.515329016,0.011892135,0.042155382,"yes","down",NA,NA,"unannotated","unannotated","unannotated"
"AT5G49300",77.49725955,0.256997431,0.088490919,2.904223794,0.003681649,0.016471344,"yes","up",NA,NA,"unannotated","unannotated","unannotated"
"AT5G49305",3.396879827,0.572138993,0.219404687,2.607688108,0.009115597,0.034025828,"yes","up",NA,NA,"unannotated","unannotated","unannotated"
"AT5G49665",233.2479267,-0.246586534,0.054223809,-4.547569361,5.43e-06,7.36e-05,"yes","down",NA,NA,"unannotated","unannotated","unannotated"
"AT5G49850",119.1961283,0.294953046,0.113918731,2.589153198,0.009621228,0.035522317,"yes","up",NA,NA,"unannotated","unannotated","unannotated"
"AT5G50430",225.4213457,0.205732651,0.063178533,3.256369538,0.001128468,0.006323121,"yes","up",NA,NA,"unannotated","unannotated","unannotated"
"AT5G50630",144.8413816,0.186308798,0.048869285,3.812390528,0.000137629,0.001106526,"yes","up",NA,NA,"unannotated","unannotated","unannotated"
"AT5G51465",2.354275086,1.286877519,0.356487037,3.609885873,0.000306332,0.002138335,"yes","up",NA,NA,"unannotated","unannotated","unannotated"
"AT5G51585",28.19620201,2.552004305,0.3836318,6.652223058,2.89e-11,1.9e-09,"yes","up",NA,NA,"unannotated","unannotated","unannotated"
"AT5G51730",231.7484099,0.994492449,0.15255756,6.518801483,7.09e-11,4.27e-09,"yes","up",NA,NA,"unannotated","unannotated","unannotated"
"AT5G51795",27.72821176,-0.329951776,0.111917186,-2.948177906,0.00319653,0.014717151,"yes","down",NA,NA,"unannotated","unannotated","unannotated"
"AT5G51920",26.28283542,0.49249243,0.11117962,4.429700593,9.44e-06,0.000117014,"yes","up",NA,NA,"unannotated","unannotated","unannotated"
"AT5G52790",56.34984167,-0.38998543,0.125022607,-3.119319281,0.001812694,0.009275155,"yes","down",NA,NA,"unannotated","unannotated","unannotated"
"AT5G53010",142.6008836,0.144813045,0.056445874,2.565520466,0.010302114,0.037552457,"yes","up",NA,NA,"unannotated","unannotated","unannotated"
"AT5G53230",17.44168283,2.430813638,0.352227786,6.901254626,5.15e-12,4.12e-10,"yes","up",NA,NA,"unannotated","unannotated","unannotated"
"AT5G53380",8.171864683,-0.807835443,0.186609849,-4.32900755,1.5e-05,0.000174104,"yes","down",NA,NA,"unannotated","unannotated","unannotated"
"AT5G53590",148.0563003,0.390232235,0.082078294,4.754390166,1.99e-06,3.12e-05,"yes","up",NA,NA,"unannotated","unannotated","unannotated"
"AT5G54569",48.44860568,-0.208603051,0.079814299,-2.613604997,0.008959255,0.033581892,"yes","down",NA,NA,"unannotated","unannotated","unannotated"
"AT5G54585",16.99086511,-0.793760062,0.200809697,-3.952797471,7.72e-05,0.000685043,"yes","down",NA,NA,"unannotated","unannotated","unannotated"
"AT5G54710",419.2229441,1.53277981,0.239558974,6.398340194,1.57e-10,8.61e-09,"yes","up",NA,NA,"unannotated","unannotated","unannotated"
"AT5G55110",37.60599999,-0.285256119,0.11311752,-2.521767801,0.011676676,0.041503962,"yes","down",NA,NA,"unannotated","unannotated","unannotated"
"AT5G55125",175.7429362,-0.155913638,0.044786491,-3.4812649,0.000499052,0.003213369,"yes","down",NA,NA,"unannotated","unannotated","unannotated"
"AT5G55150",2.214136444,1.065979798,0.347256281,3.069720716,0.00214259,0.010624165,"yes","up",NA,NA,"unannotated","unannotated","unannotated"
"AT5G55270",19.00303871,2.50208981,0.341925084,7.31765502,2.52e-13,2.64e-11,"yes","up",NA,NA,"unannotated","unannotated","unannotated"
"AT5G55460",12.58194284,0.746342138,0.196378257,3.800533456,0.000144385,0.001154149,"yes","up",NA,NA,"unannotated","unannotated","unannotated"
"AT5G56120",185.6434382,-1.143177378,0.267675116,-4.270764486,1.95e-05,0.000216201,"yes","down",NA,NA,"unannotated","unannotated","unannotated"
"AT5G56420",83.23155087,0.142097368,0.049931413,2.845851144,0.004429289,0.019144049,"yes","up",NA,NA,"unannotated","unannotated","unannotated"
"AT5G56530",283.6265958,-0.292913527,0.058673716,-4.992244335,5.97e-07,1.13e-05,"yes","down",NA,NA,"unannotated","unannotated","unannotated"
"AT5G56660",228.4007886,0.161346593,0.037312537,4.324192507,1.53e-05,0.000177251,"yes","up",NA,NA,"unannotated","unannotated","unannotated"
"AT5G56960",5.492732697,1.753560294,0.360766213,4.86065554,1.17e-06,1.98e-05,"yes","up",NA,NA,"unannotated","unannotated","unannotated"
"AT5G57010",25.56459055,1.09268783,0.183127946,5.966799996,2.42e-09,9.57e-08,"yes","up",NA,NA,"unannotated","unannotated","unannotated"
"AT5G57015",430.0136124,0.248841649,0.041038903,6.063555056,1.33e-09,5.62e-08,"yes","up",NA,NA,"unannotated","unannotated","unannotated"
"AT5G57035",273.1775141,0.468965438,0.071065975,6.599015071,4.14e-11,2.65e-09,"yes","up",NA,NA,"unannotated","unannotated","unannotated"
"AT5G57123",19.0562428,0.678673732,0.201827035,3.362650254,0.000771981,0.004611736,"yes","up",NA,NA,"unannotated","unannotated","unannotated"
"AT5G57625",183.988474,-0.397681876,0.12668809,-3.139062849,0.001694891,0.008786818,"yes","down",NA,NA,"unannotated","unannotated","unannotated"
"AT5G57640",9.652179378,0.630424991,0.172829323,3.647673775,0.000264625,0.00189375,"yes","up",NA,NA,"unannotated","unannotated","unannotated"
"AT5G58000",195.8669673,-0.165230826,0.048176314,-3.429710814,0.000604225,0.00376411,"yes","down",NA,NA,"unannotated","unannotated","unannotated"
"AT5G58990",272.2231923,-0.151129316,0.036172727,-4.177990627,2.94e-05,0.000306216,"yes","down",NA,NA,"unannotated","unannotated","unannotated"
"AT5G59390",7.682890891,1.79962028,0.284747208,6.320062947,2.61e-10,1.35e-08,"yes","up",NA,NA,"unannotated","unannotated","unannotated"
"AT5G59732",339.075471,0.671261271,0.165765532,4.049462298,5.13e-05,0.000488744,"yes","up",NA,NA,"unannotated","unannotated","unannotated"
"AT5G59970",534.6972054,-0.631067009,0.095981904,-6.574854046,4.87e-11,3.07e-09,"yes","down",NA,NA,"unannotated","unannotated","unannotated"
"AT5G60390",37722.55707,-0.159828124,0.050717243,-3.151356693,0.001625139,0.008496207,"yes","down",NA,NA,"unannotated","unannotated","unannotated"
"AT5G60430",39.65886629,0.270249911,0.103919912,2.600559471,0.009307189,0.034610878,"yes","up",NA,NA,"unannotated","unannotated","unannotated"
"AT5G61390",81.26952756,0.392778184,0.071638782,5.482759121,4.19e-08,1.16e-06,"yes","up",NA,NA,"unannotated","unannotated","unannotated"
"AT5G61490",24.72590149,1.015139243,0.185515115,5.472002888,4.45e-08,1.22e-06,"yes","up",NA,NA,"unannotated","unannotated","unannotated"
"AT5G62240",10.56120696,-0.430695877,0.15803685,-2.725287667,0.006424548,0.025647059,"yes","down",NA,NA,"unannotated","unannotated","unannotated"
"AT5G62300",2917.971759,-0.194079235,0.033592547,-5.777449271,7.58e-09,2.64e-07,"yes","down",NA,NA,"unannotated","unannotated","unannotated"
"AT5G62700",4227.376803,-0.150246099,0.055216997,-2.721011756,0.006508245,0.025915731,"yes","down",NA,NA,"unannotated","unannotated","unannotated"
"AT5G62820",40.30012434,0.514571301,0.096117818,5.353547447,8.62e-08,2.16e-06,"yes","up",NA,NA,"unannotated","unannotated","unannotated"
"AT5G63250",2.452800482,0.782902491,0.278190762,2.814264882,0.004888893,0.020712772,"yes","up",NA,NA,"unannotated","unannotated","unannotated"
"AT5G63270",17.96222065,-0.546062493,0.111179798,-4.911526239,9.04e-07,1.6e-05,"yes","down",NA,NA,"unannotated","unannotated","unannotated"
"AT5G64540",2.845734662,0.929927884,0.316292032,2.940092668,0.003281141,0.015044998,"yes","up",NA,NA,"unannotated","unannotated","unannotated"
"AT5G64810",33.15679575,1.3132452,0.207059914,6.342343985,2.26e-10,1.19e-08,"yes","up",NA,NA,"unannotated","unannotated","unannotated"
"AT5G65340",17.73949987,-0.605245986,0.141154332,-4.287831457,1.8e-05,0.000202725,"yes","down",NA,NA,"unannotated","unannotated","unannotated"
"AT5G65400",75.28410263,0.340981048,0.081698015,4.173676023,3e-05,0.000311136,"yes","up",NA,NA,"unannotated","unannotated","unannotated"
"AT5G65920",235.3004889,0.227215134,0.079324173,2.86438704,0.004178171,0.018291319,"yes","up",NA,NA,"unannotated","unannotated","unannotated"
"AT5G66270",94.64366936,0.759621184,0.168019821,4.521021273,6.15e-06,8.19e-05,"yes","up",NA,NA,"unannotated","unannotated","unannotated"
"AT5G66480",54.46641689,0.50367044,0.133448824,3.774259099,0.000160484,0.001256689,"yes","up",NA,NA,"unannotated","unannotated","unannotated"
"AT5G66558",148.7500813,-0.303124915,0.09350794,-3.241702417,0.00118818,0.00660589,"yes","down",NA,NA,"unannotated","unannotated","unannotated"
"AT5G66580",115.3165301,-0.711807187,0.16815857,-4.232952191,2.31e-05,0.00025009,"yes","down",NA,NA,"unannotated","unannotated","unannotated"
"AT5G66595",7.342240785,-0.449071804,0.177371351,-2.531817013,0.011347319,0.040519996,"yes","down",NA,NA,"unannotated","unannotated","unannotated"
"AT5G66600",87.19879834,-0.345600739,0.067648725,-5.108754668,3.24e-07,6.66e-06,"yes","down",NA,NA,"unannotated","unannotated","unannotated"
"AT5G66658",17.07295778,0.454579709,0.12844865,3.538999511,0.000401647,0.002681398,"yes","up",NA,NA,"unannotated","unannotated","unannotated"
"AT5G66675",277.2971664,0.80083205,0.131237199,6.102172664,1.05e-09,4.52e-08,"yes","up",NA,NA,"unannotated","unannotated","unannotated"
"AT5G66720",1135.815714,-0.058586425,0.023888504,-2.45249458,0.014186952,0.048453928,"yes","down",NA,NA,"unannotated","unannotated","unannotated"
"AT5G66840",39.75296184,-0.68484054,0.215365084,-3.17990515,0.001473233,0.007869593,"yes","down",NA,NA,"unannotated","unannotated","unannotated"
"AT5G66910",137.6963751,0.295762875,0.092551479,3.195658024,0.001395124,0.007562026,"yes","up",NA,NA,"unannotated","unannotated","unannotated"
"AT5G67385",1433.710255,-0.19249791,0.050214922,-3.833480196,0.000126343,0.001031261,"yes","down",NA,NA,"unannotated","unannotated","unannotated"
"AT5G67411",7.397208748,-0.708962942,0.177285924,-3.998980432,6.36e-05,0.00058556,"yes","down",NA,NA,"unannotated","unannotated","unannotated"
"AT5G67540",260.1462667,0.15229236,0.041917867,3.633113324,0.000280022,0.001983976,"yes","up",NA,NA,"unannotated","unannotated","unannotated"
"ATCG00090",50.1775003,-0.233569967,0.077081278,-3.03017766,0.002444099,0.011794926,"yes","down",NA,NA,"unannotated","unannotated","unannotated"
"ATCG00620",30.24018257,-0.262035364,0.098591031,-2.65780123,0.007865227,0.03029031,"yes","down",NA,NA,"unannotated","unannotated","unannotated"
"ATMG00670",8.605450616,0.37353542,0.14986437,2.492489842,0.012685096,0.044319811,"yes","up",NA,NA,"unannotated","unannotated","unannotated"
"ATMG01090",6.78539688,0.718329346,0.261487466,2.747089021,0.006012681,0.02435761,"yes","up",NA,NA,"unannotated","unannotated","unannotated"
