"gene_id","baseMean","log2FoldChange","lfcSE","stat","pvalue","padj","deg_flag","regulation","tau_subtissue","tau_broad","specificity","predominant_broad_organ","predominant_subtissue"
"AT1G01030",73.72569735,-0.227971894,0.080732806,-2.823782633,0.004746056,0.020257907,"yes","down",0.703983716491082,0.627315506985561,"tissue_specific","Flower","flower_stage_10_11"
"AT1G01070",105.277176,-0.260076634,0.088592549,-2.935649063,0.003328506,0.015216656,"yes","down",0.808140703299482,0.439065526031619,"tissue_specific","Flower","stamen"
"AT1G01110",56.7658119,-0.257627733,0.105014541,-2.453257714,0.014156887,0.048380936,"yes","down",0.745730923410608,0.779158573715198,"tissue_specific","Flower","inflorescence_apex"
"AT1G01340",138.2257804,0.705660563,0.104727063,6.738091809,1.6e-11,1.11e-09,"yes","up",0.84602687462346,0.733909047469624,"tissue_specific","Flower","mature_pollen"
"AT1G01370",70.51080321,-0.487607451,0.096406866,-5.057808368,4.24e-07,8.4e-06,"yes","down",0.761012155145832,0.653842045293593,"tissue_specific","Flower","inflorescence_apex"
"AT1G01560",14.31331391,2.805848032,0.315686297,8.888089392,6.22e-19,1.9e-16,"yes","up",0.744834553176797,0.416566536593982,"tissue_specific","Flower","sepal"
"AT1G02170",374.1400766,0.272595121,0.062545826,4.358326347,1.31e-05,0.000155017,"yes","up",0.6796218762257,0.204991485259878,"tissue_specific","Flower","mature_pollen"
"AT1G02390",24.29507966,0.775657283,0.224543255,3.454378017,0.000551564,0.003484859,"yes","up",0.752660617338808,0.676891891294604,"tissue_specific","Flower","sepal"
"AT1G02450",8.482239965,2.699864577,0.425076136,6.351484707,2.13e-10,1.13e-08,"yes","up",0.860614948968269,0.728979174516171,"tissue_specific","Flower","pedicel"
"AT1G02470",8.428377939,0.500950511,0.176159988,2.843724702,0.004458956,0.019247566,"yes","up",0.894013080323619,0.830475907382869,"tissue_specific","Flower","petal"
"AT1G02670",42.99345137,0.865083848,0.155774512,5.553436404,2.8e-08,8.19e-07,"yes","up",0.790019484835575,0.678855236966253,"tissue_specific","Flower","flower_stage_9"
"AT1G02730",1039.881828,-1.0626433,0.26272376,-4.044717161,5.24e-05,0.000497147,"yes","down",0.753227621150122,0.606454184937292,"tissue_specific","Flower","inflorescence_apex"
"AT1G03060",1048.670013,0.096921404,0.032018677,3.02702717,0.002469718,0.011883783,"yes","up",0.629128267289313,0.279669762028196,"tissue_specific","Flower","mature_pollen"
"AT1G03180",41.71868652,-0.319451933,0.104258562,-3.064035475,0.00218373,0.010789515,"yes","down",0.739735253290377,0.338447310932545,"tissue_specific","Flower","mature_pollen"
"AT1G03260",135.2058045,0.175947782,0.058885313,2.987973981,0.002808335,0.01323488,"yes","up",0.743737113864212,0.125050305663243,"tissue_specific","Flower","mature_pollen"
"AT1G03370",453.8158152,0.306084254,0.07886222,3.881253351,0.00010392,0.000877816,"yes","up",0.78859840827133,0.372787112893583,"tissue_specific","Flower","mature_pollen"
"AT1G03550",92.09195088,0.252598276,0.079714842,3.168773479,0.001530837,0.00812757,"yes","up",0.821492080465658,0.463775583689039,"tissue_specific","Flower","mature_pollen"
"AT1G03620",17.36890991,0.560388768,0.144143336,3.887718884,0.000101191,0.000858046,"yes","up",0.96420763278836,0.438262356592632,"tissue_specific","Flower","mature_pollen"
"AT1G03780",272.3226251,-0.995694661,0.255206348,-3.90152779,9.56e-05,0.000818186,"yes","down",0.797218795736292,0.718432739061075,"tissue_specific","Flower","inflorescence_apex"
"AT1G03950",150.8974859,0.446020059,0.092482328,4.822759856,1.42e-06,2.34e-05,"yes","up",0.635217511575585,0.37563853191635,"tissue_specific","Flower","sepal"
"AT1G04090",23.67561141,0.401063731,0.110447348,3.631266273,0.000282034,0.001995913,"yes","up",0.904410275060825,0.489722378412612,"tissue_specific","Flower","mature_pollen"
"AT1G04160",227.478256,-0.124123839,0.049348432,-2.515253981,0.011894666,0.042158016,"yes","down",0.960250808991294,0.61627396878812,"tissue_specific","Flower","mature_pollen"
"AT1G04500",4.335163315,0.589042805,0.220397539,2.672637855,0.007525745,0.029213707,"yes","up",0.953410526076406,0.651700815959423,"tissue_specific","Flower","mature_pollen"
"AT1G04540",34.38594492,-0.241654121,0.092585205,-2.610072753,0.009052297,0.033833803,"yes","down",0.994103787227446,0.963386592373212,"tissue_specific","Flower","mature_pollen"
"AT1G04600",17.43148049,0.428410128,0.120132578,3.566144474,0.000362272,0.002453269,"yes","up",0.958263016098992,0.655252405571745,"tissue_specific","Flower","mature_pollen"
"AT1G04760",42.68092732,-0.709343708,0.178051247,-3.983930012,6.78e-05,0.000617901,"yes","down",0.904245691619467,0.592217485318153,"tissue_specific","Flower","mature_pollen"
"AT1G04820",6283.479903,-0.156926443,0.054550912,-2.876696944,0.004018613,0.01770007,"yes","down",0.695251578757833,0.423113290707915,"tissue_specific","Flower","mature_pollen"
"AT1G04990",300.808704,0.439327782,0.07946894,5.528295489,3.23e-08,9.25e-07,"yes","up",0.65883064573726,0.272722109849595,"tissue_specific","Flower","mature_pollen"
"AT1G05120",337.1490882,0.271011027,0.046562796,5.820334031,5.87e-09,2.12e-07,"yes","up",0.699174261486483,0.223180576145186,"tissue_specific","Flower","mature_pollen"
"AT1G05210",106.1666249,-0.140546007,0.052715146,-2.6661409,0.007672753,0.029665377,"yes","down",0.621991250931915,0.481140390051331,"tissue_specific","Flower","inflorescence_apex"
"AT1G05380",604.6258586,0.104859048,0.037947687,2.763252696,0.005722844,0.023420938,"yes","up",0.81940603012911,0.250470003813649,"tissue_specific","Flower","mature_pollen"
"AT1G05440",43.64177725,-0.961672901,0.260464756,-3.692142139,0.000222373,0.001639901,"yes","down",0.720734454337116,0.647215944237457,"tissue_specific","Flower","inflorescence_apex"
"AT1G05560",797.6545228,0.461750944,0.087532358,5.275202824,1.33e-07,3.12e-06,"yes","up",0.921536586770385,0.437342079821821,"tissue_specific","Flower","sepal"
"AT1G05680",119.3106869,0.372295535,0.125474892,2.967091885,0.003006311,0.013997189,"yes","up",0.954444140264935,0.722870277297197,"tissue_specific","Flower","sepal"
"AT1G06260",4.664861754,-0.620792788,0.249841788,-2.484743617,0.012964477,0.045095412,"yes","down",0.941663258697594,0.912194011889684,"tissue_specific","Flower","flower_stage_10_11"
"AT1G06520",15.81329131,0.555483553,0.14450868,3.84394594,0.000121072,0.000996169,"yes","up",0.83839561318864,0.643196387712573,"tissue_specific","Flower","flower_stage_15"
"AT1G07160",14.04029991,1.089500083,0.24564139,4.43532778,9.19e-06,0.000114481,"yes","up",0.914594104804444,0.539744093135862,"tissue_specific","Flower","mature_pollen"
"AT1G07220",212.8227695,0.242478276,0.052585537,4.611121016,4.01e-06,5.68e-05,"yes","up",0.710008332811855,0.440458457243775,"tissue_specific","Flower","mature_pollen"
"AT1G07270",28.48925179,-0.278945223,0.110780536,-2.517998484,0.011802383,0.04188762,"yes","down",0.614545021101371,0.182713580420835,"tissue_specific","Flower","mature_pollen"
"AT1G07350",508.5892492,0.28794211,0.064913835,4.435758732,9.17e-06,0.000114425,"yes","up",0.74941524957441,0.467370411496996,"tissue_specific","Flower","petal"
"AT1G07390",74.04188117,0.251476809,0.078818012,3.190600777,0.001419773,0.007644658,"yes","up",0.635805563884261,0.326661243824328,"tissue_specific","Flower","sepal"
"AT1G07790",757.9593918,-0.717037445,0.093042263,-7.706577859,1.29e-14,1.82e-12,"yes","down",0.741508937741926,0.629729583582133,"tissue_specific","Flower","inflorescence_apex"
"AT1G07795",5.045750418,-0.580634524,0.199683835,-2.907769291,0.003640168,0.016322936,"yes","down",0.772308142474491,0.499980453401908,"tissue_specific","Flower","stamen"
"AT1G08130",688.0357406,0.185273548,0.063703094,2.908391695,0.00363293,0.016307405,"yes","up",0.632599892454579,0.437800964025797,"tissue_specific","Flower","mature_pollen"
"AT1G08270",91.18626412,1.792128366,0.252071564,7.109601482,1.16e-12,1.08e-10,"yes","up",0.80468474382012,0.468109235520654,"tissue_specific","Flower","mature_pollen"
"AT1G08560",502.9746908,-1.045224137,0.270735501,-3.8606837,0.00011307,0.000939846,"yes","down",0.699877850775303,0.542058303765743,"tissue_specific","Flower","inflorescence_apex"
"AT1G08600",583.5127847,0.139065711,0.05194805,2.677015032,0.00742813,0.028899705,"yes","up",0.784715295257733,0.342307115657317,"tissue_specific","Flower","mature_pollen"
"AT1G08860",4.524904063,0.824917492,0.255441124,3.229384054,0.001240572,0.006853527,"yes","up",0.955670923958969,0.72544629157211,"tissue_specific","Flower","mature_pollen"
"AT1G09070",1318.253493,1.00269989,0.19336727,5.185468519,2.15e-07,4.69e-06,"yes","up",0.675946280217435,0.451539193215443,"tissue_specific","Flower","mature_pollen"
"AT1G09080",19.78673847,1.73827303,0.332784442,5.223420367,1.76e-07,3.96e-06,"yes","up",0.90571857994794,0.51827024117989,"tissue_specific","Flower","sepal"
"AT1G09155",15.25320122,-0.325346995,0.117790978,-2.762070592,0.005743606,0.023477375,"yes","down",0.915919693434296,0.667628008307362,"tissue_specific","Flower","stamen"
"AT1G09180",24.4950123,2.139610756,0.30590932,6.994264689,2.67e-12,2.29e-10,"yes","up",0.65647198098181,0.32207976057165,"tissue_specific","Flower","mature_pollen"
"AT1G09200",1375.802781,-0.56068659,0.104407361,-5.370182582,7.87e-08,1.99e-06,"yes","down",0.700305413296331,0.534496784786449,"tissue_specific","Flower","inflorescence_apex"
"AT1G09340",15153.57054,-0.223808035,0.035861907,-6.24082919,4.35e-10,2.12e-08,"yes","down",0.688313685511833,0.602448951815003,"tissue_specific","Flower","pedicel"
"AT1G09410",31.13454085,0.363909015,0.107115761,3.39734331,0.000680435,0.004151114,"yes","up",0.814871783670529,0.661548256747513,"tissue_specific","Flower","petal"
"AT1G09600",51.07578113,-0.280505241,0.088146912,-3.182246948,0.001461372,0.007825133,"yes","down",0.973490668062116,0.821870478446956,"tissue_specific","Flower","mature_pollen"
"AT1G09930",4.748325663,0.953462331,0.256372458,3.71905133,0.000199972,0.001501736,"yes","up",0.922650957870473,0.669461537479331,"tissue_specific","Flower","mature_pollen"
"AT1G09940",350.3225748,0.370246648,0.134710563,2.748460392,0.005987587,0.024275445,"yes","up",0.924530111597676,0.195115817966671,"tissue_specific","Flower","mature_pollen"
"AT1G10020",349.8842703,-0.339473604,0.126307008,-2.687686216,0.007194897,0.028197059,"yes","down",0.602791313375505,0.362765319922974,"tissue_specific","Flower","petal"
"AT1G10170",832.3631497,0.25573556,0.052374255,4.882848646,1.05e-06,1.8e-05,"yes","up",0.694110430752355,0.125223134349,"tissue_specific","Flower","mature_pollen"
"AT1G10585",4.744385573,0.83254479,0.227272051,3.663207979,0.000249076,0.001805496,"yes","up",0.901860014273755,0.596627423718239,"tissue_specific","Flower","sepal"
"AT1G11220",45.43336223,-0.901249191,0.208040111,-4.332093397,1.48e-05,0.000172105,"yes","down",0.738318669974744,0.563412824509411,"tissue_specific","Flower","inflorescence_apex"
"AT1G11755",115.1082529,0.128447615,0.052429829,2.449895746,0.014289758,0.048748549,"yes","up",0.707816067172218,0.421998549273968,"tissue_specific","Flower","flower_stage_10_11"
"AT1G11850",179.005286,-0.211835814,0.067174236,-3.153527694,0.001613099,0.008450131,"yes","down",0.863314359955138,0.697152377181507,"tissue_specific","Flower","petal"
"AT1G11860",20183.52249,-0.186124894,0.037523737,-4.9601908,7.04e-07,1.3e-05,"yes","down",0.639940103814862,0.525723257976889,"tissue_specific","Flower","pedicel"
"AT1G11920",5.230858474,-0.959013178,0.234700246,-4.086119187,4.39e-05,0.0004273,"yes","down",0.972497906863335,0.623655159581386,"tissue_specific","Flower","flower_stage_9"
"AT1G12310",816.1346195,-0.189842683,0.040362164,-4.70348125,2.56e-06,3.86e-05,"yes","down",0.804879010898111,0.216701649701414,"tissue_specific","Flower","mature_pollen"
"AT1G12750",154.950955,0.156668482,0.06229276,2.515035193,0.01190205,0.042163014,"yes","up",0.914330880055383,0.197457456121446,"tissue_specific","Flower","mature_pollen"
"AT1G12880",42.84881233,0.357787618,0.111081003,3.220961346,0.001277614,0.007023598,"yes","up",0.691552652477863,0.541286814802893,"tissue_specific","Flower","carpel"
"AT1G13330",122.3281629,2.173220894,0.236681035,9.182066048,4.23e-20,1.72e-17,"yes","up",0.67082540294598,0.54498322107315,"tissue_specific","Flower","inflorescence_apex"
"AT1G13730",700.3497979,-0.19611437,0.065995112,-2.971649933,0.002962042,0.013840281,"yes","down",0.669139931153833,0.341756338180028,"tissue_specific","Flower","inflorescence_apex"
"AT1G13790",119.7412207,0.264206492,0.066612667,3.966310059,7.3e-05,0.000654751,"yes","up",0.649766390720122,0.715943204759471,"tissue_specific","Flower","flower_stage_9"
"AT1G14130",130.8715207,0.41493644,0.078771652,5.267585861,1.38e-07,3.23e-06,"yes","up",0.772979278726564,0.559492495318308,"tissue_specific","Flower","sepal"
"AT1G14640",47.8551396,0.761964635,0.121260337,6.283708689,3.31e-10,1.66e-08,"yes","up",0.864039936664718,0.151511407280127,"tissue_specific","Flower","mature_pollen"
"AT1G14900",639.5523762,-0.442417414,0.079561603,-5.560690045,2.69e-08,7.9e-07,"yes","down",0.757768861716308,0.659844046213424,"tissue_specific","Flower","inflorescence_apex"
"AT1G14970",122.5438067,0.236755754,0.084671076,2.796182195,0.005171024,0.02163588,"yes","up",0.915362147254742,0.444226074512626,"tissue_specific","Flower","mature_pollen"
"AT1G15190",13.72168357,1.26557229,0.225914442,5.601998159,2.12e-08,6.41e-07,"yes","up",0.937088043124997,0.586505833417128,"tissue_specific","Flower","flower_stage_9"
"AT1G15230",232.1380134,0.212074941,0.06307511,3.362260333,0.000773072,0.004616264,"yes","up",0.738965282132315,0.47707809450236,"tissue_specific","Flower","mature_pollen"
"AT1G15260",348.466479,-0.283022904,0.068977862,-4.103097653,4.08e-05,0.000401741,"yes","down",0.852926000644169,0.674488631022863,"tissue_specific","Flower","petal"
"AT1G15310",116.9126938,0.625847568,0.092222622,6.786269498,1.15e-11,8.32e-10,"yes","up",0.757681013766363,0.574588492782224,"tissue_specific","Flower","mature_pollen"
"AT1G15430",123.7367665,0.294253398,0.085315161,3.449016484,0.000562632,0.003542329,"yes","up",0.931168144115274,0.54215048788581,"tissue_specific","Flower","mature_pollen"
"AT1G15920",259.0460382,0.258776806,0.062538444,4.137883674,3.51e-05,0.000354327,"yes","up",0.935108857625783,0.420713562600748,"tissue_specific","Flower","mature_pollen"
"AT1G16080",2455.525195,-0.117703451,0.031183834,-3.774502227,0.000160327,0.001256032,"yes","down",0.610794818304128,0.470206120216967,"tissue_specific","Flower","pedicel"
"AT1G16330",82.41917495,-0.772435583,0.170415384,-4.532663455,5.82e-06,7.81e-05,"yes","down",0.771227986967235,0.496763840595817,"tissue_specific","Flower","mature_pollen"
"AT1G17290",2668.439164,0.590108822,0.078470268,7.520158102,5.47e-14,6.61e-12,"yes","up",0.928483295687846,0.371047816677015,"tissue_specific","Flower","mature_pollen"
"AT1G17360",1191.098276,0.931126065,0.135911257,6.850985612,7.33e-12,5.6e-10,"yes","up",0.601970240745542,0.356737251363618,"tissue_specific","Flower","pedicel"
"AT1G17380",38.22033859,1.883858217,0.234442619,8.035476757,9.32e-16,1.68e-13,"yes","up",0.683154913085677,0.372969076232562,"tissue_specific","Flower","petal"
"AT1G17420",190.9517015,0.72812434,0.160049847,4.549359789,5.38e-06,7.32e-05,"yes","up",0.839947907314919,0.55006250085632,"tissue_specific","Flower","sepal"
"AT1G17530",208.7564741,0.164227369,0.046339463,3.544006718,0.000394095,0.002636211,"yes","up",0.60538102551565,0.286786053755855,"tissue_specific","Flower","mature_pollen"
"AT1G17650",740.7437298,-0.201832433,0.037255388,-5.417536788,6.04e-08,1.59e-06,"yes","down",0.636728744717574,0.552681067112558,"tissue_specific","Flower","pedicel"
"AT1G17920",114.5032463,-0.397589686,0.06879587,-5.779266775,7.5e-09,2.62e-07,"yes","down",0.668868261737071,0.601466585743117,"tissue_specific","Flower","inflorescence_apex"
"AT1G18330",238.6154507,-0.343941945,0.120250896,-2.86020276,0.004233702,0.018488526,"yes","down",0.73167934381733,0.289967652076111,"tissue_specific","Flower","petal"
"AT1G18470",467.3871191,0.203612549,0.065057979,3.12970913,0.001749795,0.009000199,"yes","up",0.621922781451568,0.291694245237823,"tissue_specific","Flower","petal"
"AT1G18830",7.705321766,0.965145999,0.287870567,3.352708159,0.00080025,0.004748125,"yes","up",0.694851544082329,0.309905415267815,"tissue_specific","Flower","mature_pollen"
"AT1G19020",128.2215997,1.901148497,0.261175422,7.279201388,3.36e-13,3.44e-11,"yes","up",0.810686909783021,0.590833543600585,"tissue_specific","Flower","sepal"
"AT1G19310",115.3238409,0.312195298,0.095445068,3.270942178,0.001071898,0.006071085,"yes","up",0.69730183823652,0.0277571859516023,"tissue_specific","Flower","mature_pollen"
"AT1G19440",464.8840755,-0.124378812,0.044753866,-2.779174706,0.005449721,0.022526085,"yes","down",0.79645895892027,0.497964104664095,"tissue_specific","Flower","mature_pollen"
"AT1G19780",17.28508056,0.825672611,0.248866905,3.317727644,0.000907529,0.005269258,"yes","up",0.980385797079725,0.877634768770322,"tissue_specific","Flower","mature_pollen"
"AT1G20100",665.5872107,0.203726259,0.050082181,4.067839217,4.75e-05,0.000457678,"yes","up",0.66210170870994,0.199700191550815,"tissue_specific","Flower","mature_pollen"
"AT1G20120",18.08509182,2.217316725,0.30182966,7.34625193,2.04e-13,2.16e-11,"yes","up",0.935407372056012,0.929413997042097,"tissue_specific","Flower","flower_stage_10_11"
"AT1G20180",6.704496888,1.770315401,0.29901514,5.920487513,3.21e-09,1.22e-07,"yes","up",0.917406859546588,0.811381706843052,"tissue_specific","Flower","petal"
"AT1G20220",1087.514985,-0.120335372,0.048437141,-2.484361575,0.012978396,0.045130509,"yes","down",0.790818866619102,0.34339801101471,"tissue_specific","Flower","mature_pollen"
"AT1G20310",6.973020469,2.089134684,0.340188757,6.141104429,8.19e-10,3.64e-08,"yes","up",0.735800146015059,0.32711687970391,"tissue_specific","Flower","flower_stage_15"
"AT1G20750",101.5511868,6.216639708,0.472303428,13.16238534,1.44e-39,1.14e-35,"yes","up",0.761990322015336,0.165431328107213,"tissue_specific","Flower","mature_pollen"
"AT1G20880",134.1639825,0.217137288,0.062669121,3.46482103,0.000530584,0.003376746,"yes","up",0.746231533360406,0.245825265740844,"tissue_specific","Flower","mature_pollen"
"AT1G20930",188.0355303,-0.457070313,0.167149216,-2.734504672,0.006247421,0.025075848,"yes","down",0.672253756610615,0.531066724295054,"tissue_specific","Flower","inflorescence_apex"
"AT1G21010",111.0945403,0.286584412,0.107267695,2.67167494,0.007547372,0.029254662,"yes","up",0.856272916132275,0.490086158484587,"tissue_specific","Flower","stamen"
"AT1G21090",165.5071574,-0.421453368,0.109070905,-3.864031101,0.000111531,0.000931652,"yes","down",0.695849621129969,0.524680240526558,"tissue_specific","Flower","inflorescence_apex"
"AT1G21550",11.17600277,0.695367634,0.167844282,4.142933117,3.43e-05,0.000347955,"yes","up",0.892416947550588,0.604655253313659,"tissue_specific","Flower","sepal"
"AT1G21790",102.5001275,0.17759985,0.069247552,2.564709426,0.010326224,0.037624043,"yes","up",0.706823687182131,0.594914623820965,"tissue_specific","Flower","mature_pollen"
"AT1G21810",76.78313566,-0.560915333,0.157443829,-3.562637773,0.000367147,0.002480065,"yes","down",0.69658600979958,0.574130765140455,"tissue_specific","Flower","inflorescence_apex"
"AT1G21880",674.8888132,-0.1566556,0.063704298,-2.459105647,0.013928362,0.047785371,"yes","down",0.647929879470189,0.470996041063208,"tissue_specific","Flower","inflorescence_apex"
"AT1G22240",2.943754238,1.477110301,0.32096031,4.602158758,4.18e-06,5.87e-05,"yes","up",0.686656450014999,0.427401166724505,"tissue_specific","Flower","mature_pollen"
"AT1G22275",14.6400642,0.498134759,0.132147137,3.769546363,0.000163545,0.001273616,"yes","up",0.71460767169132,0.455388839160668,"tissue_specific","Flower","flower_stage_9"
"AT1G22460",25.01183203,-0.30964556,0.105545811,-2.933755089,0.003348883,0.015281306,"yes","down",0.955652443194347,0.729674424501729,"tissue_specific","Flower","mature_pollen"
"AT1G23210",12.07796695,-0.438213616,0.167727999,-2.612644394,0.008984473,0.033649664,"yes","down",0.98896385835844,0.780483511694375,"tissue_specific","Flower","mature_pollen"
"AT1G23380",101.3887347,0.274659235,0.083534463,3.287975103,0.001009108,0.005772311,"yes","up",0.78419292158982,0.549993803130706,"tissue_specific","Flower","inflorescence_apex"
"AT1G23520",6.54499402,1.951410329,0.349660922,5.580864789,2.39e-08,7.12e-07,"yes","up",0.852192239846851,0.719039155045933,"tissue_specific","Flower","flower_stage_12"
"AT1G24095",46.6205038,0.641531917,0.108570679,5.908887405,3.44e-09,1.3e-07,"yes","up",0.620836695304478,0.617343042741844,"tissue_specific","Flower","flower_stage_9"
"AT1G24470",12.29071752,0.86859243,0.221921459,3.913963222,9.08e-05,0.000784846,"yes","up",0.720678337681873,0.623133163744736,"tissue_specific","Flower","flower_stage_10_11"
"AT1G26330",67.98085457,-0.27563308,0.091715778,-3.005296206,0.002653223,0.012635239,"yes","down",0.619874297823937,0.469315944555957,"tissue_specific","Flower","inflorescence_apex"
"AT1G26780",12.09651541,-0.735080415,0.159151053,-4.618759351,3.86e-06,5.51e-05,"yes","down",0.704974658197154,0.657520906480042,"tissue_specific","Flower","inflorescence_apex"
"AT1G26920",334.8957314,-0.270358373,0.087778052,-3.080022489,0.00206985,0.010337408,"yes","down",0.749083320058135,0.320182007950642,"tissue_specific","Flower","stamen"
"AT1G27720",35.83832199,1.479466778,0.183456048,8.064420858,7.36e-16,1.34e-13,"yes","up",0.951658834797977,0.5510820076783,"tissue_specific","Flower","mature_pollen"
"AT1G27940",86.47084511,1.6141659,0.261855069,6.16434849,7.08e-10,3.23e-08,"yes","up",0.806172376004708,0.554689418264693,"tissue_specific","Flower","petal"
"AT1G28130",480.2875651,-0.345524622,0.069600968,-4.964365146,6.89e-07,1.28e-05,"yes","down",0.875417430928414,0.875265987432483,"tissue_specific","Flower","stamen"
"AT1G28480",21.84032651,1.129186189,0.178243323,6.335082682,2.37e-10,1.24e-08,"yes","up",0.827835930683896,0.602022529970122,"tissue_specific","Flower","sepal"
"AT1G29090",176.3368841,-0.898587619,0.228591297,-3.930979135,8.46e-05,0.000739897,"yes","down",0.861339874237279,0.737723338841275,"tissue_specific","Flower","mature_pollen"
"AT1G29340",698.2124256,0.276897007,0.073126004,3.78657374,0.000152739,0.00120782,"yes","up",0.706494751602689,0.368302087700374,"tissue_specific","Flower","mature_pollen"
"AT1G29500",48.05354755,-0.536019067,0.199561001,-2.685991067,0.007231502,0.028293477,"yes","down",0.779874736555418,0.452504023607428,"tissue_specific","Flower","flower_stage_15"
"AT1G29670",2072.157963,0.232075084,0.064361825,3.605787807,0.000311207,0.00216848,"yes","up",0.721479961153949,0.634028764042506,"tissue_specific","Flower","pedicel"
"AT1G30040",95.313714,0.681489234,0.182985544,3.724279079,0.000195874,0.001476132,"yes","up",0.892425295375279,0.807214727712658,"tissue_specific","Flower","sepal"
"AT1G30080",66.06449853,-0.23633008,0.07135068,-3.312233029,0.000925544,0.005361969,"yes","down",0.863651222983424,0.758671489102742,"tissue_specific","Flower","petal"
"AT1G30410",511.1206995,0.214612494,0.057488616,3.733130282,0.000189115,0.001433441,"yes","up",0.738563640067678,0.367229415042026,"tissue_specific","Flower","sepal"
"AT1G30440",960.0251662,-0.210998872,0.056866201,-3.710444341,0.000206896,0.001547321,"yes","down",0.639562469716351,0.381808290422564,"tissue_specific","Flower","petal"
"AT1G30600",389.4130056,0.440553824,0.121801211,3.616990515,0.000298048,0.002088553,"yes","up",0.610548582033553,0.404043337691615,"tissue_specific","Flower","inflorescence_apex"
"AT1G30660",15.97595158,1.815205296,0.280738653,6.465818927,1.01e-10,5.81e-09,"yes","up",0.668594736674669,0.170908681412546,"tissue_specific","Flower","mature_pollen"
"AT1G30810",243.3302051,0.204628979,0.053492863,3.825351047,0.000130586,0.001059656,"yes","up",0.886293054666468,0.241427140357603,"tissue_specific","Flower","mature_pollen"
"AT1G32080",5242.846281,-0.190058586,0.041995638,-4.525674444,6.02e-06,8.04e-05,"yes","down",0.691023385117868,0.586945858849764,"tissue_specific","Flower","pedicel"
"AT1G32190",163.4332226,-0.267621989,0.093951612,-2.848508743,0.004392465,0.019023254,"yes","down",0.778957081254022,0.648733415495938,"tissue_specific","Flower","inflorescence_apex"
"AT1G32470",6236.72446,-0.162747197,0.0345061,-4.716476132,2.4e-06,3.67e-05,"yes","down",0.669828004702018,0.588697390626305,"tissue_specific","Flower","pedicel"
"AT1G32530",405.6965474,0.175511955,0.052671932,3.332172351,0.000861709,0.005042964,"yes","up",0.739086384609763,0.349337403541685,"tissue_specific","Flower","mature_pollen"
"AT1G32940",144.6417733,0.427282841,0.092976496,4.595600602,4.32e-06,6.04e-05,"yes","up",0.883529581002594,0.612253585296799,"tissue_specific","Flower","sepal"
"AT1G33240",1034.683801,-0.249661951,0.076216857,-3.275678914,0.001054083,0.005990327,"yes","down",0.785423723949975,0.422713825560888,"tissue_specific","Flower","petal"
"AT1G33560",268.9705347,0.756378985,0.099588808,7.595019995,3.08e-14,3.88e-12,"yes","up",0.684529708577399,0.204724122977373,"tissue_specific","Flower","sepal"
"AT1G33960",62.8700031,2.591821422,0.381641547,6.791245456,1.11e-11,8.09e-10,"yes","up",0.896207683732815,0.530524249382266,"tissue_specific","Flower","sepal"
"AT1G35230",33.0711732,2.24472354,0.227435446,9.86971724,5.63e-23,3.49e-20,"yes","up",0.875718057693848,0.498286148960078,"tissue_specific","Flower","sepal"
"AT1G35530",96.47790494,0.280315538,0.081507988,3.439117373,0.000583614,0.003656002,"yes","up",0.904662599775977,0.526704335507902,"tissue_specific","Flower","mature_pollen"
"AT1G35910",22.46485227,0.898283273,0.213895852,4.199629224,2.67e-05,0.000282741,"yes","up",0.830392205399115,0.648281247510522,"tissue_specific","Flower","stamen"
"AT1G43670",3090.258235,-0.133826494,0.047829092,-2.798014518,0.00514178,0.021551775,"yes","down",0.67779399281555,0.506727432745729,"tissue_specific","Flower","pedicel"
"AT1G43910",267.817754,1.734594151,0.22612612,7.670914595,1.71e-14,2.29e-12,"yes","up",0.603045794284937,0.633855146579075,"tissue_specific","Flower","flower_stage_10_11"
"AT1G44000",1315.276126,-0.245130483,0.067265273,-3.644235319,0.000268188,0.001911804,"yes","down",0.753886887502848,0.466560618731158,"tissue_specific","Flower","mature_pollen"
"AT1G44100",526.5335985,0.289569602,0.074730056,3.874874658,0.00010668,0.000898128,"yes","up",0.78909413324045,0.2197618116307,"tissue_specific","Flower","stamen"
"AT1G44110",210.3241858,-0.783810493,0.195809854,-4.002916488,6.26e-05,0.000577704,"yes","down",0.739298798736275,0.622132021126348,"tissue_specific","Flower","inflorescence_apex"
"AT1G44780",126.3398438,-0.156766869,0.051021715,-3.072551925,0.002122369,0.010543858,"yes","down",0.656015196242464,0.578274038905099,"tissue_specific","Flower","inflorescence_apex"
"AT1G45180",205.9038847,0.184187381,0.07515627,2.450725421,0.014256866,0.048650421,"yes","up",0.65783455868924,0.100156502972129,"tissue_specific","Flower","mature_pollen"
"AT1G45474",1725.39289,-0.166384387,0.031836785,-5.226168061,1.73e-07,3.91e-06,"yes","down",0.6181226637966,0.552963048690365,"tissue_specific","Flower","pedicel"
"AT1G45616",15.65890205,0.344609844,0.131280652,2.624985773,0.008665259,0.03271092,"yes","up",0.718562692304662,0.163425375780129,"tissue_specific","Flower","mature_pollen"
"AT1G47870",200.0855059,0.294298888,0.067082228,4.387136439,1.15e-05,0.000138558,"yes","up",0.669898523169612,0.423998866794098,"tissue_specific","Flower","stamen"
"AT1G48100",53.82609775,-0.476186191,0.176689908,-2.695038992,0.007038039,0.02764207,"yes","down",0.705307633627211,0.760515179832831,"tissue_specific","Flower","petal"
"AT1G48330",67.2212692,-0.367801217,0.117138296,-3.139888742,0.00169012,0.008773075,"yes","down",0.643297291908822,0.651715760714376,"tissue_specific","Flower","carpel"
"AT1G48350",3846.502368,-0.185037249,0.039658183,-4.665802536,3.07e-06,4.53e-05,"yes","down",0.649061043743702,0.55893684612335,"tissue_specific","Flower","pedicel"
"AT1G48480",942.4272699,-0.242097552,0.067334107,-3.595466909,0.00032381,0.00224044,"yes","down",0.710663342569561,0.586808181953447,"tissue_specific","Flower","petal"
"AT1G48610",362.5657411,-0.291345654,0.058023978,-5.021125131,5.14e-07,9.93e-06,"yes","down",0.721566417181699,0.572394100123774,"tissue_specific","Flower","inflorescence_apex"
"AT1G48880",68.82777855,-0.193166905,0.054571362,-3.539711985,0.000400564,0.002675685,"yes","down",0.731073022050232,0.353633464964385,"tissue_specific","Flower","mature_pollen"
"AT1G49150",3.613129705,1.060477063,0.302667785,3.503765898,0.000458728,0.002999613,"yes","up",0.614390629327828,0.291885442952985,"tissue_specific","Flower","mature_pollen"
"AT1G49250",2.466762267,1.541597783,0.346932782,4.443505669,8.85e-06,0.000111395,"yes","up",0.886034415628939,0.489208361583472,"tissue_specific","Flower","mature_pollen"
"AT1G50010",4943.094553,-0.228398219,0.068507255,-3.333927442,0.00085629,0.005023724,"yes","down",0.874825177984943,0.389513445601065,"tissue_specific","Flower","mature_pollen"
"AT1G50240",286.7331556,-0.389694172,0.126741561,-3.074714949,0.002107038,0.010480948,"yes","down",0.721457970450417,0.589998417984714,"tissue_specific","Flower","inflorescence_apex"
"AT1G50640",534.5226693,0.216089165,0.060025311,3.599967444,0.000318257,0.00220915,"yes","up",0.774581129719955,0.0953792257264557,"tissue_specific","Flower","mature_pollen"
"AT1G50750",18.50369443,1.848981165,0.353722013,5.227215438,1.72e-07,3.89e-06,"yes","up",0.829375473830207,0.394860029407071,"tissue_specific","Flower","carpel"
"AT1G51190",25.55094092,-0.386731285,0.132761171,-2.912984881,0.003579919,0.016117158,"yes","down",0.739809042831499,0.596438408899589,"tissue_specific","Flower","mature_pollen"
"AT1G51440",23.3680307,-0.321691278,0.125079988,-2.571884469,0.010114664,0.036949166,"yes","down",0.886583762715296,0.776721701404715,"tissue_specific","Flower","petal"
"AT1G51760",502.7833655,0.400812727,0.079572553,5.03707262,4.73e-07,9.24e-06,"yes","up",0.721610763121336,0.208847464027119,"tissue_specific","Flower","sepal"
"AT1G52500",219.4594824,0.109782409,0.038620922,2.842563151,0.004475236,0.019300173,"yes","up",0.616569803658972,0.546742909523816,"tissue_specific","Flower","mature_pollen"
"AT1G52890",4.410157563,0.667224381,0.221635696,3.010455413,0.002608562,0.012457788,"yes","up",0.780494745244001,0.715191274380965,"tissue_specific","Flower","stamen"
"AT1G53080",7.005580262,1.108974714,0.217484368,5.099100787,3.41e-07,6.95e-06,"yes","up",0.821624879901693,0.518807568075153,"tissue_specific","Flower","inflorescence_apex"
"AT1G53140",193.5842435,-0.892644027,0.207497495,-4.301950869,1.69e-05,0.000192705,"yes","down",0.758530662119151,0.630055868448291,"tissue_specific","Flower","inflorescence_apex"
"AT1G53700",28.92336536,-0.346445736,0.103805421,-3.337453229,0.0008455,0.004969075,"yes","down",0.805831106503461,0.454513920864376,"tissue_specific","Flower","stamen"
"AT1G53830",173.3105556,-0.349399246,0.102661936,-3.403396231,0.000665537,0.004074987,"yes","down",0.943631465175557,0.922343851060749,"tissue_specific","Flower","petal"
"AT1G53860",21.58045553,-0.494466697,0.133784873,-3.695983599,0.000219037,0.001620969,"yes","down",0.760307283355773,0.642276369374076,"tissue_specific","Flower","inflorescence_apex"
"AT1G54280",11.01456614,1.733663643,0.292878161,5.919402236,3.23e-09,1.22e-07,"yes","up",0.983169479291579,0.831915788720055,"tissue_specific","Flower","mature_pollen"
"AT1G54320",853.9625245,0.07841818,0.029570283,2.651925213,0.008003427,0.030698955,"yes","up",0.775521246167741,0.428298507503149,"tissue_specific","Flower","mature_pollen"
"AT1G54830",279.142209,0.149426565,0.0380786,3.92416121,8.7e-05,0.000756217,"yes","up",0.740071747920277,0.513450445388177,"tissue_specific","Flower","mature_pollen"
"AT1G55020",1332.126988,0.236244665,0.078691432,3.002165018,0.002680668,0.01274695,"yes","up",0.740645061055676,0.74424513048001,"tissue_specific","Flower","flower_stage_15"
"AT1G55680",1015.109419,0.107142807,0.037885073,2.828100835,0.004682505,0.020040069,"yes","up",0.722070923149237,0.305069096871669,"tissue_specific","Flower","mature_pollen"
"AT1G55700",4.583904676,-0.491909483,0.188632328,-2.607768718,0.009113451,0.034024608,"yes","down",0.774755337142052,0.294879177218569,"tissue_specific","Flower","mature_pollen"
"AT1G56020",153.1835941,-0.238490655,0.068723499,-3.470292659,0.000519892,0.003316753,"yes","down",0.778219678500147,0.41517007913535,"tissue_specific","Flower","inflorescence_apex"
"AT1G56060",8.342130773,2.297238507,0.367197539,6.256138084,3.95e-10,1.94e-08,"yes","up",0.814647009367759,0.486535482682827,"tissue_specific","Flower","sepal"
"AT1G56210",146.8830945,-0.215255965,0.070560408,-3.050662122,0.002283374,0.011167593,"yes","down",0.745046374183306,0.695678638538093,"tissue_specific","Flower","carpel"
"AT1G56300",302.4375247,0.219827228,0.08686365,2.530715992,0.011382998,0.040625496,"yes","up",0.727079011218568,0.322754826849395,"tissue_specific","Flower","mature_pollen"
"AT1G56540",36.52607341,0.70529598,0.204779255,3.444176905,0.000572801,0.003596865,"yes","up",0.729141591311749,0.406159307233204,"tissue_specific","Flower","mature_pollen"
"AT1G57650",2.012210106,1.555041296,0.354965842,4.380819536,1.18e-05,0.000141838,"yes","up",0.85622790147614,0.505798196508377,"tissue_specific","Flower","sepal"
"AT1G59640",25.32023144,0.397052133,0.130211234,3.049292457,0.002293811,0.01121593,"yes","up",0.925785061209312,0.923117676500266,"tissue_specific","Flower","petal"
"AT1G59820",459.0945298,0.130282386,0.039089852,3.332895386,0.000859473,0.005036129,"yes","up",0.720711931297426,0.240687850199876,"tissue_specific","Flower","mature_pollen"
"AT1G60500",13.81880432,3.761481836,0.411798392,9.134280042,6.58e-20,2.59e-17,"yes","up",0.61940876067004,0.329124966979705,"tissue_specific","Flower","sepal"
"AT1G60610",131.610667,0.227009214,0.064134912,3.539557589,0.000400798,0.002676493,"yes","up",0.836557793984511,0.445883179020101,"tissue_specific","Flower","mature_pollen"
"AT1G60730",488.6789379,0.581066003,0.073843618,7.868872372,3.58e-15,5.63e-13,"yes","up",0.889500012562875,0.657585307759003,"tissue_specific","Flower","sepal"
"AT1G60740",37.06594111,0.407593223,0.112366912,3.627342046,0.000286354,0.002021629,"yes","up",0.980609324987786,0.7602659676177,"tissue_specific","Flower","mature_pollen"
"AT1G60800",784.7906043,-0.156055965,0.051292975,-3.04244322,0.002346661,0.011422225,"yes","down",0.609112742261565,0.502617430694045,"tissue_specific","Flower","inflorescence_apex"
"AT1G60860",191.1396052,-0.204169381,0.05529079,-3.69264718,0.000221932,0.001637946,"yes","down",0.691282880422538,0.601671296756249,"tissue_specific","Flower","inflorescence_apex"
"AT1G60890",300.4222551,0.280548152,0.082214518,3.412391841,0.000643955,0.003969651,"yes","up",0.642024510098203,0.508662746200099,"tissue_specific","Flower","inflorescence_apex"
"AT1G61065",41.77415369,0.466243128,0.113699972,4.100644196,4.12e-05,0.000405664,"yes","up",0.607435559456403,0.520588099573589,"tissue_specific","Flower","flower_stage_9"
"AT1G61120",2.431345114,1.625965678,0.402090341,4.043781987,5.26e-05,0.000498729,"yes","up",0.922397589223445,0.679461411419844,"tissue_specific","Flower","sepal"
"AT1G61130",8.862489404,-0.492056345,0.187393583,-2.6257908,0.008644793,0.032657645,"yes","down",0.933861446487063,0.746828900201389,"tissue_specific","Flower","stamen"
"AT1G61170",70.28319443,-0.229407596,0.067181303,-3.414753614,0.000638397,0.003940545,"yes","down",0.643641073410623,0.579847347959894,"tissue_specific","Flower","petal"
"AT1G61610",5.904352198,0.60240426,0.199678076,3.016877321,0.002553931,0.012220513,"yes","up",0.852651821766111,0.622476670284465,"tissue_specific","Flower","sepal"
"AT1G62030",81.78394917,-0.19943087,0.077425345,-2.575782779,0.010001346,0.036631715,"yes","down",0.669184666183056,0.723676886181835,"tissue_specific","Flower","flower_stage_10_11"
"AT1G62300",478.011052,0.494145257,0.083126631,5.944487961,2.77e-09,1.07e-07,"yes","up",0.79529657547756,0.73347531247638,"tissue_specific","Flower","sepal"
"AT1G62690",5.620364833,0.955166941,0.231656327,4.123206785,3.74e-05,0.00037384,"yes","up",0.804343823415997,0.578453334032134,"tissue_specific","Flower","mature_pollen"
"AT1G63440",163.9994655,0.173201063,0.066408728,2.60810693,0.009104451,0.033996392,"yes","up",0.841850100907277,0.763155826147978,"tissue_specific","Flower","mature_pollen"
"AT1G63470",344.8987869,-0.185858243,0.064433858,-2.884481034,0.003920594,0.017333113,"yes","down",0.69999636225776,0.634371473412801,"tissue_specific","Flower","inflorescence_apex"
"AT1G63530",75.45665448,0.982034536,0.151911397,6.464521783,1.02e-10,5.84e-09,"yes","up",0.742269778094311,0.524729332433049,"tissue_specific","Flower","sepal"
"AT1G63840",223.0819021,0.16088222,0.06247513,2.575140212,0.010019946,0.036688441,"yes","up",0.763458633537995,0.648802033668149,"tissue_specific","Flower","petal"
"AT1G64020",2.169599475,0.700790795,0.272332992,2.573286439,0.01007378,0.036834063,"yes","up",0.809499528462192,0.318002307027727,"tissue_specific","Flower","mature_pollen"
"AT1G64300",52.85942385,0.559596574,0.094534091,5.919521398,3.23e-09,1.22e-07,"yes","up",0.979139700437897,0.791843687907689,"tissue_specific","Flower","mature_pollen"
"AT1G64450",127.9713356,-0.300696325,0.078963347,-3.808049383,0.000140067,0.001124594,"yes","down",0.662587557083661,0.664581008910354,"tissue_specific","Flower","inflorescence_apex"
"AT1G64480",10.07197245,-0.45638636,0.147155978,-3.101378311,0.00192622,0.009740936,"yes","down",0.768509158983754,0.439581732823655,"tissue_specific","Flower","mature_pollen"
"AT1G64610",106.7890237,0.494483161,0.096285926,5.13557052,2.81e-07,5.88e-06,"yes","up",0.943934315345983,0.398408676294363,"tissue_specific","Flower","mature_pollen"
"AT1G64640",310.4953892,-0.335760723,0.073984655,-4.538248153,5.67e-06,7.65e-05,"yes","down",0.610205382019728,0.478931944358331,"tissue_specific","Flower","pedicel"
"AT1G64980",539.6301119,0.363811175,0.116010346,3.136023527,0.001712555,0.008843385,"yes","up",0.88180265869577,0.209339361707797,"tissue_specific","Flower","mature_pollen"
"AT1G65240",14.64497361,0.743391462,0.174185382,4.26781774,1.97e-05,0.000218767,"yes","up",0.983038280710862,0.782379801818269,"tissue_specific","Flower","mature_pollen"
"AT1G65430",360.7663316,0.098318,0.033518468,2.933248618,0.003354352,0.015300335,"yes","up",0.860219141530004,0.32374410736252,"tissue_specific","Flower","mature_pollen"
"AT1G65500",26.14441056,1.313332767,0.262148824,5.00987473,5.45e-07,1.04e-05,"yes","up",0.845433054524692,0.68309099494553,"tissue_specific","Flower","sepal"
"AT1G65590",483.5839197,-0.216172763,0.075908443,-2.84780922,0.004402131,0.019051115,"yes","down",0.89288518296742,0.270875391484242,"tissue_specific","Flower","mature_pollen"
"AT1G66170",3.655076288,0.55985435,0.227915513,2.456411773,0.014033226,0.048061198,"yes","up",0.718098793957187,0.274761143331394,"tissue_specific","Flower","mature_pollen"
"AT1G66260",1181.689356,0.143855386,0.054412237,2.643805767,0.008197968,0.031331178,"yes","up",0.826413798619129,0.202061900057389,"tissue_specific","Flower","mature_pollen"
"AT1G66400",47.17729465,0.584983118,0.150092433,3.897485732,9.72e-05,0.000828649,"yes","up",0.794781249944916,0.546996882708001,"tissue_specific","Flower","petal"
"AT1G66500",56.85798671,0.830622669,0.152201229,5.457397908,4.83e-08,1.31e-06,"yes","up",0.793662227902698,0.328730633635119,"tissue_specific","Flower","mature_pollen"
"AT1G67070",83.0039375,0.293151233,0.111936903,2.618897127,0.008821455,0.033149801,"yes","up",0.770641064388995,0.396587531803086,"tissue_specific","Flower","mature_pollen"
"AT1G67220",2.776373493,0.941234815,0.279670227,3.365516688,0.000764004,0.004569527,"yes","up",0.647580106666879,0.130369234159611,"tissue_specific","Flower","mature_pollen"
"AT1G67590",227.2675283,-0.29327958,0.072927423,-4.021526722,5.78e-05,0.000541104,"yes","down",0.655240164175523,0.475474581260127,"tissue_specific","Flower","petal"
"AT1G67700",3039.198233,-0.107527741,0.029308011,-3.668885573,0.00024361,0.001769683,"yes","down",0.639609775694195,0.601542565011293,"tissue_specific","Flower","pedicel"
"AT1G67810",82.23055714,1.026312001,0.171310664,5.990940541,2.09e-09,8.46e-08,"yes","up",0.966078984343291,0.594305055264677,"tissue_specific","Flower","mature_pollen"
"AT1G67830",237.506649,-0.187188711,0.064166395,-2.917239023,0.00353145,0.01594157,"yes","down",0.64152115459322,0.706702369840215,"tissue_specific","Flower","inflorescence_apex"
"AT1G68120",21.54315561,-0.383578439,0.099327914,-3.86173861,0.000112583,0.00093788,"yes","down",0.824876591560977,0.505728748797748,"tissue_specific","Flower","mature_pollen"
"AT1G68240",22.1607721,2.774665231,0.368513873,7.52933724,5.1e-14,6.23e-12,"yes","up",0.935044324381791,0.161076377334045,"tissue_specific","Flower","mature_pollen"
"AT1G68290",7.13804357,1.158631092,0.288350344,4.018136665,5.87e-05,0.000548294,"yes","up",0.895693992225259,0.586085576319271,"tissue_specific","Flower","stamen"
"AT1G68400",369.5325989,-0.412940914,0.073087962,-5.64991691,1.61e-08,5.05e-07,"yes","down",0.698242895729283,0.471315938240716,"tissue_specific","Flower","inflorescence_apex"
"AT1G68560",3318.173452,-0.153656803,0.061794567,-2.486574644,0.012897951,0.044910398,"yes","down",0.675631053394953,0.621054180617133,"tissue_specific","Flower","petal"
"AT1G68690",138.6160031,0.499174315,0.105598293,4.727105892,2.28e-06,3.52e-05,"yes","up",0.664110479507969,0.47188238015069,"tissue_specific","Flower","stamen"
"AT1G68710",294.6427898,-0.116338754,0.039596348,-2.938118256,0.00330211,0.015129378,"yes","down",0.71055325816925,0.483921486258093,"tissue_specific","Flower","stamen"
"AT1G68780",254.1783091,-0.373523809,0.086714256,-4.307524819,1.65e-05,0.000189009,"yes","down",0.697392247284585,0.498572275461872,"tissue_specific","Flower","flower_stage_10_11"
"AT1G69400",37.67604007,-0.33262368,0.131052985,-2.538085501,0.011146075,0.039977767,"yes","down",0.638955510765282,0.45073579623806,"tissue_specific","Flower","inflorescence_apex"
"AT1G69420",1123.082056,0.16698091,0.063226176,2.641009163,0.008265948,0.031565398,"yes","up",0.636796767295203,0.565981678498893,"tissue_specific","Flower","inflorescence_apex"
"AT1G69720",6.9867417,1.244037431,0.230618433,5.394353851,6.88e-08,1.77e-06,"yes","up",0.817187819669715,0.626848596503777,"tissue_specific","Flower","mature_pollen"
"AT1G69730",181.1011612,0.511775067,0.140613854,3.639577844,0.000273085,0.001940157,"yes","up",0.760840726963582,0.576227251568517,"tissue_specific","Flower","sepal"
"AT1G69840",386.360006,1.092467617,0.18399845,5.937374037,2.9e-09,1.11e-07,"yes","up",0.680587451804926,0.362128272577981,"tissue_specific","Flower","mature_pollen"
"AT1G70170",58.31249376,0.507955697,0.128532324,3.951968501,7.75e-05,0.000686904,"yes","up",0.971245526979754,0.805345621330836,"tissue_specific","Flower","mature_pollen"
"AT1G70420",77.93753894,0.431213306,0.084517921,5.102033995,3.36e-07,6.86e-06,"yes","up",0.903336051940248,0.495191027874909,"tissue_specific","Flower","mature_pollen"
"AT1G70470",75.95188306,-0.318114254,0.08269581,-3.846800151,0.000119671,0.000986655,"yes","down",0.662666456649964,0.561597823538604,"tissue_specific","Flower","inflorescence_apex"
"AT1G70530",370.180661,0.557872624,0.093753873,5.950395528,2.67e-09,1.04e-07,"yes","up",0.609503555477063,0.329558263200154,"tissue_specific","Flower","sepal"
"AT1G70590",175.600101,0.241529397,0.07667165,3.150178701,0.001631706,0.008522981,"yes","up",0.775893997197147,0.279760473597981,"tissue_specific","Flower","mature_pollen"
"AT1G70710",436.696805,-0.335849735,0.066238268,-5.070327862,3.97e-07,7.95e-06,"yes","down",0.729720435534115,0.740330898186312,"tissue_specific","Flower","carpel"
"AT1G70940",1197.776417,-0.244396537,0.079944628,-3.057072647,0.002235101,0.010992705,"yes","down",0.662090099636532,0.512393478628123,"tissue_specific","Flower","petal"
"AT1G71040",501.0074782,0.42028758,0.083795348,5.015643337,5.29e-07,1.02e-05,"yes","up",0.734371996215197,0.475865802887417,"tissue_specific","Flower","sepal"
"AT1G71100",284.2390738,0.270135531,0.044537651,6.065329563,1.32e-09,5.58e-08,"yes","up",0.731820154655933,0.296200052177247,"tissue_specific","Flower","sepal"
"AT1G71280",5.851218296,0.582565302,0.20689164,2.81579914,0.004865608,0.020651237,"yes","up",0.727575575502784,0.385359145423944,"tissue_specific","Flower","mature_pollen"
"AT1G71870",134.2554261,-0.310347934,0.098282288,-3.157719865,0.001590083,0.008359351,"yes","down",0.701570550076198,0.745391912014144,"tissue_specific","Flower","carpel"
"AT1G71880",2207.806485,0.395879415,0.05564028,7.114978839,1.12e-12,1.05e-10,"yes","up",0.862871004836388,0.492603073369617,"tissue_specific","Flower","stamen"
"AT1G72240",17.28053014,0.371968063,0.125223148,2.970441727,0.002973718,0.013874446,"yes","up",0.766121428562213,0.529613826153719,"tissue_specific","Flower","petal"
"AT1G72250",276.1992324,-0.808918455,0.218287666,-3.705745134,0.00021077,0.001571073,"yes","down",0.761891856017798,0.632379786257846,"tissue_specific","Flower","inflorescence_apex"
"AT1G72280",66.63950625,0.583817453,0.11122771,5.248848986,1.53e-07,3.54e-06,"yes","up",0.87188534615432,0.325902650129461,"tissue_specific","Flower","flower_stage_10_11"
"AT1G72670",166.9063057,-0.765216959,0.19235181,-3.978215529,6.94e-05,0.000630257,"yes","down",0.775990235654604,0.715545261828981,"tissue_specific","Flower","inflorescence_apex"
"AT1G72910",108.9265611,1.617280836,0.30070606,5.37827817,7.52e-08,1.91e-06,"yes","up",0.732162412650426,0.661275547986846,"tissue_specific","Flower","sepal"
"AT1G72970",1178.282325,-0.433036026,0.09580412,-4.520014656,6.18e-06,8.23e-05,"yes","down",0.711325997601126,0.793892570366957,"tissue_specific","Flower","flower_stage_10_11"
"AT1G73250",217.0561346,0.2181518,0.05584311,3.906512351,9.36e-05,0.000805006,"yes","up",0.889644086014522,0.42342588163756,"tissue_specific","Flower","mature_pollen"
"AT1G73540",161.8640013,0.88012546,0.253152787,3.476657195,0.000507707,0.003256644,"yes","up",0.89907257819925,0.134579977147123,"tissue_specific","Flower","mature_pollen"
"AT1G73590",347.5794592,-0.53285969,0.10032681,-5.311239239,1.09e-07,2.65e-06,"yes","down",0.792171301338084,0.593716989666019,"tissue_specific","Flower","inflorescence_apex"
"AT1G73860",34.41482897,-0.338620117,0.111572856,-3.034968631,0.002405607,0.011641834,"yes","down",0.986601477514945,0.788960195088017,"tissue_specific","Flower","mature_pollen"
"AT1G74110",8.505870211,-0.77588551,0.20562329,-3.773334768,0.00016108,0.001259833,"yes","down",0.69869093426867,0.110075750267898,"tissue_specific","Flower","mature_pollen"
"AT1G74300",73.43077615,0.271272571,0.078163702,3.470569625,0.000519356,0.003314232,"yes","up",0.889784531962859,0.302363241843417,"tissue_specific","Flower","stamen"
"AT1G74320",192.7247844,-0.115180647,0.043524605,-2.646334123,0.00813694,0.03111812,"yes","down",0.946902995741321,0.463922225264848,"tissue_specific","Flower","mature_pollen"
"AT1G74410",105.9321141,0.231993462,0.062790152,3.694742812,0.000220109,0.001626533,"yes","up",0.817165042088062,0.505193515836242,"tissue_specific","Flower","mature_pollen"
"AT1G74430",80.75884189,0.441405674,0.111668573,3.952819152,7.72e-05,0.000685043,"yes","up",0.749965318289491,0.675499662977084,"tissue_specific","Flower","carpel"
"AT1G74450",282.7297907,1.126458266,0.130521322,8.630453975,6.11e-18,1.64e-15,"yes","up",0.873976127250409,0.260696796295853,"tissue_specific","Flower","mature_pollen"
"AT1G74650",34.7448168,0.454400531,0.110119271,4.126439685,3.68e-05,0.000369253,"yes","up",0.82992845753386,0.516871024077293,"tissue_specific","Flower","pedicel"
"AT1G74670",445.9068555,-0.6844177,0.21610785,-3.167019155,0.001540102,0.008165726,"yes","down",0.672451705585166,0.557540611546256,"tissue_specific","Flower","petal"
"AT1G74810",22.03221486,0.669223568,0.182633262,3.664302768,0.000248013,0.001798344,"yes","up",0.788006636237482,0.261660449439204,"tissue_specific","Flower","sepal"
"AT1G74870",22.13902615,0.7830441,0.128678293,6.085285101,1.16e-09,4.97e-08,"yes","up",0.942371010230355,0.790461203524926,"tissue_specific","Flower","flower_stage_9"
"AT1G75090",59.19156985,-0.282844884,0.099378459,-2.846138763,0.004425291,0.019131132,"yes","down",0.7414842072405,0.802123206991035,"tissue_specific","Flower","inflorescence_apex"
"AT1G75240",439.7620564,-0.316055787,0.103536154,-3.052612777,0.002268585,0.011109644,"yes","down",0.745834290900218,0.684193409504643,"tissue_specific","Flower","inflorescence_apex"
"AT1G75290",18.81578793,0.416226227,0.11040255,3.770078032,0.000163197,0.001272587,"yes","up",0.909654112273628,0.662150807413859,"tissue_specific","Flower","petal"
"AT1G75450",55.12141304,0.287663229,0.082541777,3.485062241,0.000492023,0.003177657,"yes","up",0.708162612098125,0.537595366226305,"tissue_specific","Flower","stamen"
"AT1G75520",67.00244138,-0.210877199,0.085376225,-2.469975683,0.013512224,0.046640345,"yes","down",0.715763127844026,0.614119758621366,"tissue_specific","Flower","inflorescence_apex"
"AT1G75550",30.15803284,-0.212778272,0.083212183,-2.557056714,0.010556201,0.038247973,"yes","down",0.621960392741253,0.31793236280619,"tissue_specific","Flower","mature_pollen"
"AT1G75560",607.6017829,-0.082365341,0.03325457,-2.47681269,0.013256145,0.04592697,"yes","down",0.639034069775363,0.251995087951213,"tissue_specific","Flower","mature_pollen"
"AT1G75640",174.7691431,-0.735133424,0.138002524,-5.326956355,9.99e-08,2.45e-06,"yes","down",0.707593047365695,0.526795348631046,"tissue_specific","Flower","inflorescence_apex"
"AT1G75770",49.6422477,-0.247861673,0.081644747,-3.035855716,0.002398541,0.011614792,"yes","down",0.880219541296049,0.204263408117741,"tissue_specific","Flower","mature_pollen"
"AT1G76110",190.6903809,-0.464550316,0.113209009,-4.103474816,4.07e-05,0.000401254,"yes","down",0.810397798680621,0.510841587516426,"tissue_specific","Flower","mature_pollen"
"AT1G76240",170.832036,-0.275713625,0.088568261,-3.113007097,0.001851916,0.009443047,"yes","down",0.889416704000405,0.607743542566704,"tissue_specific","Flower","stamen"
"AT1G76600",130.4755076,1.423789766,0.286112136,4.976334759,6.48e-07,1.21e-05,"yes","up",0.73959789715842,0.466522350137459,"tissue_specific","Flower","mature_pollen"
"AT1G77390",34.63233465,0.766160609,0.109903378,6.971219836,3.14e-12,2.65e-10,"yes","up",0.91427967960263,0.518637140701803,"tissue_specific","Flower","mature_pollen"
"AT1G77490",2000.439331,-0.153873285,0.039486018,-3.896905641,9.74e-05,0.000830335,"yes","down",0.667724772899067,0.545000319628488,"tissue_specific","Flower","pedicel"
"AT1G77500",242.0770333,0.220626793,0.070445608,3.131874368,0.001736942,0.008946256,"yes","up",0.608022529730356,0.569638578866344,"tissue_specific","Flower","petal"
"AT1G77630",275.1308984,-0.305883102,0.085549733,-3.575500378,0.000349559,0.002384302,"yes","down",0.692133053645047,0.556552857430587,"tissue_specific","Flower","inflorescence_apex"
"AT1G78110",157.4479444,0.875458094,0.117020785,7.481218776,7.36e-14,8.68e-12,"yes","up",0.751287374369628,0.300842475020264,"tissue_specific","Flower","stamen"
"AT1G78300",2134.155463,-0.165824391,0.037757286,-4.391851422,1.12e-05,0.000135934,"yes","down",0.820728340994341,0.269321662732445,"tissue_specific","Flower","mature_pollen"
"AT1G78440",10.41174344,-0.746107875,0.223929885,-3.331881658,0.000862609,0.005045729,"yes","down",0.685779554653269,0.485269741500755,"tissue_specific","Flower","pedicel"
"AT1G78450",101.817542,-0.671516527,0.166678796,-4.028805955,5.61e-05,0.000527765,"yes","down",0.833319272882434,0.550089093427048,"tissue_specific","Flower","pedicel"
"AT1G78530",46.50922295,-0.306564966,0.086433334,-3.546837225,0.000389885,0.002613984,"yes","down",0.640924978877526,0.183183572899856,"tissue_specific","Flower","stamen"
"AT1G79060",121.1860507,-0.383979263,0.067279263,-5.707245412,1.15e-08,3.78e-07,"yes","down",0.60829252797639,0.519316186435577,"tissue_specific","Flower","inflorescence_apex"
"AT1G79400",2.848820312,0.829216237,0.29914092,2.771992003,0.005571441,0.022940711,"yes","up",0.976154698355445,0.832876279890329,"tissue_specific","Flower","mature_pollen"
"AT1G79450",92.05986394,0.177894763,0.072894722,2.44043407,0.014669623,0.049835284,"yes","up",0.931340689570311,0.596417448820192,"tissue_specific","Flower","mature_pollen"
"AT1G79630",250.9235769,-0.162930587,0.047562161,-3.425634639,0.000613365,0.003811495,"yes","down",0.617094190555309,0.274394536220254,"tissue_specific","Flower","petal"
"AT1G79640",145.199682,0.469704302,0.096190592,4.883058624,1.04e-06,1.8e-05,"yes","up",0.967595031137504,0.66047699020007,"tissue_specific","Flower","mature_pollen"
"AT1G79720",390.1976915,-0.151128782,0.046800492,-3.229213538,0.001241312,0.006856008,"yes","down",0.627404969791527,0.47586629965324,"tissue_specific","Flower","inflorescence_apex"
"AT1G79860",18.3949482,-0.4314173,0.135041088,-3.194711382,0.001399707,0.007583384,"yes","down",0.99360157170056,0.932882601265672,"tissue_specific","Flower","mature_pollen"
"AT1G79950",378.5811675,0.128276918,0.038836299,3.303016039,0.000956509,0.005515619,"yes","up",0.807262090683241,0.415211618467899,"tissue_specific","Flower","mature_pollen"
"AT1G80110",41.3161917,0.244032648,0.097494874,2.503030554,0.012313491,0.043265156,"yes","up",0.699037490701414,0.484385889048232,"tissue_specific","Flower","mature_pollen"
"AT1G80280",582.1460816,-0.544844026,0.079351695,-6.866192662,6.59e-12,5.15e-10,"yes","down",0.941606281599431,0.814385494262777,"tissue_specific","Flower","mature_pollen"
"AT1G80660",4.161560658,0.911076514,0.22673779,4.018194389,5.86e-05,0.000548294,"yes","up",0.955276036319439,0.99125671171294,"tissue_specific","Flower","mature_pollen"
"AT2G01460",251.898644,0.146194493,0.053437818,2.735787092,0.006223128,0.025003884,"yes","up",0.753449755269187,0.420545658008724,"tissue_specific","Flower","petal"
"AT2G01610",53.9286201,0.849570051,0.212980547,3.988956088,6.64e-05,0.000607776,"yes","up",0.736159789829744,0.626250451288551,"tissue_specific","Flower","carpel"
"AT2G01670",694.0542696,0.25556396,0.056636911,4.512321696,6.41e-06,8.45e-05,"yes","up",0.700346853137266,0.398447830889208,"tissue_specific","Flower","mature_pollen"
"AT2G01940",83.31406795,-0.22631481,0.071195082,-3.178798372,0.001478869,0.007894775,"yes","down",0.642015368587777,0.281106692091143,"tissue_specific","Flower","stamen"
"AT2G02090",485.2691234,0.161956583,0.038894559,4.163990718,3.13e-05,0.000322064,"yes","up",0.740422646801283,0.318160523749402,"tissue_specific","Flower","mature_pollen"
"AT2G02300",8.301242339,1.291495711,0.274330355,4.707811901,2.5e-06,3.8e-05,"yes","up",0.890878790464827,0.86991158829399,"tissue_specific","Flower","petal"
"AT2G02350",29.29201512,0.450823727,0.096466396,4.673375875,2.96e-06,4.38e-05,"yes","up",0.828360572586254,0.211277677618863,"tissue_specific","Flower","mature_pollen"
"AT2G02390",599.3050741,0.198506011,0.045130602,4.39847917,1.09e-05,0.000132803,"yes","up",0.811016464315182,0.623870570745907,"tissue_specific","Flower","sepal"
"AT2G02780",279.4317131,-0.165123128,0.048165384,-3.42825309,0.000607479,0.003782382,"yes","down",0.733113810691934,0.647997316420691,"tissue_specific","Flower","petal"
"AT2G03760",245.8064718,0.360179065,0.090620441,3.974589626,7.05e-05,0.000637237,"yes","up",0.876505580959873,0.470848429033255,"tissue_specific","Flower","sepal"
"AT2G03830",7.919431037,-0.554724515,0.179882861,-3.083809709,0.002043683,0.010239263,"yes","down",0.793827026888777,0.530514676129973,"tissue_specific","Flower","flower_stage_10_11"
"AT2G04570",263.2356658,-0.240612909,0.061195468,-3.931874665,8.43e-05,0.000737518,"yes","down",0.864558700430318,0.909236896476527,"tissue_specific","Flower","flower_stage_9"
"AT2G05160",95.03108993,-0.391387312,0.149350433,-2.620597105,0.008777593,0.033037553,"yes","down",0.882121672190404,0.269203507030549,"tissue_specific","Flower","mature_pollen"
"AT2G06040",149.7782627,0.237274299,0.071175009,3.333674304,0.00085707,0.005025796,"yes","up",0.917054773608474,0.529224756962876,"tissue_specific","Flower","mature_pollen"
"AT2G06200",23.03261516,-0.360393081,0.12597666,-2.860792469,0.004225836,0.018474708,"yes","down",0.796852860918051,0.805877243651796,"tissue_specific","Flower","inflorescence_apex"
"AT2G07170",213.3064561,-0.399266498,0.141902927,-2.813659351,0.00489811,0.020744368,"yes","down",0.715121524847601,0.550156601777057,"tissue_specific","Flower","inflorescence_apex"
"AT2G07180",423.4208206,0.265602711,0.099430871,2.671229857,0.007557388,0.029281772,"yes","up",0.978853280243187,0.685047941092043,"tissue_specific","Flower","mature_pollen"
"AT2G07671",47.97541787,0.248390719,0.095107227,2.611691335,0.009009556,0.033711469,"yes","up",0.658190404550767,0.431812347802459,"tissue_specific","Flower","sepal"
"AT2G10940",16750.52686,-0.499250623,0.107500666,-4.64416305,3.41e-06,4.96e-05,"yes","down",0.646541593828745,0.533147902632546,"tissue_specific","Flower","petal"
"AT2G12480",4.504329183,1.153918003,0.244745405,4.714768807,2.42e-06,3.69e-05,"yes","up",0.903282074103467,0.795179122665437,"tissue_specific","Flower","carpel"
"AT2G16440",373.5107928,-0.275307182,0.088583671,-3.10787731,0.001884363,0.009565432,"yes","down",0.747653397593135,0.672526057072527,"tissue_specific","Flower","inflorescence_apex"
"AT2G16700",229.1569236,0.188560302,0.072417354,2.60379994,0.009219656,0.034355824,"yes","up",0.605065981386582,0.27519677771452,"tissue_specific","Flower","sepal"
"AT2G16750",159.7008869,-0.186301632,0.057163344,-3.259110113,0.001117623,0.006274285,"yes","down",0.934665123187392,0.652328000053414,"tissue_specific","Flower","stamen"
"AT2G16900",294.6716605,0.16962139,0.051924762,3.266676303,0.00108818,0.006148532,"yes","up",0.632995913496807,0.352169251725776,"tissue_specific","Flower","petal"
"AT2G16980",53.03971092,-0.428147009,0.102091095,-4.193774299,2.74e-05,0.000289105,"yes","down",0.903073103070027,0.903507062531565,"tissue_specific","Flower","mature_pollen"
"AT2G17290",445.5427325,0.223807163,0.066383175,3.371444075,0.000747752,0.004488608,"yes","up",0.759127255559744,0.753698792375084,"tissue_specific","Flower","mature_pollen"
"AT2G17370",197.9323183,-0.141571082,0.043464346,-3.257177353,0.001125261,0.006308152,"yes","down",0.883090530122215,0.408424486570504,"tissue_specific","Flower","mature_pollen"
"AT2G17560",1166.445587,-0.295808991,0.055707151,-5.310072203,1.1e-07,2.67e-06,"yes","down",0.649705957491947,0.384712714971259,"tissue_specific","Flower","inflorescence_apex"
"AT2G17620",46.12936584,-0.791110034,0.232900996,-3.396765359,0.000681874,0.004156664,"yes","down",0.643126923495484,0.43011019380147,"tissue_specific","Flower","inflorescence_apex"
"AT2G17660",5.383016054,1.279201368,0.304585537,4.199809947,2.67e-05,0.000282642,"yes","up",0.975212096136243,0.531352102307435,"tissue_specific","Flower","mature_pollen"
"AT2G18600",63.92471317,2.093781307,0.245662004,8.523016487,1.55e-17,3.86e-15,"yes","up",0.773556362374894,0.541006746591474,"tissue_specific","Flower","mature_pollen"
"AT2G18660",35.68504224,3.621076047,0.42423035,8.53563648,1.39e-17,3.5e-15,"yes","up",0.925026309837149,0.56560258107803,"tissue_specific","Flower","sepal"
"AT2G18760",275.7719927,0.611796059,0.106264711,5.757283429,8.55e-09,2.92e-07,"yes","up",0.6856186102884,0.253129741434426,"tissue_specific","Flower","mature_pollen"
"AT2G19170",262.3603997,-0.150493819,0.056006558,-2.687074975,0.007208077,0.02823463,"yes","down",0.634617904673439,0.730597919607973,"tissue_specific","Flower","inflorescence_apex"
"AT2G19180",232.6179626,0.164253803,0.050047188,3.281978633,0.001030814,0.00588078,"yes","up",0.929039727045056,0.324513375214016,"tissue_specific","Flower","mature_pollen"
"AT2G19190",17.88308879,0.701887932,0.282072844,2.488321539,0.012834763,0.044736637,"yes","up",0.84601818898036,0.762869743626067,"tissue_specific","Flower","sepal"
"AT2G19310",324.5537557,0.213703322,0.082278075,2.597330129,0.009395158,0.034850048,"yes","up",0.86368099084231,0.32902708603513,"tissue_specific","Flower","petal"
"AT2G19380",63.53630273,-0.19291323,0.071000725,-2.717060013,0.006586466,0.026187008,"yes","down",0.637376457801354,0.178435269425842,"tissue_specific","Flower","mature_pollen"
"AT2G19450",384.9936335,0.196604125,0.052172746,3.768330012,0.000164343,0.00127898,"yes","up",0.938514887786858,0.648937855754938,"tissue_specific","Flower","mature_pollen"
"AT2G19710",237.4538635,0.502634791,0.079518265,6.320997955,2.6e-10,1.35e-08,"yes","up",0.776251721619604,0.225284456020022,"tissue_specific","Flower","mature_pollen"
"AT2G19880",498.9333646,-0.267252496,0.053382174,-5.006399617,5.55e-07,1.06e-05,"yes","down",0.966644402757764,0.616456234236518,"tissue_specific","Flower","mature_pollen"
"AT2G20320",282.456646,0.688310979,0.142549623,4.828571026,1.38e-06,2.29e-05,"yes","up",0.981972004907507,0.755587531464481,"tissue_specific","Flower","mature_pollen"
"AT2G20515",84.40454151,-0.678420304,0.102249341,-6.63496019,3.25e-11,2.11e-09,"yes","down",0.782042423356581,0.555577727443498,"tissue_specific","Flower","inflorescence_apex"
"AT2G20560",96.0443467,0.338994237,0.08968002,3.780041939,0.000156802,0.001232919,"yes","up",0.866492680135202,0.530814469852399,"tissue_specific","Flower","petal"
"AT2G20900",366.4785458,0.226230876,0.048647438,4.650417102,3.31e-06,4.83e-05,"yes","up",0.66924751867775,0.333751294880634,"tissue_specific","Flower","stamen"
"AT2G21050",363.6113154,-0.341507766,0.089127378,-3.831681963,0.00012727,0.001037407,"yes","down",0.754769891705664,0.517316869600244,"tissue_specific","Flower","inflorescence_apex"
"AT2G21060",589.2397511,0.152681089,0.055049521,2.773522556,0.0055453,0.022869025,"yes","up",0.71310985725807,0.582635948012221,"tissue_specific","Flower","inflorescence_apex"
"AT2G21090",154.6930378,-0.201902008,0.057911664,-3.486378997,0.000489607,0.003168655,"yes","down",0.797745168597844,0.284841390147779,"tissue_specific","Flower","mature_pollen"
"AT2G21280",1096.99253,-0.14844822,0.033012952,-4.496665961,6.9e-06,8.99e-05,"yes","down",0.632970637037618,0.562255869468842,"tissue_specific","Flower","pedicel"
"AT2G21450",5.792561806,2.015814853,0.346198239,5.82271839,5.79e-09,2.09e-07,"yes","up",0.678407010476829,0.460422913014103,"tissue_specific","Flower","carpel"
"AT2G21640",113.9743781,1.796636164,0.221031144,8.128429934,4.35e-16,8.2e-14,"yes","up",0.846521481105808,0.330461505354658,"tissue_specific","Flower","sepal"
"AT2G21650",55.54842098,-0.48784203,0.133612311,-3.651175741,0.000261043,0.001873228,"yes","down",0.878830471421132,0.58211539357123,"tissue_specific","Flower","carpel"
"AT2G21730",4.717608736,0.608070444,0.222075003,2.738130971,0.006178946,0.024866317,"yes","up",0.877207187037725,0.67833751482436,"tissue_specific","Flower","flower_stage_10_11"
"AT2G21740",2.301317155,1.415618916,0.368574366,3.840795901,0.000122636,0.001006931,"yes","up",0.762857111348614,0.502060863705878,"tissue_specific","Flower","carpel"
"AT2G21780",3.140082377,0.780599557,0.24527471,3.182552156,0.001459832,0.007819274,"yes","up",0.878645064635962,0.692514905859729,"tissue_specific","Flower","mature_pollen"
"AT2G21880",49.06724859,-0.422826578,0.084548605,-5.000988246,5.7e-07,1.09e-05,"yes","down",0.960944946296559,0.518534532924714,"tissue_specific","Flower","mature_pollen"
"AT2G22610",236.8738919,-0.764696435,0.218401376,-3.501335249,0.000462933,0.003022078,"yes","down",0.723217279622553,0.65477257775093,"tissue_specific","Flower","inflorescence_apex"
"AT2G22690",91.64096376,0.142549503,0.058239832,2.447629012,0.014379963,0.048990917,"yes","up",0.744007491434819,0.406953543869108,"tissue_specific","Flower","mature_pollen"
"AT2G23060",9.746748567,-0.479424851,0.175274823,-2.735275056,0.006232817,0.025038547,"yes","down",0.800873441533309,0.789833110492616,"tissue_specific","Flower","inflorescence_apex"
"AT2G23150",323.3056324,1.104950945,0.17023745,6.490645548,8.55e-11,5.04e-09,"yes","up",0.742617413659391,0.451171756567272,"tissue_specific","Flower","sepal"
"AT2G23420",468.1813136,0.195451568,0.076148965,2.566700257,0.010267132,0.037442312,"yes","up",0.620102721648421,0.444616457352578,"tissue_specific","Flower","sepal"
"AT2G23450",388.9717106,0.255007546,0.086962734,2.932377292,0.003363778,0.015340364,"yes","up",0.719549732793348,0.130223327593776,"tissue_specific","Flower","sepal"
"AT2G23700",151.50763,-0.161151646,0.052153145,-3.089969884,0.002001768,0.010052764,"yes","down",0.682337431109175,0.557780889907343,"tissue_specific","Flower","inflorescence_apex"
"AT2G23970",5.883394835,-0.467523587,0.185666596,-2.518081318,0.011799608,0.04188718,"yes","down",0.845237675933244,0.513688416663617,"tissue_specific","Flower","stamen"
"AT2G24850",21.10962717,2.655260307,0.484154582,5.484323407,4.15e-08,1.15e-06,"yes","up",0.883560943556096,0.601498246868128,"tissue_specific","Flower","flower_stage_15"
"AT2G25370",3.725572467,2.315470419,0.382102622,6.059812954,1.36e-09,5.74e-08,"yes","up",0.901081707722789,0.664501144699476,"tissue_specific","Flower","mature_pollen"
"AT2G25460",70.18502312,1.562707108,0.220529645,7.086154382,1.38e-12,1.27e-10,"yes","up",0.961986813491069,0.573490917580211,"tissue_specific","Flower","mature_pollen"
"AT2G25870",1150.359911,-0.149321246,0.04037322,-3.69852208,0.000216858,0.001607549,"yes","down",0.839381712747193,0.345853370933402,"tissue_specific","Flower","mature_pollen"
"AT2G25880",137.9589122,-0.951385519,0.206323376,-4.611137802,4e-06,5.68e-05,"yes","down",0.961212556966374,0.728701212424537,"tissue_specific","Flower","mature_pollen"
"AT2G26330",908.7334573,-0.196738777,0.058762826,-3.348014209,0.000813928,0.004813531,"yes","down",0.770752598634727,0.781312119165224,"tissue_specific","Flower","inflorescence_apex"
"AT2G26400",45.90981457,1.579421751,0.380824237,4.147377187,3.36e-05,0.000342451,"yes","up",0.855765353811151,0.820783827615999,"tissue_specific","Flower","inflorescence_apex"
"AT2G26420",37.90037291,-0.390048904,0.112816807,-3.457365221,0.000545485,0.003451423,"yes","down",0.727359490008239,0.627035201477805,"tissue_specific","Flower","mature_pollen"
"AT2G26710",145.4068908,-0.385759571,0.135085972,-2.855659744,0.004294751,0.018697918,"yes","down",0.767892515995206,0.396166949884798,"tissue_specific","Flower","inflorescence_apex"
"AT2G26740",516.7337476,0.287338982,0.054727181,5.250388901,1.52e-07,3.51e-06,"yes","up",0.695393874193302,0.491784136578033,"tissue_specific","Flower","sepal"
"AT2G26760",195.1280169,-0.922342803,0.232198924,-3.972209642,7.12e-05,0.000642407,"yes","down",0.725416467011154,0.478346325895308,"tissue_specific","Flower","inflorescence_apex"
"AT2G27150",328.624737,0.388509936,0.071251233,5.452676653,4.96e-08,1.35e-06,"yes","up",0.794899774901837,0.159031101739655,"tissue_specific","Flower","sepal"
"AT2G27580",292.9493484,0.097955959,0.039007579,2.511203231,0.012032041,0.042497946,"yes","up",0.633231973818479,0.339334568845249,"tissue_specific","Flower","mature_pollen"
"AT2G28200",152.8592165,-0.219971513,0.087718155,-2.50770793,0.012151706,0.042811564,"yes","down",0.715733352938055,0.485089069440232,"tissue_specific","Flower","stamen"
"AT2G28260",71.4791172,-0.180108107,0.065757079,-2.73899189,0.006162789,0.024820679,"yes","down",0.717760766036495,0.341596608701082,"tissue_specific","Flower","pedicel"
"AT2G28410",108.538529,-0.21781678,0.059421589,-3.665616897,0.000246743,0.001790235,"yes","down",0.659082865021304,0.263206947670224,"tissue_specific","Flower","pedicel"
"AT2G28560",19.24916128,0.409038281,0.137704495,2.97040616,0.002974063,0.013874446,"yes","up",0.751287565845966,0.178818411728679,"tissue_specific","Flower","mature_pollen"
"AT2G28680",1.856029835,1.182965452,0.349928433,3.380592541,0.000723297,0.004371868,"yes","up",0.949202933870824,0.882349328052093,"tissue_specific","Flower","mature_pollen"
"AT2G28790",663.5434315,-0.460982427,0.113627985,-4.056944492,4.97e-05,0.000475659,"yes","down",0.721071797671884,0.697418229758501,"tissue_specific","Flower","inflorescence_apex"
"AT2G29050",200.6599524,-0.128547757,0.049696619,-2.586649965,0.009691399,0.035707306,"yes","down",0.982165013419493,0.811296619922057,"tissue_specific","Flower","mature_pollen"
"AT2G29350",9.073197039,2.196922852,0.422439738,5.200559173,1.99e-07,4.37e-06,"yes","up",0.921780827666306,0.687128188995604,"tissue_specific","Flower","sepal"
"AT2G29500",65.70585667,0.227744855,0.084621685,2.691329722,0.007116782,0.027918772,"yes","up",0.863848007838989,0.587571379055347,"tissue_specific","Flower","petal"
"AT2G29680",73.93545447,-0.463267417,0.086810865,-5.336514253,9.48e-08,2.35e-06,"yes","down",0.741833837728782,0.203064485299497,"tissue_specific","Flower","mature_pollen"
"AT2G30360",579.2720389,2.19313387,0.27567796,7.955419684,1.79e-15,2.98e-13,"yes","up",0.912829566110282,0.598111763723805,"tissue_specific","Flower","mature_pollen"
"AT2G30380",8.769108628,-0.743087336,0.156873984,-4.736842367,2.17e-06,3.38e-05,"yes","down",0.770546171459928,0.261191698041043,"tissue_specific","Flower","mature_pollen"
"AT2G30820",39.26977785,-0.62696637,0.164162004,-3.819192968,0.000133889,0.001081619,"yes","down",0.633878575780977,0.45168672208167,"tissue_specific","Flower","inflorescence_apex"
"AT2G31050",2.357893261,1.560843838,0.377158264,4.138432028,3.5e-05,0.000353633,"yes","up",0.7501663488511,0.0658784560546491,"tissue_specific","Flower","mature_pollen"
"AT2G31270",249.6078676,-0.500888434,0.092759101,-5.399884503,6.67e-08,1.73e-06,"yes","down",0.821823884680898,0.627756411795851,"tissue_specific","Flower","mature_pollen"
"AT2G31350",388.0028137,0.168896656,0.058523426,2.885966673,0.003902135,0.017277427,"yes","up",0.878771019446214,0.525837641329468,"tissue_specific","Flower","mature_pollen"
"AT2G31540",4.409967609,-0.561198223,0.225645302,-2.487081352,0.012879594,0.044859734,"yes","down",0.745162355352661,0.648454816023515,"tissue_specific","Flower","mature_pollen"
"AT2G31725",114.7006625,-0.247760689,0.056585484,-4.378520263,1.19e-05,0.000143197,"yes","down",0.668803113402971,0.549540772196169,"tissue_specific","Flower","inflorescence_apex"
"AT2G31800",529.3525293,0.290757883,0.10224156,2.843832625,0.004457446,0.019244573,"yes","up",0.93894953655163,0.371076292012754,"tissue_specific","Flower","mature_pollen"
"AT2G32460",10.72305439,0.586251139,0.222144249,2.639056115,0.008313722,0.031696485,"yes","up",0.98831282639375,0.875005667968997,"tissue_specific","Flower","mature_pollen"
"AT2G32500",430.3703184,-0.119113703,0.039699786,-3.000361309,0.002696595,0.012792683,"yes","down",0.662853940292793,0.508800144768699,"tissue_specific","Flower","pedicel"
"AT2G32560",512.655931,-0.214387179,0.082691428,-2.592616728,0.009524885,0.035253591,"yes","down",0.672178461197926,0.408625201801672,"tissue_specific","Flower","petal"
"AT2G32590",133.6537878,-0.259269321,0.093753459,-2.765437404,0.005684651,0.023292941,"yes","down",0.700658202864964,0.586573729906137,"tissue_specific","Flower","inflorescence_apex"
"AT2G32930",138.3235645,0.808619773,0.102645968,7.877754823,3.33e-15,5.35e-13,"yes","up",0.897962416600938,0.519846031440796,"tissue_specific","Flower","mature_pollen"
"AT2G33000",11.3355374,0.478065084,0.137992941,3.464416954,0.000531382,0.00338091,"yes","up",0.677255246624589,0.177009625300886,"tissue_specific","Flower","flower_stage_9"
"AT2G33160",2.194944453,1.404723042,0.311168026,4.514355349,6.35e-06,8.39e-05,"yes","up",0.858423731420521,0.223003652368424,"tissue_specific","Flower","mature_pollen"
"AT2G33260",11.73746855,-0.560580379,0.157046119,-3.569527112,0.000357626,0.002427389,"yes","down",0.706979159739273,0.089840392558125,"tissue_specific","Flower","mature_pollen"
"AT2G33390",153.79135,0.220682746,0.074126485,2.977110637,0.00290979,0.013623133,"yes","up",0.8286190333001,0.160456304351166,"tissue_specific","Flower","mature_pollen"
"AT2G33490",244.8314416,0.221360426,0.044043724,5.025924357,5.01e-07,9.72e-06,"yes","up",0.616962456084638,0.279782036832218,"tissue_specific","Flower","mature_pollen"
"AT2G33560",120.5044548,-0.856341726,0.204223613,-4.193157259,2.75e-05,0.000289587,"yes","down",0.741679862281369,0.539212615024234,"tissue_specific","Flower","inflorescence_apex"
"AT2G33800",6773.978019,-0.158570376,0.040059414,-3.958379817,7.55e-05,0.000671357,"yes","down",0.639976588847807,0.51272390338463,"tissue_specific","Flower","pedicel"
"AT2G33860",413.5027273,-0.171533115,0.069026348,-2.485038239,0.012953752,0.045068619,"yes","down",0.809511908136127,0.69920487890405,"tissue_specific","Flower","inflorescence_apex"
"AT2G34190",205.0234169,-1.034061125,0.198024631,-5.221881345,1.77e-07,3.98e-06,"yes","down",0.719695015357789,0.565007372001867,"tissue_specific","Flower","inflorescence_apex"
"AT2G34340",33.39343998,-0.33581157,0.096659947,-3.474154306,0.000512466,0.003280034,"yes","down",0.798067172796813,0.499604586163474,"tissue_specific","Flower","petal"
"AT2G34360",4.199468538,0.741096632,0.233698033,3.17117188,0.001518253,0.008069847,"yes","up",0.809570732332502,0.341481575183062,"tissue_specific","Flower","mature_pollen"
"AT2G34650",94.50063666,0.38806325,0.107090657,3.623689138,0.000290431,0.00204551,"yes","up",0.831582621003556,0.776077144566199,"tissue_specific","Flower","inflorescence_apex"
"AT2G34690",437.5694955,0.162048158,0.044969335,3.603525749,0.00031393,0.002181681,"yes","up",0.658410675370016,0.345049663615992,"tissue_specific","Flower","mature_pollen"
"AT2G34770",495.01938,-0.268012567,0.108852235,-2.462168704,0.013809969,0.047469,"yes","down",0.956213421575998,0.339973586716321,"tissue_specific","Flower","mature_pollen"
"AT2G34920",125.8423589,0.742244468,0.143983269,5.155074418,2.54e-07,5.38e-06,"yes","up",0.832080589633806,0.384734600015526,"tissue_specific","Flower","mature_pollen"
"AT2G35190",397.6415998,-0.182091005,0.059179756,-3.076913746,0.002091558,0.010423742,"yes","down",0.835522419248848,0.415711438106596,"tissue_specific","Flower","mature_pollen"
"AT2G35310",28.87814005,-0.579555738,0.17289302,-3.352106053,0.000801993,0.004754874,"yes","down",0.768066994756047,0.808245972714329,"tissue_specific","Flower","flower_stage_9"
"AT2G35710",106.4088607,1.03305098,0.215425608,4.795395451,1.62e-06,2.62e-05,"yes","up",0.834636161405078,0.434717738241191,"tissue_specific","Flower","petal"
"AT2G35950",7.261107695,0.546565923,0.194174566,2.814817285,0.004880497,0.020684639,"yes","up",0.641032890652003,0.220396121785993,"tissue_specific","Flower","mature_pollen"
"AT2G36050",94.33894301,-0.67226432,0.174991306,-3.841701265,0.000122184,0.001003923,"yes","down",0.632673122502303,0.547427239023445,"tissue_specific","Flower","petal"
"AT2G36790",40.85625855,0.800342641,0.324511014,2.466303472,0.013651562,0.047038597,"yes","up",0.919153774652963,0.675983309349548,"tissue_specific","Flower","sepal"
"AT2G36885",544.247547,-0.50698648,0.072395569,-7.003004265,2.51e-12,2.17e-10,"yes","down",0.778617524548925,0.350682982330202,"tissue_specific","Flower","pedicel"
"AT2G37110",1084.374654,0.399779529,0.053526007,7.468883823,8.09e-14,9.49e-12,"yes","up",0.841814830340047,0.30449805877448,"tissue_specific","Flower","mature_pollen"
"AT2G37240",674.3529608,0.599571815,0.132758565,4.516257115,6.29e-06,8.34e-05,"yes","up",0.772062804176152,0.453635229341686,"tissue_specific","Flower","sepal"
"AT2G37420",187.9990776,-0.545801564,0.199955648,-2.729613144,0.006340869,0.025381779,"yes","down",0.722478432412794,0.610872235629561,"tissue_specific","Flower","inflorescence_apex"
"AT2G37470",429.3637701,-0.610773812,0.123455378,-4.947324454,7.52e-07,1.37e-05,"yes","down",0.746742990271072,0.504071046500564,"tissue_specific","Flower","mature_pollen"
"AT2G37560",44.52415759,-0.439508074,0.134175901,-3.275611134,0.001054336,0.005990327,"yes","down",0.651609872094243,0.453676435663074,"tissue_specific","Flower","mature_pollen"
"AT2G37760",265.4315238,0.685014461,0.095808213,7.149851155,8.69e-13,8.36e-11,"yes","up",0.839348753314281,0.346177012234995,"tissue_specific","Flower","sepal"
"AT2G37770",33.30522349,1.225004799,0.264598131,4.629680464,3.66e-06,5.28e-05,"yes","up",0.936717977372546,0.730019159026336,"tissue_specific","Flower","sepal"
"AT2G38000",148.5146023,0.207643641,0.06746223,3.077924379,0.002084478,0.010398663,"yes","up",0.721595190334807,0.351650305064738,"tissue_specific","Flower","mature_pollen"
"AT2G38060",44.24822863,-0.376395781,0.092836032,-4.054414773,5.03e-05,0.000480056,"yes","down",0.643570210262997,0.417619403785164,"tissue_specific","Flower","petal"
"AT2G38120",1143.106852,-0.215534237,0.052095753,-4.137270812,3.51e-05,0.00035497,"yes","down",0.722257304384086,0.497205603489155,"tissue_specific","Flower","petal"
"AT2G38250",38.20035888,2.058055707,0.207371654,9.924479375,3.26e-23,2.26e-20,"yes","up",0.763766498080438,0.543141811679278,"tissue_specific","Flower","sepal"
"AT2G38270",1132.771673,-0.081999122,0.02506985,-3.270826227,0.001072338,0.006072116,"yes","down",0.83446360593606,0.43977055768159,"tissue_specific","Flower","mature_pollen"
"AT2G38360",374.4193541,0.403363088,0.06382301,6.320026114,2.62e-10,1.35e-08,"yes","up",0.849348620931598,0.49396900635009,"tissue_specific","Flower","mature_pollen"
"AT2G38640",70.20935023,0.25403188,0.083618029,3.038003692,0.00238151,0.011551305,"yes","up",0.765891888245939,0.430111700524059,"tissue_specific","Flower","sepal"
"AT2G39300",137.4788459,-0.146976249,0.052844201,-2.781312725,0.005413956,0.02239789,"yes","down",0.703178183811431,0.667440212091603,"tissue_specific","Flower","mature_pollen"
"AT2G39350",217.7780674,0.446039373,0.086181149,5.175602558,2.27e-07,4.9e-06,"yes","up",0.838386146811744,0.62814446982177,"tissue_specific","Flower","flower_stage_15"
"AT2G39420",217.2625185,-0.207762366,0.062368136,-3.331226146,0.000864643,0.005056372,"yes","down",0.947020451470023,0.462879280481583,"tissue_specific","Flower","mature_pollen"
"AT2G39470",1527.104798,-0.15913627,0.041810457,-3.80613559,0.000141155,0.001131785,"yes","down",0.708815416054938,0.612369052054263,"tissue_specific","Flower","pedicel"
"AT2G39650",162.8926114,1.932635785,0.178173341,10.84694138,2.06e-27,3.04e-24,"yes","up",0.844793657260191,0.417471116547405,"tissue_specific","Flower","mature_pollen"
"AT2G39725",38.97332261,0.299622101,0.076837124,3.899444493,9.64e-05,0.000824359,"yes","up",0.652389068058083,0.393890804367779,"tissue_specific","Flower","stamen"
"AT2G39770",1695.167781,0.105314101,0.035037261,3.005774364,0.002649055,0.012620487,"yes","up",0.88455088777433,0.307857574314711,"tissue_specific","Flower","mature_pollen"
"AT2G40010",312.1093824,-0.30006874,0.062963595,-4.765749761,1.88e-06,2.98e-05,"yes","down",0.688182199488234,0.333752921384845,"tissue_specific","Flower","mature_pollen"
"AT2G40100",885.038801,-0.259603191,0.067908806,-3.822820728,0.000131934,0.001068387,"yes","down",0.622933626496445,0.404227504697286,"tissue_specific","Flower","pedicel"
"AT2G40180",7.491364114,0.491584982,0.15860352,3.099458204,0.001938749,0.009787412,"yes","up",0.991402156750305,0.879406747845531,"tissue_specific","Flower","mature_pollen"
"AT2G40610",180.1264481,-0.774690201,0.257458987,-3.008984883,0.002621222,0.012508109,"yes","down",0.889257140727155,0.669155960349529,"tissue_specific","Flower","petal"
"AT2G40620",286.5949138,-0.211085564,0.082323846,-2.564087731,0.010344739,0.037667059,"yes","down",0.971291332460022,0.579632313351694,"tissue_specific","Flower","mature_pollen"
"AT2G41050",109.2050115,-0.381332831,0.083709965,-4.555405451,5.23e-06,7.13e-05,"yes","down",0.829969714896635,0.631126963163672,"tissue_specific","Flower","mature_pollen"
"AT2G41110",928.2600016,0.434985517,0.081352286,5.346936601,8.95e-08,2.23e-06,"yes","up",0.897767532600864,0.515365126284779,"tissue_specific","Flower","mature_pollen"
"AT2G41380",345.9655414,0.485755532,0.097281648,4.993290523,5.94e-07,1.12e-05,"yes","up",0.902410996477273,0.862437073757323,"tissue_specific","Flower","sepal"
"AT2G41630",973.8654923,1.028394982,0.1445221,7.115832008,1.11e-12,1.04e-10,"yes","up",0.931793171834982,0.383291014888895,"tissue_specific","Flower","mature_pollen"
"AT2G41730",36.92334304,0.849903048,0.137253346,6.192220976,5.93e-10,2.77e-08,"yes","up",0.914365414336038,0.441806309274457,"tissue_specific","Flower","sepal"
"AT2G41880",144.1162041,0.235390929,0.064549898,3.646650678,0.000265681,0.001898997,"yes","up",0.895865972732851,0.459894802989072,"tissue_specific","Flower","mature_pollen"
"AT2G42010",417.2108378,0.207328267,0.047970056,4.322035153,1.55e-05,0.000178642,"yes","up",0.866378541613257,0.201077521294051,"tissue_specific","Flower","mature_pollen"
"AT2G42140",4.776088467,-0.57428163,0.202421822,-2.837053952,0.004553192,0.019582629,"yes","down",0.819828927672453,0.636099983557351,"tissue_specific","Flower","flower_stage_9"
"AT2G42480",2.484805832,0.780400832,0.306846005,2.543298003,0.010981153,0.039502322,"yes","up",0.833745165290848,0.47678692757893,"tissue_specific","Flower","mature_pollen"
"AT2G42570",294.1500505,-0.235006383,0.067247909,-3.494627387,0.000474724,0.00308561,"yes","down",0.73121219987225,0.617294156101025,"tissue_specific","Flower","flower_stage_9"
"AT2G42720",18.39935147,0.305053887,0.103642938,2.943315719,0.003247171,0.014918253,"yes","up",0.679687535304685,0.301903874938562,"tissue_specific","Flower","mature_pollen"
"AT2G42840",3526.455485,-0.308295182,0.105514363,-2.921831422,0.003479798,0.015744585,"yes","down",0.672442160888194,0.563865205469901,"tissue_specific","Flower","inflorescence_apex"
"AT2G43040",135.8652357,-0.191126081,0.048325057,-3.955009974,7.65e-05,0.00068027,"yes","down",0.943265454160177,0.557059626888602,"tissue_specific","Flower","mature_pollen"
"AT2G43840",60.75736725,-0.212985484,0.075393494,-2.824984928,0.004728284,0.020206642,"yes","down",0.789257388912498,0.645004805497969,"tissue_specific","Flower","flower_stage_10_11"
"AT2G43860",3.918312137,-1.333280336,0.344160632,-3.874005949,0.000107061,0.000900051,"yes","down",0.896820226179202,0.826716687255682,"tissue_specific","Flower","mature_pollen"
"AT2G44190",56.47584553,-0.834569269,0.202209899,-4.127242396,3.67e-05,0.00036828,"yes","down",0.86907138100617,0.610688851378204,"tissue_specific","Flower","mature_pollen"
"AT2G44660",192.8575186,-0.141835537,0.054921806,-2.582499508,0.00980875,0.036066397,"yes","down",0.737783204114465,0.249850713929317,"tissue_specific","Flower","mature_pollen"
"AT2G44740",50.77097416,-0.543783592,0.132050754,-4.117989306,3.82e-05,0.000380948,"yes","down",0.814297876468329,0.282621051811645,"tissue_specific","Flower","petal"
"AT2G44830",319.4497282,-0.144958697,0.053677674,-2.700539825,0.006922705,0.027275434,"yes","down",0.611924078711799,0.529760949701353,"tissue_specific","Flower","inflorescence_apex"
"AT2G45080",32.96082468,0.331722546,0.106814875,3.105583799,0.001899038,0.009631244,"yes","up",0.631155636747958,0.322036330086575,"tissue_specific","Flower","pedicel"
"AT2G45190",332.1332733,-0.119949528,0.039109174,-3.06704324,0.002161876,0.010706281,"yes","down",0.822611977422489,0.723596126917497,"tissue_specific","Flower","inflorescence_apex"
"AT2G45800",16.70358633,-0.431687989,0.126444365,-3.414054784,0.000640037,0.003948598,"yes","down",0.989557007706768,0.958344477405537,"tissue_specific","Flower","mature_pollen"
"AT2G46140",252.1775558,-0.191981114,0.054493094,-3.523035685,0.000426634,0.002822633,"yes","down",0.936546648897266,0.728816059540941,"tissue_specific","Flower","mature_pollen"
"AT2G46170",618.6688521,0.192470656,0.070481731,2.730787862,0.006318313,0.025304381,"yes","up",0.905971586602327,0.301207593216221,"tissue_specific","Flower","mature_pollen"
"AT2G46210",48.74022727,-0.262667113,0.105203911,-2.496742865,0.012533981,0.04390645,"yes","down",0.984805307884428,0.809361674556203,"tissue_specific","Flower","mature_pollen"
"AT2G46400",79.06304855,3.520302582,0.278003684,12.66279111,9.51e-37,5.6e-33,"yes","up",0.742279003020114,0.292506042965947,"tissue_specific","Flower","sepal"
"AT2G46500",880.145213,0.398608736,0.066883333,5.959761857,2.53e-09,9.92e-08,"yes","up",0.952650554514704,0.418712750698603,"tissue_specific","Flower","mature_pollen"
"AT2G46710",345.2920274,-0.122293931,0.048747793,-2.508707001,0.012117395,0.042728684,"yes","down",0.833661574904058,0.24431660385076,"tissue_specific","Flower","petal"
"AT2G47010",127.9061865,0.33588757,0.112946674,2.973859761,0.002940794,0.013743725,"yes","up",0.698498802223155,0.743643271672684,"tissue_specific","Flower","flower_stage_10_11"
"AT2G47920",40.6960745,-0.420935446,0.159610946,-2.63725927,0.008357892,0.031808298,"yes","down",0.622231508162425,0.598092790948751,"tissue_specific","Flower","inflorescence_apex"
"AT2G47960",561.3506129,0.088612987,0.035278929,2.511782224,0.012012319,0.042447369,"yes","up",0.662030850676162,0.190620839261827,"tissue_specific","Flower","mature_pollen"
"AT2G48020",436.4093143,-0.203496983,0.058681772,-3.46780571,0.000524727,0.003343979,"yes","down",0.618110478759553,0.247027015611119,"tissue_specific","Flower","sepal"
"AT3G01015",9.666105366,-0.595927104,0.203050201,-2.934875712,0.003336813,0.01524098,"yes","down",0.943422615683075,0.451194844321935,"tissue_specific","Flower","mature_pollen"
"AT3G01350",93.55058227,0.542991126,0.104213377,5.210378362,1.88e-07,4.2e-06,"yes","up",0.880569200827384,0.420480536600113,"tissue_specific","Flower","stamen"
"AT3G01410",137.7422103,-0.37420427,0.096921712,-3.860892064,0.000112974,0.000939376,"yes","down",0.653764138286785,0.572936983601876,"tissue_specific","Flower","inflorescence_apex"
"AT3G01640",257.5551693,0.20404139,0.068916936,2.960685738,0.00306955,0.014232592,"yes","up",0.8509692592333,0.112706023228767,"tissue_specific","Flower","mature_pollen"
"AT3G01750",87.62367877,-0.255243671,0.066868637,-3.817090992,0.000135034,0.001089379,"yes","down",0.817069036143398,0.588994753575791,"tissue_specific","Flower","petal"
"AT3G01820",418.4473937,0.24743809,0.092481973,2.675527803,0.007461168,0.029007478,"yes","up",0.833101412027921,0.220864898370243,"tissue_specific","Flower","mature_pollen"
"AT3G02640",467.4163765,-1.079104199,0.257137865,-4.196597797,2.71e-05,0.000285909,"yes","down",0.752438470000697,0.654827852248616,"tissue_specific","Flower","inflorescence_apex"
"AT3G02800",23.9854787,0.629522006,0.161332788,3.902009104,9.54e-05,0.000816964,"yes","up",0.825526114902407,0.317474430012695,"tissue_specific","Flower","mature_pollen"
"AT3G02810",5.316601631,2.648517155,0.402412736,6.581593772,4.65e-11,2.95e-09,"yes","up",0.99487861881672,0.984761815445202,"tissue_specific","Flower","mature_pollen"
"AT3G02850",84.02343667,-0.429510506,0.129071096,-3.327704792,0.000875646,0.005109308,"yes","down",0.965379755353416,0.892655796430774,"tissue_specific","Flower","mature_pollen"
"AT3G03450",89.95461319,-0.310763495,0.121543159,-2.55681601,0.010563507,0.038268566,"yes","down",0.732403079697419,0.760751480494955,"tissue_specific","Flower","flower_stage_12"
"AT3G03890",565.0628783,0.113467652,0.038707303,2.931427527,0.003374081,0.015378424,"yes","up",0.619481506292451,0.397856427694617,"tissue_specific","Flower","sepal"
"AT3G03960",2065.000595,-0.171584718,0.051947903,-3.303015274,0.000956512,0.005515619,"yes","down",0.6008807042341,0.36610436227478,"tissue_specific","Flower","inflorescence_apex"
"AT3G04420",42.03241676,0.726344923,0.209963953,3.459379165,0.000541422,0.003431822,"yes","up",0.737394597959041,0.653040489778385,"tissue_specific","Flower","mature_pollen"
"AT3G04810",420.0189584,-0.224899877,0.040964785,-5.490078328,4.02e-08,1.12e-06,"yes","down",0.748818882364806,0.424164347146891,"tissue_specific","Flower","inflorescence_apex"
"AT3G04960",17.91694026,0.467149541,0.121672601,3.839398006,0.000123336,0.001011272,"yes","up",0.749805167167206,0.868064039079586,"tissue_specific","Flower","carpel"
"AT3G05170",83.53778818,0.345438223,0.078588076,4.395555176,1.1e-05,0.000134049,"yes","up",0.662674815760948,0.47197819796779,"tissue_specific","Flower","stamen"
"AT3G05320",107.3022783,0.483613408,0.133125916,3.632751761,0.000280415,0.00198505,"yes","up",0.746105099162549,0.563962372585199,"tissue_specific","Flower","mature_pollen"
"AT3G05500",610.6450414,0.132957046,0.044941036,2.958477514,0.003091628,0.014318064,"yes","up",0.760551640692719,0.80402597944336,"tissue_specific","Flower","mature_pollen"
"AT3G05580",187.7248264,0.373791321,0.077988026,4.792932215,1.64e-06,2.65e-05,"yes","up",0.946986800653955,0.473448414621297,"tissue_specific","Flower","mature_pollen"
"AT3G05670",605.1289538,0.164581922,0.036023648,4.5687189,4.91e-06,6.77e-05,"yes","up",0.801514676811391,0.206797581817912,"tissue_specific","Flower","mature_pollen"
"AT3G05720",8.620295678,0.744662012,0.214974972,3.463947472,0.00053231,0.003384989,"yes","up",0.907940500291021,0.536534797200089,"tissue_specific","Flower","mature_pollen"
"AT3G06030",222.1815561,-0.384076676,0.125138603,-3.069210182,0.002146255,0.0106401,"yes","down",0.695359918051893,0.543496603134586,"tissue_specific","Flower","inflorescence_apex"
"AT3G06500",400.3217376,0.422755235,0.114188827,3.702246939,0.000213698,0.001588119,"yes","up",0.695987211556933,0.228901414140394,"tissue_specific","Flower","sepal"
"AT3G06760",212.3109325,0.288721465,0.08573864,3.367460299,0.000758639,0.004545859,"yes","up",0.838768624194254,0.291240668266231,"tissue_specific","Flower","mature_pollen"
"AT3G06840",74.36386721,-0.725307208,0.113472654,-6.391911922,1.64e-10,8.92e-09,"yes","down",0.768112574743107,0.569810250214257,"tissue_specific","Flower","petal"
"AT3G06890",57.83028731,0.305709962,0.102439843,2.984287686,0.002842394,0.013371333,"yes","up",0.666272566879581,0.393320180883674,"tissue_specific","Flower","mature_pollen"
"AT3G07070",40.301923,-0.335270591,0.134692094,-2.4891631,0.012804421,0.044657289,"yes","down",0.981852724574279,0.882291778018116,"tissue_specific","Flower","mature_pollen"
"AT3G07400",363.0337611,0.182870331,0.05394966,3.389647519,0.000699825,0.0042518,"yes","up",0.726824091273348,0.136658962965465,"tissue_specific","Flower","mature_pollen"
"AT3G07490",8.66338411,-0.573325739,0.202375337,-2.832982253,0.004611595,0.019804904,"yes","down",0.99366633396314,0.689001991809476,"tissue_specific","Flower","mature_pollen"
"AT3G07540",251.5939878,0.369412453,0.098087906,3.766136602,0.000165793,0.001286875,"yes","up",0.697218834288932,0.65019685926313,"tissue_specific","Flower","inflorescence_apex"
"AT3G07560",893.2016707,0.234126847,0.063339697,3.696368297,0.000218706,0.001619205,"yes","up",0.825382518928699,0.13295655726997,"tissue_specific","Flower","mature_pollen"
"AT3G07720",965.5384709,0.31715378,0.105773192,2.998432524,0.002713722,0.012858408,"yes","up",0.792203736544242,0.512861369149399,"tissue_specific","Flower","sepal"
"AT3G07810",1242.295649,0.538478686,0.083237617,6.469174724,9.85e-11,5.69e-09,"yes","up",0.690409027107434,0.292416101737521,"tissue_specific","Flower","mature_pollen"
"AT3G07880",691.1667842,-0.139154072,0.052680006,-2.641496912,0.008254056,0.031525091,"yes","down",0.94946474757901,0.580446706792502,"tissue_specific","Flower","mature_pollen"
"AT3G08570",45.61115718,-0.265648489,0.071436506,-3.718665769,0.000200278,0.001503551,"yes","down",0.679707322821323,0.454524018856347,"tissue_specific","Flower","inflorescence_apex"
"AT3G08710",286.0627184,0.330987625,0.056748446,5.832540752,5.46e-09,1.98e-07,"yes","up",0.826857234985953,0.307393877921092,"tissue_specific","Flower","mature_pollen"
"AT3G08810",4.756995515,1.587472649,0.244184547,6.501118385,7.97e-11,4.76e-09,"yes","up",0.89299397418288,0.132861814929262,"tissue_specific","Flower","mature_pollen"
"AT3G08970",53.98727282,0.408706975,0.127599869,3.20303601,0.00135987,0.007400885,"yes","up",0.934423493564908,0.431716508482583,"tissue_specific","Flower","mature_pollen"
"AT3G08990",45.01313551,0.811661035,0.125808688,6.451549948,1.11e-10,6.3e-09,"yes","up",0.955364800596211,0.769736458907128,"tissue_specific","Flower","mature_pollen"
"AT3G09320",220.9221768,0.207917136,0.063180886,3.290823349,0.000998946,0.005728085,"yes","up",0.847990312419529,0.270591593796901,"tissue_specific","Flower","mature_pollen"
"AT3G10190",109.7996907,0.532237961,0.117502059,4.529605408,5.91e-06,7.9e-05,"yes","up",0.713562010904816,0.557342306999029,"tissue_specific","Flower","carpel"
"AT3G10310",190.121107,-0.797768709,0.183460262,-4.348455071,1.37e-05,0.00016119,"yes","down",0.679986526304677,0.495852935059054,"tissue_specific","Flower","inflorescence_apex"
"AT3G10320",53.51068036,0.297639457,0.082440734,3.610344598,0.00030579,0.002135189,"yes","up",0.878758952984361,0.626514903137085,"tissue_specific","Flower","stamen"
"AT3G10525",350.7407712,0.336561836,0.102689014,3.277486285,0.001047358,0.005963617,"yes","up",0.764650009656052,0.28346218052879,"tissue_specific","Flower","petal"
"AT3G10660",190.9791099,0.205852385,0.064286045,3.20213174,0.001364146,0.007417996,"yes","up",0.921088352931517,0.788528502138849,"tissue_specific","Flower","mature_pollen"
"AT3G10780",2.592926334,0.917351313,0.281226266,3.261968831,0.001106413,0.006221726,"yes","up",0.843641302083059,0.847966024885534,"tissue_specific","Flower","mature_pollen"
"AT3G11000",36.90608096,0.523716292,0.169967768,3.081268281,0.002061208,0.010300798,"yes","up",0.80933689255074,0.897858093276114,"tissue_specific","Flower","inflorescence_apex"
"AT3G11430",104.4880707,0.308223036,0.107093651,2.878070123,0.004001162,0.017639684,"yes","up",0.956201668397707,0.584541704706129,"tissue_specific","Flower","stamen"
"AT3G12060",13.04473134,-0.822125238,0.174586769,-4.708977907,2.49e-06,3.78e-05,"yes","down",0.793665681315914,0.631997969909238,"tissue_specific","Flower","mature_pollen"
"AT3G12110",516.8014306,-0.441446344,0.079287613,-5.567658361,2.58e-08,7.62e-07,"yes","down",0.925425945154822,0.549410261928699,"tissue_specific","Flower","mature_pollen"
"AT3G12510",63.33520781,1.379173185,0.230650195,5.979501496,2.24e-09,8.97e-08,"yes","up",0.969432814871328,0.705891222241179,"tissue_specific","Flower","mature_pollen"
"AT3G12610",870.7005006,-0.296136845,0.073998586,-4.001925713,6.28e-05,0.000579902,"yes","down",0.652336146259348,0.382629496419441,"tissue_specific","Flower","pedicel"
"AT3G12620",426.1794625,0.125202234,0.041639594,3.006807238,0.002640071,0.012585318,"yes","up",0.971571904695007,0.621753709881861,"tissue_specific","Flower","mature_pollen"
"AT3G12710",136.2506995,0.230192397,0.079169285,2.90759726,0.003642171,0.016328811,"yes","up",0.804053727191051,0.596110911250614,"tissue_specific","Flower","carpel"
"AT3G13020",36.30765028,0.37559291,0.080020415,4.693713614,2.68e-06,4.01e-05,"yes","up",0.609454820868127,0.344607242652542,"tissue_specific","Flower","mature_pollen"
"AT3G13050",147.4692317,0.195997465,0.046073666,4.254001954,2.1e-05,0.000230874,"yes","up",0.937402662497108,0.328990448236722,"tissue_specific","Flower","mature_pollen"
"AT3G13420",43.06415937,0.277609217,0.078164107,3.551620127,0.000382867,0.002574987,"yes","up",0.915067154650142,0.524521352483874,"tissue_specific","Flower","mature_pollen"
"AT3G13445",269.1343457,0.111917473,0.035735884,3.131795278,0.00173741,0.008946256,"yes","up",0.613155300406886,0.171653891031721,"tissue_specific","Flower","mature_pollen"
"AT3G13510",458.0223515,-0.407432342,0.065145149,-6.254223811,3.99e-10,1.96e-08,"yes","down",0.694780414470455,0.728164755058686,"tissue_specific","Flower","inflorescence_apex"
"AT3G13680",4.196621858,0.631946051,0.212095163,2.979540131,0.002886814,0.013541769,"yes","up",0.930220244756347,0.4700725157194,"tissue_specific","Flower","mature_pollen"
"AT3G13690",720.7309063,-0.21014393,0.05073303,-4.142152154,3.44e-05,0.000348692,"yes","down",0.621314895824676,0.513835279450734,"tissue_specific","Flower","inflorescence_apex"
"AT3G13900",7.75801592,0.528955403,0.186593597,2.834799327,0.004585448,0.019699793,"yes","up",0.962152483950038,0.638330818334464,"tissue_specific","Flower","mature_pollen"
"AT3G13950",14.21620669,0.817591067,0.208300872,3.925048703,8.67e-05,0.000754408,"yes","up",0.919135546161932,0.387307456270863,"tissue_specific","Flower","sepal"
"AT3G14190",145.729983,-0.927953605,0.186897374,-4.965043573,6.87e-07,1.27e-05,"yes","down",0.733293837478265,0.642384567813301,"tissue_specific","Flower","inflorescence_apex"
"AT3G14370",33.69054656,-0.359468071,0.096613224,-3.72069223,0.000198677,0.001492487,"yes","down",0.731759922178494,0.604390834091192,"tissue_specific","Flower","petal"
"AT3G14460",45.29013838,0.383186605,0.103554712,3.700329959,0.000215319,0.001598653,"yes","up",0.8073988944932,0.622190470843616,"tissue_specific","Flower","mature_pollen"
"AT3G14510",15.5882172,-0.387736427,0.154677413,-2.50674239,0.012184948,0.042909438,"yes","down",0.789431329083428,0.69486642226659,"tissue_specific","Flower","mature_pollen"
"AT3G14560",124.2191177,0.957684895,0.150136464,6.378762824,1.79e-10,9.67e-09,"yes","up",0.847586040575869,0.625994526491701,"tissue_specific","Flower","stamen"
"AT3G14595",262.6853796,0.217137221,0.065608312,3.309599242,0.000934296,0.005404704,"yes","up",0.910901493697757,0.730980180789403,"tissue_specific","Flower","mature_pollen"
"AT3G14620",198.6740036,0.900409832,0.160002202,5.627483984,1.83e-08,5.65e-07,"yes","up",0.828596355616525,0.580665401427443,"tissue_specific","Flower","sepal"
"AT3G14740",126.7840072,-0.507158888,0.106858719,-4.746069302,2.07e-06,3.24e-05,"yes","down",0.68864758617762,0.381834811104761,"tissue_specific","Flower","inflorescence_apex"
"AT3G15190",4457.922057,-0.190331967,0.034702796,-5.484629207,4.14e-08,1.15e-06,"yes","down",0.652072309336469,0.572370685017597,"tissue_specific","Flower","pedicel"
"AT3G15520",1118.188158,-0.114914538,0.038494365,-2.985230157,0.00283365,0.013335524,"yes","down",0.713121284742443,0.556331613013487,"tissue_specific","Flower","pedicel"
"AT3G15550",243.0566921,-0.990552794,0.243569849,-4.066812039,4.77e-05,0.000459511,"yes","down",0.741362792768059,0.59249722313166,"tissue_specific","Flower","inflorescence_apex"
"AT3G15760",50.32431557,0.525738638,0.13864191,3.792061429,0.000149402,0.001187408,"yes","up",0.766571649506438,0.330800402371126,"tissue_specific","Flower","sepal"
"AT3G16170",220.7298396,0.141360843,0.040654185,3.477153529,0.000506768,0.003253277,"yes","up",0.845943265975988,0.696360759383377,"tissue_specific","Flower","petal"
"AT3G16250",1104.639557,-0.205759826,0.066296643,-3.103623603,0.001911664,0.009678618,"yes","down",0.724508177997581,0.630674444398611,"tissue_specific","Flower","pedicel"
"AT3G16320",62.24215824,0.20522084,0.067139086,3.056652291,0.002238237,0.01100354,"yes","up",0.805123561218088,0.450413014530049,"tissue_specific","Flower","mature_pollen"
"AT3G16350",147.8355112,-0.167071059,0.060396241,-2.766249297,0.005670517,0.023247146,"yes","down",0.962134844432541,0.627148757427316,"tissue_specific","Flower","mature_pollen"
"AT3G16470",1292.7282,0.227431243,0.0843365,2.696711895,0.007002783,0.027535713,"yes","up",0.683205589657671,0.549037850315673,"tissue_specific","Flower","carpel"
"AT3G16650",74.60961175,0.809271557,0.128310238,6.307147205,2.84e-10,1.46e-08,"yes","up",0.628945651236541,0.368827208983176,"tissue_specific","Flower","mature_pollen"
"AT3G16750",67.54727969,-0.209671233,0.066919455,-3.133187978,0.001729187,0.0089117,"yes","down",0.631558951524068,0.164867453130215,"tissue_specific","Flower","flower_stage_9"
"AT3G16860",69.56656249,0.52090878,0.137307105,3.793749634,0.000148389,0.001180554,"yes","up",0.822947198406325,0.448473824234432,"tissue_specific","Flower","mature_pollen"
"AT3G17160",521.7497094,-0.428833578,0.075099197,-5.710228573,1.13e-08,3.72e-07,"yes","down",0.736446946069163,0.656438506517144,"tissue_specific","Flower","inflorescence_apex"
"AT3G17611",153.2026845,0.515293528,0.106363166,4.844661431,1.27e-06,2.13e-05,"yes","up",0.774609293444075,0.410648869006624,"tissue_specific","Flower","petal"
"AT3G17770",588.5148243,0.600002636,0.098482232,6.092496337,1.11e-09,4.76e-08,"yes","up",0.71594517428436,0.44831407498937,"tissue_specific","Flower","mature_pollen"
"AT3G18040",473.27631,0.342996163,0.060920834,5.630194783,1.8e-08,5.58e-07,"yes","up",0.848618995468499,0.458328091508613,"tissue_specific","Flower","mature_pollen"
"AT3G18295",158.6583136,0.363616798,0.063467668,5.729165849,1.01e-08,3.37e-07,"yes","up",0.877098830944715,0.21558795796898,"tissue_specific","Flower","mature_pollen"
"AT3G18830",632.8607551,0.373572442,0.083905613,4.452293801,8.5e-06,0.000107442,"yes","up",0.745756766857362,0.261643100278966,"tissue_specific","Flower","sepal"
"AT3G18850",107.6468532,0.131851115,0.053079444,2.484033487,0.012990359,0.045152129,"yes","up",0.740947646915913,0.836290323272626,"tissue_specific","Flower","petal"
"AT3G18900",45.70766481,-0.590445466,0.133438723,-4.424843512,9.65e-06,0.000119427,"yes","down",0.722580424148264,0.177938081848905,"tissue_specific","Flower","mature_pollen"
"AT3G19010",446.7977399,0.571530694,0.080265575,7.120495864,1.08e-12,1.01e-10,"yes","up",0.829790362234212,0.565849708531794,"tissue_specific","Flower","mature_pollen"
"AT3G19040",21.09562052,0.338609147,0.134472406,2.518056731,0.011800431,0.04188718,"yes","up",0.683904542629186,0.321248001781674,"tissue_specific","Flower","mature_pollen"
"AT3G19050",430.5863649,-0.469355244,0.184441181,-2.544742128,0.010935847,0.039387427,"yes","down",0.76664118843787,0.572747133497688,"tissue_specific","Flower","flower_stage_9"
"AT3G19260",176.5187018,0.170980755,0.060603305,2.821310719,0.004782785,0.020395188,"yes","up",0.708232951080134,0.387428994373024,"tissue_specific","Flower","mature_pollen"
"AT3G19590",216.14949,-0.432026673,0.108616897,-3.977527313,6.96e-05,0.000631455,"yes","down",0.715098787024951,0.626435513682733,"tissue_specific","Flower","inflorescence_apex"
"AT3G20150",337.5158632,-0.576166396,0.2038419,-2.826535639,0.004705451,0.020120006,"yes","down",0.711530613587559,0.568221023045772,"tissue_specific","Flower","inflorescence_apex"
"AT3G20300",108.2625187,0.211029672,0.080316238,2.627484507,0.008601876,0.032511146,"yes","up",0.991138083635187,0.859080760980138,"tissue_specific","Flower","mature_pollen"
"AT3G20450",18.06496227,0.282497911,0.110887014,2.547619423,0.010846072,0.039111896,"yes","up",0.929026878413272,0.568970297104211,"tissue_specific","Flower","flower_stage_10_11"
"AT3G20670",521.7844531,-0.601441759,0.110790903,-5.428620437,5.68e-08,1.51e-06,"yes","down",0.721938170968327,0.619595819716613,"tissue_specific","Flower","inflorescence_apex"
"AT3G20760",4.719944172,0.609537648,0.234705644,2.597030211,0.009403365,0.034869519,"yes","up",0.621876244187305,0.200329319201601,"tissue_specific","Flower","mature_pollen"
"AT3G20770",1609.570507,0.144058355,0.058496548,2.462681309,0.013790243,0.047408108,"yes","up",0.790424356608864,0.241951576407402,"tissue_specific","Flower","mature_pollen"
"AT3G20850",4.184759936,-0.539775025,0.202493309,-2.665643758,0.007684107,0.029704404,"yes","down",0.745536406201029,0.278530977436697,"tissue_specific","Flower","mature_pollen"
"AT3G21100",200.9919991,-0.205641099,0.050220154,-4.094792295,4.23e-05,0.000414511,"yes","down",0.793421484405345,0.724784176771338,"tissue_specific","Flower","inflorescence_apex"
"AT3G21160",354.6240182,0.117537178,0.038968998,3.016171411,0.002559885,0.01224268,"yes","up",0.668284922230635,0.25575359762304,"tissue_specific","Flower","mature_pollen"
"AT3G21250",990.9733991,0.229781703,0.078212881,2.937901017,0.003304425,0.015137041,"yes","up",0.663468877296652,0.524008797122921,"tissue_specific","Flower","sepal"
"AT3G21600",94.40522789,0.324807316,0.089239735,3.639716262,0.000272939,0.001939699,"yes","up",0.616860003672635,0.463430003085317,"tissue_specific","Flower","petal"
"AT3G21870",114.5990896,-0.299509153,0.081384017,-3.680196224,0.000233055,0.001705088,"yes","down",0.680230316686959,0.630853364032638,"tissue_specific","Flower","pedicel"
"AT3G22370",588.3629596,0.695323373,0.109087647,6.373988156,1.84e-10,9.93e-09,"yes","up",0.874912740942098,0.467030624480585,"tissue_specific","Flower","sepal"
"AT3G22760",208.8527696,-0.384574793,0.108194935,-3.554462071,0.000378753,0.002550228,"yes","down",0.964678192662597,0.649445196452667,"tissue_specific","Flower","mature_pollen"
"AT3G22910",55.15346293,2.857108673,0.289554594,9.867253815,5.77e-23,3.49e-20,"yes","up",0.973550380273896,0.839394468313952,"tissue_specific","Flower","stamen"
"AT3G23700",1852.656753,-0.143598033,0.048559234,-2.957172549,0.003104743,0.014370334,"yes","down",0.634207075831853,0.591213095275941,"tissue_specific","Flower","pedicel"
"AT3G23840",155.3222705,-0.236393981,0.073104314,-3.233652938,0.001222179,0.006763009,"yes","down",0.905809522301623,0.622174894816963,"tissue_specific","Flower","flower_stage_10_11"
"AT3G23890",984.2262736,-0.497652115,0.187481708,-2.654403573,0.007944874,0.030567084,"yes","down",0.796680547468261,0.732669581668558,"tissue_specific","Flower","inflorescence_apex"
"AT3G24120",281.2052298,0.112569154,0.044242057,2.544392426,0.010946802,0.039414842,"yes","up",0.650928924600581,0.239279214666766,"tissue_specific","Flower","mature_pollen"
"AT3G24500",105.3595195,0.308508814,0.096172834,3.207858193,0.001337274,0.007305577,"yes","up",0.89486730789482,0.611218513966481,"tissue_specific","Flower","petal"
"AT3G24660",228.375006,-0.266712677,0.059484859,-4.483706975,7.34e-06,9.46e-05,"yes","down",0.627613976251071,0.344947506597809,"tissue_specific","Flower","inflorescence_apex"
"AT3G24760",267.2654181,0.374850019,0.086559304,4.330557225,1.49e-05,0.000173054,"yes","up",0.922061579238239,0.53047402067814,"tissue_specific","Flower","mature_pollen"
"AT3G25180",2.584569034,1.518538739,0.381146326,3.98413584,6.77e-05,0.000617605,"yes","up",0.814803508419863,0.420040409211161,"tissue_specific","Flower","pedicel"
"AT3G25290",172.0131003,-0.204534924,0.07890734,-2.592089957,0.009539482,0.03528936,"yes","down",0.672038910039956,0.748577989249833,"tissue_specific","Flower","stamen"
"AT3G25600",157.2536138,0.773963337,0.148928375,5.196882967,2.03e-07,4.45e-06,"yes","up",0.754712024652321,0.363952847909077,"tissue_specific","Flower","mature_pollen"
"AT3G25670",35.18503877,-0.490325908,0.11151509,-4.396946697,1.1e-05,0.000133399,"yes","down",0.751313547047116,0.571025857589442,"tissue_specific","Flower","inflorescence_apex"
"AT3G25900",225.9137699,0.490800584,0.070173767,6.994074934,2.67e-12,2.29e-10,"yes","up",0.980133911903424,0.553751929822728,"tissue_specific","Flower","mature_pollen"
"AT3G25990",5.744226506,0.595161896,0.178706503,3.330387454,0.000867252,0.005066601,"yes","up",0.780461277319612,0.219707921626497,"tissue_specific","Flower","mature_pollen"
"AT3G26020",371.4030751,0.173175457,0.038516571,4.496128621,6.92e-06,9e-05,"yes","up",0.794088209121452,0.249995937765301,"tissue_specific","Flower","mature_pollen"
"AT3G26050",64.27872146,-1.045900053,0.180117356,-5.806769951,6.37e-09,2.27e-07,"yes","down",0.646964830369278,0.514692522873735,"tissue_specific","Flower","inflorescence_apex"
"AT3G26060",6184.823489,-0.184593312,0.034628572,-5.330664894,9.79e-08,2.42e-06,"yes","down",0.646711475873304,0.503746816604215,"tissue_specific","Flower","pedicel"
"AT3G26130",14.0915857,0.489201554,0.143901542,3.399557423,0.00067495,0.004125123,"yes","up",0.954067209806739,0.523536673256172,"tissue_specific","Flower","mature_pollen"
"AT3G26200",9.489808517,0.790371498,0.273105425,2.8940161,0.003803487,0.016926485,"yes","up",0.774845134250117,0.467606925172988,"tissue_specific","Flower","pedicel"
"AT3G26932",191.8697909,-0.301564323,0.073660304,-4.093986966,4.24e-05,0.000415608,"yes","down",0.711717145099148,0.787118050407489,"tissue_specific","Flower","petal"
"AT3G27060",7278.620909,2.668381178,0.288102655,9.261911105,2.01e-20,8.77e-18,"yes","up",0.792789897917798,0.49290879828475,"tissue_specific","Flower","mature_pollen"
"AT3G27290",29.02415443,0.384440881,0.11495465,3.344282994,0.000824955,0.004862884,"yes","up",0.945551522752855,0.440766996042318,"tissue_specific","Flower","mature_pollen"
"AT3G27330",101.1067362,-0.585077443,0.103863891,-5.633116931,1.77e-08,5.5e-07,"yes","down",0.821991349752322,0.696903830573012,"tissue_specific","Flower","mature_pollen"
"AT3G27480",3.684638258,-0.714099613,0.249271766,-2.864743262,0.004173475,0.018279695,"yes","down",0.792795230888931,0.597179820591123,"tissue_specific","Flower","mature_pollen"
"AT3G27620",13.67070867,1.024107194,0.224194654,4.567937617,4.93e-06,6.79e-05,"yes","up",0.780359189570399,0.402944770106435,"tissue_specific","Flower","mature_pollen"
"AT3G27730",21.63685667,-0.768708268,0.179294609,-4.287403122,1.81e-05,0.000202779,"yes","down",0.674245302470573,0.337365441674386,"tissue_specific","Flower","flower_stage_9"
"AT3G27930",167.0996685,0.23353037,0.047342857,4.93274776,8.11e-07,1.46e-05,"yes","up",0.683147636775317,0.350515650640225,"tissue_specific","Flower","mature_pollen"
"AT3G28210",96.79503151,2.224925267,0.202850495,10.96830088,5.43e-28,9.14e-25,"yes","up",0.98354034647313,0.643481332122412,"tissue_specific","Flower","mature_pollen"
"AT3G28500",6.422043811,1.08332029,0.22898152,4.731038083,2.23e-06,3.46e-05,"yes","up",0.700254899635005,0.846760830163464,"tissue_specific","Flower","inflorescence_apex"
"AT3G28560",7.989684445,0.716668185,0.264186381,2.71273706,0.006673003,0.026486396,"yes","up",0.904562018253079,0.91202293151858,"tissue_specific","Flower","inflorescence_apex"
"AT3G28750",9.741741917,0.377037209,0.136494402,2.762290647,0.005739736,0.023467694,"yes","up",0.979190774660892,0.951374562357618,"tissue_specific","Flower","mature_pollen"
"AT3G28850",58.79971613,0.319098056,0.081049515,3.937075446,8.25e-05,0.000724356,"yes","up",0.976319583913891,0.522655064864403,"tissue_specific","Flower","mature_pollen"
"AT3G29180",584.3908536,-0.119721833,0.047234477,-2.534628115,0.011256676,0.040278327,"yes","down",0.961098117213582,0.630476521707695,"tissue_specific","Flower","mature_pollen"
"AT3G42170",940.4211074,-0.266061705,0.067157856,-3.961736149,7.44e-05,0.000663887,"yes","down",0.648437947980184,0.517953864327092,"tissue_specific","Flower","inflorescence_apex"
"AT3G42800",20.36999868,-0.475339636,0.128827628,-3.68973365,0.000224489,0.001652679,"yes","down",0.634015299188071,0.377020211346773,"tissue_specific","Flower","pedicel"
"AT3G42850",7.908991054,1.004379784,0.265740166,3.779555795,0.000157108,0.001234917,"yes","up",0.927381172694992,0.834916480424952,"tissue_specific","Flower","stamen"
"AT3G43270",168.5740194,0.592503799,0.08425609,7.032177685,2.03e-12,1.8e-10,"yes","up",0.864482355128409,0.486756823778143,"tissue_specific","Flower","petal"
"AT3G43720",1096.201514,-0.160963948,0.062511646,-2.57494337,0.01002565,0.036692229,"yes","down",0.641423132261729,0.469479831397094,"tissue_specific","Flower","petal"
"AT3G44190",822.6539837,0.205861118,0.060933123,3.378476394,0.000728887,0.004394386,"yes","up",0.755545412190353,0.769508410281928,"tissue_specific","Flower","mature_pollen"
"AT3G44200",596.4237299,-0.135966415,0.040306588,-3.373305042,0.000742716,0.004464062,"yes","down",0.65578988657046,0.471821940099224,"tissue_specific","Flower","petal"
"AT3G44400",96.29232023,0.406887419,0.099602717,4.085103615,4.41e-05,0.000428979,"yes","up",0.919765964717978,0.365804240746727,"tissue_specific","Flower","mature_pollen"
"AT3G44890",3762.322992,-0.176808495,0.036068835,-4.901974077,9.49e-07,1.66e-05,"yes","down",0.672150488558639,0.585804996286906,"tissue_specific","Flower","pedicel"
"AT3G44900",17.63571156,-0.422897953,0.145419978,-2.908114544,0.003636151,0.016314236,"yes","down",0.734870782929955,0.203544606922686,"tissue_specific","Flower","mature_pollen"
"AT3G46060",1043.096661,0.081781845,0.031004831,2.637712949,0.00834672,0.031786935,"yes","up",0.71230207763215,0.350719122340797,"tissue_specific","Flower","mature_pollen"
"AT3G46110",37.99080593,1.001548204,0.16106205,6.2183997,5.02e-10,2.41e-08,"yes","up",0.644706519974772,0.544881687452838,"tissue_specific","Flower","sepal"
"AT3G46400",9.537973755,-0.617962321,0.164605621,-3.754199386,0.000173896,0.001339627,"yes","down",0.639048410852565,0.618815184877565,"tissue_specific","Flower","mature_pollen"
"AT3G46930",117.3417473,0.708730484,0.106638711,6.646090135,3.01e-11,1.97e-09,"yes","up",0.8114253111168,0.270635025674108,"tissue_specific","Flower","mature_pollen"
"AT3G47080",345.588647,0.197443402,0.068141703,2.897541363,0.003761001,0.016762731,"yes","up",0.932343828002645,0.540997160545182,"tissue_specific","Flower","mature_pollen"
"AT3G47600",111.2733314,-0.185624525,0.062280501,-2.98045974,0.002878161,0.013508915,"yes","down",0.691937930922462,0.391503813449137,"tissue_specific","Flower","petal"
"AT3G47730",804.523814,0.362104216,0.069835881,5.18507404,2.16e-07,4.7e-06,"yes","up",0.899238501752316,0.722762494127989,"tissue_specific","Flower","mature_pollen"
"AT3G47740",21.5928321,-0.547196903,0.12312923,-4.444086136,8.83e-06,0.000111208,"yes","down",0.790702781797508,0.61764515043764,"tissue_specific","Flower","mature_pollen"
"AT3G47750",71.88690694,-0.273700009,0.068578286,-3.991059341,6.58e-05,0.000602879,"yes","down",0.643649363940238,0.338006902508484,"tissue_specific","Flower","mature_pollen"
"AT3G47780",382.3304019,0.427379775,0.092221773,4.634261117,3.58e-06,5.17e-05,"yes","up",0.925919227834446,0.840940529291451,"tissue_specific","Flower","mature_pollen"
"AT3G48070",358.0196236,0.204756311,0.054765393,3.738790138,0.000184908,0.001406076,"yes","up",0.692702827030967,0.224539637298701,"tissue_specific","Flower","mature_pollen"
"AT3G48425",146.6073677,0.261903575,0.072329,3.621003697,0.000293462,0.002063425,"yes","up",0.615352607055899,0.565915348706002,"tissue_specific","Flower","inflorescence_apex"
"AT3G48440",138.2357604,0.15877909,0.0566731,2.801665841,0.00508395,0.021380894,"yes","up",0.697525304028182,0.556705036113081,"tissue_specific","Flower","mature_pollen"
"AT3G48450",52.36512189,0.43651021,0.098787368,4.418684474,9.93e-06,0.000122303,"yes","up",0.990197797107582,0.736922116819825,"tissue_specific","Flower","mature_pollen"
"AT3G48640",2.776149837,1.53731829,0.354226841,4.339926031,1.43e-05,0.000166909,"yes","up",0.886829021905162,0.508508280012719,"tissue_specific","Flower","sepal"
"AT3G48770",85.52012617,3.995205994,0.378710812,10.5494902,5.11e-26,5.47e-23,"yes","up",0.760302760008944,0.780920653081382,"tissue_specific","Flower","petal"
"AT3G48850",10.68264335,1.265751482,0.233076036,5.430637588,5.62e-08,1.5e-06,"yes","up",0.881015138364998,0.3489705453236,"tissue_specific","Flower","sepal"
"AT3G48900",35.05651999,-0.46198874,0.136735983,-3.378691775,0.000728316,0.004392069,"yes","down",0.696665568818436,0.343129775364692,"tissue_specific","Flower","mature_pollen"
"AT3G49130",2.22163663,0.930919347,0.28192794,3.301976199,0.000960062,0.005532033,"yes","up",0.65643300963425,0.274002831222433,"tissue_specific","Flower","sepal"
"AT3G49750",60.19471156,-0.268113547,0.074095974,-3.618463082,0.000296358,0.002080417,"yes","down",0.67187407710712,0.630690666603644,"tissue_specific","Flower","inflorescence_apex"
"AT3G49900",91.81790953,-0.416381162,0.105977388,-3.928962282,8.53e-05,0.000744021,"yes","down",0.702394224046446,0.749371514836311,"tissue_specific","Flower","flower_stage_9"
"AT3G50070",327.0759523,-0.158479654,0.061092209,-2.594105822,0.009483729,0.035124112,"yes","down",0.784300996707152,0.733738196523197,"tissue_specific","Flower","inflorescence_apex"
"AT3G50630",148.4213455,-0.260414877,0.06047413,-4.306219458,1.66e-05,0.000189759,"yes","down",0.738930934209505,0.547536550111913,"tissue_specific","Flower","petal"
"AT3G50770",21.87940565,1.460867793,0.287180357,5.086934941,3.64e-07,7.37e-06,"yes","up",0.884500356903216,0.536615261606362,"tissue_specific","Flower","sepal"
"AT3G50870",33.86047235,-0.354491548,0.113087756,-3.134658957,0.00172054,0.0088749,"yes","down",0.845112368280536,0.764255012694685,"tissue_specific","Flower","inflorescence_apex"
"AT3G50890",66.36820956,-0.303737707,0.104771959,-2.899036252,0.003743116,0.016698803,"yes","down",0.607934018421402,0.683918089665331,"tissue_specific","Flower","inflorescence_apex"
"AT3G50910",436.8372377,0.302534805,0.048516431,6.235718476,4.5e-10,2.19e-08,"yes","up",0.933186942550937,0.516413461942714,"tissue_specific","Flower","mature_pollen"
"AT3G51130",385.0792096,0.135740151,0.053138758,2.554447167,0.010635657,0.038494448,"yes","up",0.633540545562104,0.321446223200295,"tissue_specific","Flower","stamen"
"AT3G51150",307.0095143,-0.189112135,0.064452899,-2.934113702,0.003345016,0.01527253,"yes","down",0.957327483131125,0.758362310631679,"tissue_specific","Flower","mature_pollen"
"AT3G51280",261.7413315,-1.178990572,0.281556139,-4.187408503,2.82e-05,0.000296008,"yes","down",0.750163412992706,0.624532644029695,"tissue_specific","Flower","inflorescence_apex"
"AT3G51290",139.7375884,-0.455619194,0.119876394,-3.800741584,0.000144264,0.001153571,"yes","down",0.977582825301772,0.814563362167698,"tissue_specific","Flower","mature_pollen"
"AT3G51860",161.8090977,0.57997112,0.130876649,4.431433159,9.36e-06,0.0001162,"yes","up",0.743714952892754,0.687010264070071,"tissue_specific","Flower","sepal"
"AT3G52800",977.2643268,0.758640122,0.150557478,5.038873749,4.68e-07,9.16e-06,"yes","up",0.905747193570368,0.179623283495925,"tissue_specific","Flower","mature_pollen"
"AT3G52870",753.2271513,0.155942015,0.0547274,2.849432164,0.004379734,0.018973423,"yes","up",0.713568150513963,0.179741853203809,"tissue_specific","Flower","petal"
"AT3G53730",1023.300741,-0.465281709,0.062466009,-7.44855833,9.44e-14,1.1e-11,"yes","down",0.650696273924834,0.500211526327622,"tissue_specific","Flower","inflorescence_apex"
"AT3G53810",153.663373,0.563028141,0.088540452,6.358993319,2.03e-10,1.09e-08,"yes","up",0.628109654142644,0.375668442294405,"tissue_specific","Flower","sepal"
"AT3G53840",8.95576269,0.601597812,0.1642468,3.662767328,0.000249505,0.001807003,"yes","up",0.613992733155605,0.181886788578365,"tissue_specific","Flower","mature_pollen"
"AT3G54040",642.0969137,0.296388741,0.081877317,3.619912723,0.000294702,0.002071264,"yes","up",0.970806614111394,0.929346299848087,"tissue_specific","Flower","mature_pollen"
"AT3G54100",236.3190718,0.222639401,0.084602694,2.631587618,0.008498695,0.032208961,"yes","up",0.639631593041289,0.522933003682154,"tissue_specific","Flower","mature_pollen"
"AT3G54560",491.5928628,-0.427106446,0.096194832,-4.440014444,9e-06,0.00011273,"yes","down",0.736329146238659,0.618519410610655,"tissue_specific","Flower","inflorescence_apex"
"AT3G54820",131.5130818,-0.257542433,0.09775691,-2.63451896,0.00842566,0.032014519,"yes","down",0.7363063618081,0.658045272138626,"tissue_specific","Flower","inflorescence_apex"
"AT3G54950",232.1688188,0.180347059,0.057433491,3.140102685,0.001688886,0.00877112,"yes","up",0.622492934086628,0.529686579406192,"tissue_specific","Flower","sepal"
"AT3G55050",279.2920944,0.195112669,0.061274093,3.184260452,0.001451244,0.007781348,"yes","up",0.935260533183966,0.389034626643995,"tissue_specific","Flower","mature_pollen"
"AT3G55090",46.4023654,0.295031467,0.106447018,2.771627367,0.005577685,0.022958401,"yes","up",0.809296448556635,0.627808264917473,"tissue_specific","Flower","flower_stage_9"
"AT3G55330",2061.920217,-0.194998199,0.041384033,-4.711918651,2.45e-06,3.74e-05,"yes","down",0.644216347493279,0.597514146279477,"tissue_specific","Flower","pedicel"
"AT3G55660",206.9983828,-1.029485592,0.247576344,-4.158255082,3.21e-05,0.000328895,"yes","down",0.701520964052057,0.553778679358119,"tissue_specific","Flower","inflorescence_apex"
"AT3G55780",2.797215566,0.657230321,0.257271844,2.554614256,0.010630553,0.038487795,"yes","up",0.755068561341053,0.192440856120246,"tissue_specific","Flower","flower_stage_9"
"AT3G55800",17355.50799,-0.188638436,0.040848498,-4.618001793,3.87e-06,5.53e-05,"yes","down",0.616764190317543,0.568439715831058,"tissue_specific","Flower","pedicel"
"AT3G56100",124.0814994,-1.256140438,0.240930895,-5.213695986,1.85e-07,4.13e-06,"yes","down",0.742792515639217,0.629367439766894,"tissue_specific","Flower","inflorescence_apex"
"AT3G56360",1655.48255,0.427988616,0.147182429,2.907878462,0.003638897,0.016320344,"yes","up",0.609965726808083,0.417108170761113,"tissue_specific","Flower","mature_pollen"
"AT3G56370",1183.002659,-0.385868435,0.076262266,-5.05975568,4.2e-07,8.34e-06,"yes","down",0.682614848485417,0.622322731624699,"tissue_specific","Flower","inflorescence_apex"
"AT3G56800",1728.039917,0.130361331,0.03747572,3.478554361,0.000504126,0.003238966,"yes","up",0.888100831929287,0.146895206634235,"tissue_specific","Flower","mature_pollen"
"AT3G57060",287.8430892,-0.316961019,0.104705141,-3.02717724,0.002468492,0.011882735,"yes","down",0.683279472682661,0.570656278168329,"tissue_specific","Flower","inflorescence_apex"
"AT3G57330",1202.299671,0.444036997,0.077422455,5.735248194,9.74e-09,3.26e-07,"yes","up",0.625279168309284,0.360107701114945,"tissue_specific","Flower","stamen"
"AT3G57390",119.1274025,0.378650744,0.071693779,5.281500737,1.28e-07,3.03e-06,"yes","up",0.972387270104057,0.627939808343798,"tissue_specific","Flower","mature_pollen"
"AT3G57450",368.5087634,0.795379639,0.172750124,4.604220365,4.14e-06,5.83e-05,"yes","up",0.808865499589926,0.32683648559764,"tissue_specific","Flower","mature_pollen"
"AT3G57460",12.35876248,2.621652323,0.411599382,6.369427259,1.9e-10,1.02e-08,"yes","up",0.655647010508868,0.443874224842225,"tissue_specific","Flower","sepal"
"AT3G57530",772.7052786,0.989838029,0.189114573,5.23406532,1.66e-07,3.78e-06,"yes","up",0.835114384598696,0.431691351448611,"tissue_specific","Flower","mature_pollen"
"AT3G57550",1031.006138,0.70351688,0.130787476,5.379084445,7.49e-08,1.91e-06,"yes","up",0.918750473797835,0.461422102501015,"tissue_specific","Flower","mature_pollen"
"AT3G57760",34.28002953,0.67527373,0.166472116,4.056377411,4.98e-05,0.000476428,"yes","up",0.755701687173055,0.60967108107343,"tissue_specific","Flower","sepal"
"AT3G58000",9.854733251,-0.376072666,0.143884964,-2.613703721,0.008956667,0.03357753,"yes","down",0.821338294497286,0.441679584539584,"tissue_specific","Flower","flower_stage_9"
"AT3G58120",482.6852079,-0.461144675,0.151496994,-3.043919634,0.002335175,0.011378066,"yes","down",0.816246906822327,0.347891768108871,"tissue_specific","Flower","petal"
"AT3G58160",126.0986954,0.208503384,0.066289252,3.145357335,0.001658841,0.008641736,"yes","up",0.904314374636326,0.452187808965227,"tissue_specific","Flower","mature_pollen"
"AT3G58750",755.1370112,0.184456746,0.056270122,3.27805837,0.001045238,0.005952982,"yes","up",0.766911141061052,0.352869711630417,"tissue_specific","Flower","mature_pollen"
"AT3G58780",6.48634508,0.506089785,0.180982786,2.7963421,0.005168466,0.021632856,"yes","up",0.842264930180003,0.767999170998956,"tissue_specific","Flower","carpel"
"AT3G58830",347.9694833,-0.141525423,0.053448584,-2.647879769,0.008099833,0.031016464,"yes","down",0.87758103923426,0.352557704995616,"tissue_specific","Flower","mature_pollen"
"AT3G59420",198.7457109,-0.160741625,0.051945521,-3.094427034,0.001971934,0.00991555,"yes","down",0.708753745263296,0.747019584887084,"tissue_specific","Flower","petal"
"AT3G59550",91.45419077,-0.267540061,0.095591955,-2.79877173,0.005129739,0.021512779,"yes","down",0.758754527993231,0.529523294296775,"tissue_specific","Flower","mature_pollen"
"AT3G59640",118.6834745,0.214025501,0.06348388,3.371336172,0.000748045,0.004489223,"yes","up",0.807011623335419,0.338169844362514,"tissue_specific","Flower","mature_pollen"
"AT3G59680",70.87655919,-0.267139404,0.072149409,-3.702586192,0.000213413,0.001586497,"yes","down",0.948926752026609,0.550100066453225,"tissue_specific","Flower","mature_pollen"
"AT3G60100",3.831850954,1.792978126,0.403622241,4.442218346,8.9e-06,0.000111939,"yes","up",0.900116100502966,0.596272518867923,"tissue_specific","Flower","mature_pollen"
"AT3G60110",145.0984028,0.175348015,0.058454408,2.999739794,0.002702103,0.012813656,"yes","up",0.601041389073128,0.191871282504317,"tissue_specific","Flower","mature_pollen"
"AT3G60160",127.458115,1.036514273,0.171136642,6.05664725,1.39e-09,5.82e-08,"yes","up",0.822534052510791,0.780852936133291,"tissue_specific","Flower","sepal"
"AT3G60470",11.77852353,2.507368436,0.407503572,6.152997444,7.6e-10,3.44e-08,"yes","up",0.685052219254099,0.0900785462588657,"tissue_specific","Flower","pedicel"
"AT3G60580",26.44567973,0.34652141,0.126438263,2.740637228,0.006132017,0.024734777,"yes","up",0.817754483256149,0.387885141689598,"tissue_specific","Flower","mature_pollen"
"AT3G61310",448.3642742,-0.206136103,0.081602061,-2.526113919,0.011533208,0.041074528,"yes","down",0.760777767792332,0.69481057522072,"tissue_specific","Flower","inflorescence_apex"
"AT3G61580",1896.236955,-0.186928323,0.070310498,-2.658611862,0.00784633,0.030227412,"yes","down",0.925702351197514,0.318942328038451,"tissue_specific","Flower","mature_pollen"
"AT3G61800",198.1572508,0.126732998,0.043290931,2.927472238,0.003417296,0.015524361,"yes","up",0.649612096559129,0.105418230777941,"tissue_specific","Flower","mature_pollen"
"AT3G61870",3176.900788,-0.234175568,0.0559976,-4.181885777,2.89e-05,0.000302217,"yes","down",0.60541998832169,0.512410180402541,"tissue_specific","Flower","pedicel"
"AT3G62190",184.3737364,0.166297045,0.065119394,2.553725325,0.01065773,0.038550661,"yes","up",0.754878396852427,0.108655610594505,"tissue_specific","Flower","mature_pollen"
"AT3G63240",156.0263699,-0.167497255,0.058019581,-2.886909066,0.003890467,0.017238716,"yes","down",0.696383387373368,0.575892337587702,"tissue_specific","Flower","inflorescence_apex"
"AT3G63470",97.09592759,-0.325083274,0.095634026,-3.399242799,0.000675727,0.004127731,"yes","down",0.76692601515185,0.739614659841336,"tissue_specific","Flower","petal"
"AT4G00300",759.0431474,0.310114908,0.107358584,2.888589764,0.003869736,0.017161528,"yes","up",0.892848884925736,0.387357226094821,"tissue_specific","Flower","mature_pollen"
"AT4G00310",97.80377987,-0.192120178,0.066818962,-2.875234376,0.004037277,0.017765676,"yes","down",0.619138218428006,0.476851053150454,"tissue_specific","Flower","inflorescence_apex"
"AT4G00460",43.23519721,-0.273191256,0.093490024,-2.922143407,0.003476314,0.015731841,"yes","down",0.730657771356451,0.570009620517258,"tissue_specific","Flower","carpel"
"AT4G00550",194.3350842,0.162592023,0.048816452,3.330680854,0.000866339,0.005063873,"yes","up",0.762617186396912,0.143508281182794,"tissue_specific","Flower","mature_pollen"
"AT4G00820",284.0644177,-0.192703595,0.047632335,-4.045646618,5.22e-05,0.000495573,"yes","down",0.631267105066029,0.543928900163431,"tissue_specific","Flower","inflorescence_apex"
"AT4G00950",163.7380016,-0.412678775,0.129345794,-3.190507881,0.00142023,0.00764537,"yes","down",0.933976635693353,0.554462539483526,"tissue_specific","Flower","petal"
"AT4G01180",3.613312157,2.365213695,0.409572665,5.774832883,7.7e-09,2.67e-07,"yes","up",0.805663839232127,0.791722464660176,"tissue_specific","Flower","flower_stage_9"
"AT4G01310",5885.86935,-0.180201658,0.037799746,-4.767271613,1.87e-06,2.96e-05,"yes","down",0.627913056171191,0.556481221669888,"tissue_specific","Flower","pedicel"
"AT4G01460",94.75793391,0.507457131,0.13809287,3.674752583,0.00023808,0.001736467,"yes","up",0.616881839569751,0.395220543378246,"tissue_specific","Flower","pedicel"
"AT4G01730",176.5360974,-0.536904104,0.211528854,-2.538207405,0.011142193,0.039977767,"yes","down",0.659693388605952,0.489627977981854,"tissue_specific","Flower","inflorescence_apex"
"AT4G02060",513.7945057,-0.318399646,0.095443914,-3.335986897,0.000849972,0.004992869,"yes","down",0.710314173895521,0.642538770287977,"tissue_specific","Flower","inflorescence_apex"
"AT4G02070",229.63497,-0.241303303,0.063541247,-3.797585224,0.000146113,0.001166377,"yes","down",0.635564113436376,0.518240823374839,"tissue_specific","Flower","inflorescence_apex"
"AT4G02380",2569.22746,0.400823238,0.151131855,2.652142647,0.007998274,0.030692385,"yes","up",0.952114614677776,0.427057097098241,"tissue_specific","Flower","mature_pollen"
"AT4G02530",2641.013578,-0.175520255,0.031674423,-5.541387624,3e-08,8.68e-07,"yes","down",0.68327062385797,0.60488241408007,"tissue_specific","Flower","pedicel"
"AT4G02570",2373.847496,0.094834446,0.027294866,3.47444261,0.000511916,0.003277402,"yes","up",0.81811900182163,0.238058678621151,"tissue_specific","Flower","mature_pollen"
"AT4G02880",256.7225373,0.437931938,0.059333269,7.380883324,1.57e-13,1.72e-11,"yes","up",0.807968987406724,0.332325913217153,"tissue_specific","Flower","mature_pollen"
"AT4G03010",72.5305872,-0.588110251,0.102600899,-5.732018499,9.92e-09,3.32e-07,"yes","down",0.62785421364547,0.602448264891794,"tissue_specific","Flower","inflorescence_apex"
"AT4G03030",374.7724714,0.307603406,0.085217636,3.609621432,0.000306644,0.002139883,"yes","up",0.827803177946716,0.338265964529283,"tissue_specific","Flower","mature_pollen"
"AT4G03190",470.6333661,-0.206400957,0.072473523,-2.847949821,0.004400186,0.019046197,"yes","down",0.634061764512238,0.488274736055909,"tissue_specific","Flower","inflorescence_apex"
"AT4G03210",1896.240356,-0.489317174,0.139845937,-3.498973129,0.000467054,0.003042237,"yes","down",0.697526902925542,0.667193691005287,"tissue_specific","Flower","inflorescence_apex"
"AT4G03330",20.43846549,-0.405681893,0.109604512,-3.701324745,0.000214477,0.001592899,"yes","down",0.726212055292313,0.57391616075381,"tissue_specific","Flower","pedicel"
"AT4G04510",2.632494209,1.52188075,0.3783159,4.022777653,5.75e-05,0.000539093,"yes","up",0.784529065227589,0.486337292048879,"tissue_specific","Flower","mature_pollen"
"AT4G05020",509.8148075,0.500442618,0.132171797,3.786304121,0.000152905,0.001208725,"yes","up",0.735480320611654,0.615562965104482,"tissue_specific","Flower","sepal"
"AT4G09300",13.38131699,0.452942305,0.130435269,3.472544719,0.000515549,0.003296186,"yes","up",0.737939524478462,0.531060983891211,"tissue_specific","Flower","flower_stage_9"
"AT4G10310",33.77899483,0.384811463,0.122361431,3.144875473,0.001661575,0.008654069,"yes","up",0.937061472239823,0.752586724253857,"tissue_specific","Flower","petal"
"AT4G10510",39.90508114,0.692289754,0.12407049,5.57980993,2.41e-08,7.16e-07,"yes","up",0.866520852481657,0.87566607790066,"tissue_specific","Flower","stamen"
"AT4G10950",3.645226432,0.620129913,0.220700761,2.809822264,0.004956887,0.020959406,"yes","up",0.828327932242097,0.259686785792866,"tissue_specific","Flower","flower_stage_9"
"AT4G11080",283.4757192,-0.439101303,0.156791608,-2.800540854,0.005101705,0.021425297,"yes","down",0.65797324930728,0.454238700872361,"tissue_specific","Flower","inflorescence_apex"
"AT4G11130",127.3508571,0.167086135,0.058432679,2.859463864,0.004243578,0.018524788,"yes","up",0.62042948637917,0.412976576489472,"tissue_specific","Flower","inflorescence_apex"
"AT4G11280",249.1818379,1.140709303,0.175697115,6.492476004,8.44e-11,4.99e-09,"yes","up",0.741604337253122,0.560513189326592,"tissue_specific","Flower","petal"
"AT4G11660",166.9158905,0.325739543,0.099563233,3.271685068,0.001069086,0.006060982,"yes","up",0.757174025145211,0.309272425220213,"tissue_specific","Flower","petal"
"AT4G12040",631.2357383,0.274369047,0.075409288,3.638398577,0.000274339,0.001947887,"yes","up",0.674261622926187,0.362158660736413,"tissue_specific","Flower","mature_pollen"
"AT4G12120",106.8215583,0.55061329,0.082670928,6.660301319,2.73e-11,1.81e-09,"yes","up",0.926131421160822,0.221858461318645,"tissue_specific","Flower","mature_pollen"
"AT4G12980",326.3565812,-0.432382742,0.142799454,-3.027901935,0.00246258,0.011856698,"yes","down",0.685559472091223,0.319415453645117,"tissue_specific","Flower","mature_pollen"
"AT4G13020",596.3459571,0.262706862,0.071738831,3.661989719,0.000250264,0.001811321,"yes","up",0.812707076811468,0.119936755346477,"tissue_specific","Flower","mature_pollen"
"AT4G13260",51.06341649,-0.352450717,0.126087202,-2.795293353,0.005185264,0.021683915,"yes","down",0.652730226002612,0.227073474174652,"tissue_specific","Flower","mature_pollen"
"AT4G13690",55.68869385,0.240883764,0.084379376,2.854770612,0.004306792,0.018741742,"yes","up",0.723397094522968,0.594675405229404,"tissue_specific","Flower","inflorescence_apex"
"AT4G13710",77.74415549,-0.295446551,0.088373634,-3.34315266,0.000828323,0.004877857,"yes","down",0.823043801369343,0.649644301451042,"tissue_specific","Flower","petal"
"AT4G13880",42.74546048,0.260469259,0.103505437,2.51647899,0.011853397,0.042037027,"yes","up",0.786835949188176,0.223160099210787,"tissue_specific","Flower","mature_pollen"
"AT4G14150",139.1818048,-0.498568671,0.136415236,-3.654787294,0.000257395,0.001855529,"yes","down",0.664566266303256,0.553771147792609,"tissue_specific","Flower","inflorescence_apex"
"AT4G14330",253.4556872,-0.834418829,0.22922859,-3.640116745,0.000272514,0.001937269,"yes","down",0.732109724199072,0.573402266177561,"tissue_specific","Flower","inflorescence_apex"
"AT4G14368",2.559755557,1.031651258,0.263650475,3.912950498,9.12e-05,0.000786991,"yes","up",0.957161465851183,0.610425229998544,"tissue_specific","Flower","mature_pollen"
"AT4G14490",61.83129615,-0.501247633,0.144736239,-3.463179885,0.000533831,0.00339283,"yes","down",0.675448574142839,0.502807472586707,"tissue_specific","Flower","mature_pollen"
"AT4G14530",3.485228325,1.622093116,0.34164712,4.747861237,2.06e-06,3.22e-05,"yes","up",0.916834326513725,0.498680565638506,"tissue_specific","Flower","mature_pollen"
"AT4G14695",12.92353864,-0.495449412,0.175114157,-2.829293876,0.004665084,0.01998365,"yes","down",0.752966457686672,0.801027781837418,"tissue_specific","Flower","petal"
"AT4G14750",119.5292371,-0.266294825,0.062658958,-4.249908284,2.14e-05,0.00023426,"yes","down",0.864556686727748,0.58754091838654,"tissue_specific","Flower","petal"
"AT4G14780",34.25906335,-0.374728536,0.095181146,-3.937003841,8.25e-05,0.000724356,"yes","down",0.944971240548158,0.72796966916256,"tissue_specific","Flower","mature_pollen"
"AT4G14960",8115.186357,-0.143474455,0.043425935,-3.303888682,0.000953537,0.00550385,"yes","down",0.651095887690651,0.288882145600044,"tissue_specific","Flower","mature_pollen"
"AT4G15020",385.2739008,-0.16129696,0.040289674,-4.003431754,6.24e-05,0.000576898,"yes","down",0.677846569879579,0.395058833291708,"tissue_specific","Flower","mature_pollen"
"AT4G15140",75.13362082,-0.548178223,0.127256886,-4.307650772,1.65e-05,0.000188994,"yes","down",0.743062930840797,0.559397565301023,"tissue_specific","Flower","inflorescence_apex"
"AT4G15420",280.5957321,0.456728517,0.081251147,5.621194676,1.9e-08,5.81e-07,"yes","up",0.632050510059802,0.304388984056887,"tissue_specific","Flower","mature_pollen"
"AT4G15470",1711.859521,0.197003821,0.033498971,5.880891709,4.08e-09,1.52e-07,"yes","up",0.727839971213114,0.163496312373065,"tissue_specific","Flower","mature_pollen"
"AT4G15490",194.5604181,0.444489552,0.160915067,2.762261864,0.005740242,0.023467694,"yes","up",0.740365507268396,0.517355667774927,"tissue_specific","Flower","sepal"
"AT4G15530",730.5526027,0.365544464,0.139538953,2.619658919,0.008801775,0.033096015,"yes","up",0.917513298841123,0.648267977327207,"tissue_specific","Flower","mature_pollen"
"AT4G15830",242.1740813,-0.958423131,0.229282804,-4.18009163,2.91e-05,0.000303937,"yes","down",0.76346143583688,0.647832409242352,"tissue_specific","Flower","inflorescence_apex"
"AT4G16745",25.08086243,0.254818932,0.103838432,2.453994411,0.014127918,0.048308298,"yes","up",0.989800507946181,0.897597629922564,"tissue_specific","Flower","mature_pollen"
"AT4G16760",1565.260865,0.153777033,0.043810846,3.510022005,0.00044807,0.002942977,"yes","up",0.609790447453536,0.25795291525331,"tissue_specific","Flower","sepal"
"AT4G16860",573.2258448,0.644060477,0.118228241,5.447602617,5.11e-08,1.38e-06,"yes","up",0.836324679265147,0.656853072793422,"tissue_specific","Flower","mature_pollen"
"AT4G17070",185.474789,0.168222748,0.056722724,2.965702927,0.00301992,0.014049454,"yes","up",0.654851982570518,0.125964446617803,"tissue_specific","Flower","mature_pollen"
"AT4G17460",321.8541754,-0.362265569,0.128852618,-2.811472314,0.004931533,0.02087467,"yes","down",0.64575701790501,0.375103287299601,"tissue_specific","Flower","carpel"
"AT4G17650",293.9604873,0.167717222,0.038478824,4.358688857,1.31e-05,0.000154839,"yes","up",0.812003722413376,0.314878530820275,"tissue_specific","Flower","mature_pollen"
"AT4G17710",6.246596793,2.546572884,0.321135795,7.929894211,2.19e-15,3.64e-13,"yes","up",0.740839181605422,0.220848882039395,"tissue_specific","Flower","mature_pollen"
"AT4G17720",404.0506502,0.19496952,0.057247074,3.40575519,0.000659813,0.004046574,"yes","up",0.835748435840258,0.366826563897868,"tissue_specific","Flower","mature_pollen"
"AT4G17940",449.4617842,0.311018162,0.047688574,6.521859077,6.94e-11,4.2e-09,"yes","up",0.792229200483303,0.641443765767809,"tissue_specific","Flower","mature_pollen"
"AT4G18010",826.0696136,0.464340179,0.143322565,3.239826039,0.001196026,0.00664168,"yes","up",0.795662321643716,0.629904273648855,"tissue_specific","Flower","sepal"
"AT4G18280",75.08469505,0.626359044,0.13613651,4.600962995,4.21e-06,5.9e-05,"yes","up",0.80554841516562,0.724036362121557,"tissue_specific","Flower","petal"
"AT4G18570",521.925165,-0.248071828,0.069081502,-3.591002259,0.000329409,0.002269186,"yes","down",0.671405157158598,0.466352197043946,"tissue_specific","Flower","petal"
"AT4G18950",564.8643464,0.460171983,0.087706036,5.246753871,1.55e-07,3.57e-06,"yes","up",0.75238701350697,0.419082372666417,"tissue_specific","Flower","mature_pollen"
"AT4G18990",1.605375502,0.771053644,0.312973755,2.463636747,0.013753542,0.047323346,"yes","up",0.921618394539896,0.710642206977996,"tissue_specific","Flower","mature_pollen"
"AT4G19120",965.8894386,0.281085474,0.096277086,2.919546963,0.003505406,0.015836131,"yes","up",0.917439279746199,0.292688493002446,"tissue_specific","Flower","mature_pollen"
"AT4G19130",245.8899888,1.993211559,0.21540941,9.253131326,2.18e-20,9.34e-18,"yes","up",0.730460293966616,0.585083974726413,"tissue_specific","Flower","flower_stage_9"
"AT4G19200",820.8556973,0.483855432,0.089508798,5.405674534,6.46e-08,1.68e-06,"yes","up",0.83676595796427,0.481107719857452,"tissue_specific","Flower","mature_pollen"
"AT4G19430",1.686327266,-0.780544057,0.31541823,-2.474632038,0.013337351,0.04615472,"yes","down",0.904771621618317,0.875669381628778,"tissue_specific","Flower","petal"
"AT4G19570",2.807501772,1.191215124,0.282255055,4.220350003,2.44e-05,0.000262198,"yes","up",0.897750797472894,0.464288724609917,"tissue_specific","Flower","mature_pollen"
"AT4G20300",613.4253553,0.099038388,0.039866388,2.484257855,0.012982177,0.045136998,"yes","up",0.690094563697639,0.36445109326326,"tissue_specific","Flower","mature_pollen"
"AT4G20330",352.1270256,0.111812364,0.040891782,2.73434801,0.006250394,0.025083512,"yes","up",0.675783914474382,0.162447358588377,"tissue_specific","Flower","mature_pollen"
"AT4G20420",10.23999069,-0.583340638,0.163804897,-3.561191702,0.000369175,0.002491432,"yes","down",0.982028102195932,0.874960049967387,"tissue_specific","Flower","flower_stage_9"
"AT4G20830",1290.648356,0.928696214,0.142934258,6.497366202,8.17e-11,4.87e-09,"yes","up",0.720892051170705,0.489035572390002,"tissue_specific","Flower","sepal"
"AT4G20880",181.6141743,0.199514079,0.076768967,2.598889727,0.009352581,0.034735843,"yes","up",0.952039597460247,0.474015451196537,"tissue_specific","Flower","mature_pollen"
"AT4G21070",1097.856352,3.077317424,0.310680744,9.905079347,3.96e-23,2.59e-20,"yes","up",0.728001694815984,0.636498781948815,"tissue_specific","Flower","inflorescence_apex"
"AT4G21160",376.1488651,0.11815557,0.038908883,3.036724845,0.002391637,0.0115885,"yes","up",0.702020237155959,0.197844557898422,"tissue_specific","Flower","mature_pollen"
"AT4G21380",44.66906136,0.916889551,0.192027093,4.774792632,1.8e-06,2.87e-05,"yes","up",0.680536039477498,0.353307966405056,"tissue_specific","Flower","sepal"
"AT4G21490",5.650604295,-0.783109656,0.280865175,-2.788204895,0.005300101,0.022055554,"yes","down",0.889941471776235,0.561229155218787,"tissue_specific","Flower","stamen"
"AT4G21620",391.1752534,0.164521381,0.061746898,2.664447699,0.007711486,0.029800467,"yes","up",0.622181355976649,0.496523187533653,"tissue_specific","Flower","carpel"
"AT4G21820",131.9501215,-0.72451328,0.197027841,-3.67721271,0.000235796,0.001721409,"yes","down",0.767046918150422,0.658397028086303,"tissue_specific","Flower","inflorescence_apex"
"AT4G21903",46.22293048,0.508555555,0.147632171,3.444747529,0.000571593,0.003590238,"yes","up",0.770629335931627,0.681401130670134,"tissue_specific","Flower","carpel"
"AT4G22070",92.21764648,0.464708914,0.12458851,3.729950017,0.000191518,0.001447931,"yes","up",0.795475915188283,0.8046398135725,"tissue_specific","Flower","mature_pollen"
"AT4G22080",49.10485331,-0.400912656,0.120085569,-3.338558158,0.000842144,0.004950589,"yes","down",0.97344254546378,0.83620156405191,"tissue_specific","Flower","flower_stage_9"
"AT4G22250",99.40258401,0.911504551,0.174518158,5.222978301,1.76e-07,3.96e-06,"yes","up",0.660646442193197,0.538399879812326,"tissue_specific","Flower","flower_stage_9"
"AT4G22260",465.227611,0.129898116,0.034293386,3.787847507,0.000151958,0.00120488,"yes","up",0.701929351189078,0.234716303611169,"tissue_specific","Flower","sepal"
"AT4G22530",259.6064042,0.382208736,0.07902308,4.836672198,1.32e-06,2.21e-05,"yes","up",0.770608866958903,0.676185036953357,"tissue_specific","Flower","sepal"
"AT4G22590",286.7028585,0.304122986,0.079511296,3.824902907,0.000130824,0.001060855,"yes","up",0.948981498376997,0.363206622267597,"tissue_specific","Flower","mature_pollen"
"AT4G22780",132.347057,0.518351582,0.118604865,4.370407429,1.24e-05,0.000147738,"yes","up",0.818171747668175,0.432905561776709,"tissue_specific","Flower","mature_pollen"
"AT4G22790",54.37918634,0.286975786,0.09726613,2.950418482,0.003173438,0.014628649,"yes","up",0.697538986747122,0.636801242871433,"tissue_specific","Flower","stamen"
"AT4G22910",245.2265824,0.405413355,0.087962757,4.608920487,4.05e-06,5.72e-05,"yes","up",0.71534150889455,0.36236902430905,"tissue_specific","Flower","mature_pollen"
"AT4G22960",190.1908796,4.922112349,0.40858682,12.04667431,2.02e-33,6.8e-30,"yes","up",0.880951178406033,0.65437368088583,"tissue_specific","Flower","stamen"
"AT4G23030",11.5812222,0.626658457,0.213465192,2.935647034,0.003328528,0.015216656,"yes","up",0.765707777740555,0.341597898675771,"tissue_specific","Flower","stamen"
"AT4G23210",38.32692645,0.886645228,0.167802878,5.283849957,1.26e-07,3.01e-06,"yes","up",0.710226476660511,0.580230443493809,"tissue_specific","Flower","sepal"
"AT4G23490",202.057202,-0.181237726,0.062161082,-2.915614058,0.003549893,0.016000312,"yes","down",0.898248146794645,0.575484980080305,"tissue_specific","Flower","mature_pollen"
"AT4G23690",258.0560173,-0.156824827,0.061012234,-2.57038328,0.010158605,0.037092441,"yes","down",0.840418253290539,0.869004975005958,"tissue_specific","Flower","flower_stage_15"
"AT4G23820",819.1768333,-0.33914238,0.106310588,-3.190109163,0.001422191,0.007652431,"yes","down",0.665689090948183,0.434359322358644,"tissue_specific","Flower","petal"
"AT4G23860",381.0776867,0.198162437,0.046011081,4.306841589,1.66e-05,0.000189318,"yes","up",0.613564190582884,0.490370409522316,"tissue_specific","Flower","inflorescence_apex"
"AT4G24160",650.381088,0.615459225,0.098750135,6.232489941,4.59e-10,2.23e-08,"yes","up",0.685247263168486,0.667539607369865,"tissue_specific","Flower","mature_pollen"
"AT4G24380",143.3843145,0.990923819,0.13792496,7.184514076,6.74e-13,6.6e-11,"yes","up",0.908442757987144,0.58895186309002,"tissue_specific","Flower","stamen"
"AT4G24580",84.70862108,0.702034966,0.157539251,4.456254306,8.34e-06,0.000105703,"yes","up",0.982235455845935,0.825607517841828,"tissue_specific","Flower","mature_pollen"
"AT4G24670",193.4636286,-0.282083054,0.079955194,-3.52801412,0.00041869,0.00277806,"yes","down",0.751253949316707,0.687226686517001,"tissue_specific","Flower","inflorescence_apex"
"AT4G24730",147.4321487,0.241915357,0.066588889,3.632968796,0.000280179,0.001983976,"yes","up",0.809238989300411,0.15957387507413,"tissue_specific","Flower","mature_pollen"
"AT4G25230",561.6039989,0.114073907,0.032444984,3.515918148,0.000438236,0.002888046,"yes","up",0.878483220711609,0.216133831784936,"tissue_specific","Flower","mature_pollen"
"AT4G25420",24.07287107,-0.475171705,0.19176937,-2.477828994,0.013218448,0.045813241,"yes","down",0.806661927186991,0.345305440504609,"tissue_specific","Flower","stamen"
"AT4G25450",829.9172829,-0.171039724,0.031815117,-5.376052076,7.61e-08,1.93e-06,"yes","down",0.637905548571621,0.193000259542543,"tissue_specific","Flower","sepal"
"AT4G25780",88.60426832,-0.414999118,0.115386037,-3.596614721,0.000322385,0.002231892,"yes","down",0.989546434609031,0.930433915674222,"tissue_specific","Flower","mature_pollen"
"AT4G25900",603.8940315,0.331916299,0.052654853,6.30362213,2.91e-10,1.49e-08,"yes","up",0.972232425526879,0.61508518179301,"tissue_specific","Flower","mature_pollen"
"AT4G26180",61.65453306,0.210563763,0.076223917,2.762436933,0.005737164,0.023466848,"yes","up",0.802203615228157,0.316067613644307,"tissue_specific","Flower","mature_pollen"
"AT4G26270",72.67910427,0.503235348,0.109259986,4.605852224,4.11e-06,5.79e-05,"yes","up",0.656733108938302,0.747443358189901,"tissue_specific","Flower","mature_pollen"
"AT4G26400",300.4945734,0.561789378,0.180186839,3.117815834,0.001821966,0.009310472,"yes","up",0.969678449221688,0.546936076829809,"tissue_specific","Flower","mature_pollen"
"AT4G26470",88.5294604,0.512520417,0.110566789,4.635392086,3.56e-06,5.15e-05,"yes","up",0.951357427273715,0.791164076336644,"tissue_specific","Flower","mature_pollen"
"AT4G26530",2344.63051,-0.350622993,0.128595835,-2.726550146,0.006400023,0.025557807,"yes","down",0.829777652804047,0.642345344377911,"tissue_specific","Flower","pedicel"
"AT4G26660",290.9068615,-0.956634137,0.257541806,-3.714480971,0.000203621,0.00152622,"yes","down",0.660822089937833,0.439856681647621,"tissue_specific","Flower","inflorescence_apex"
"AT4G26760",423.1305466,-0.274263354,0.070098939,-3.912517918,9.13e-05,0.000788114,"yes","down",0.71121937865495,0.664958113894168,"tissue_specific","Flower","inflorescence_apex"
"AT4G26830",29.93964823,-0.263844816,0.103488519,-2.549508088,0.010787501,0.038954313,"yes","down",0.871721894948644,0.640175845011631,"tissue_specific","Flower","stamen"
"AT4G27350",157.0874313,0.427963783,0.104480565,4.09610902,4.2e-05,0.000412505,"yes","up",0.98378263765998,0.662140806324911,"tissue_specific","Flower","mature_pollen"
"AT4G27370",135.8546549,-0.203234511,0.080535495,-2.523539619,0.011617997,0.041339025,"yes","down",0.954856485792362,0.706004630138171,"tissue_specific","Flower","mature_pollen"
"AT4G27400",76.62734719,-0.390506078,0.124886787,-3.126880661,0.001766716,0.009077333,"yes","down",0.660846161493814,0.618469259960229,"tissue_specific","Flower","mature_pollen"
"AT4G27500",2953.092549,0.119773322,0.038128085,3.141341157,0.00168176,0.008743748,"yes","up",0.738758882202496,0.30874263116714,"tissue_specific","Flower","mature_pollen"
"AT4G27830",337.1058765,0.499309793,0.114176389,4.373144006,1.22e-05,0.000146325,"yes","up",0.804444174776353,0.251135640131172,"tissue_specific","Flower","sepal"
"AT4G27980",15.89788564,1.758508682,0.224647326,7.827863852,4.96e-15,7.6e-13,"yes","up",0.949682574852507,0.710283841213136,"tissue_specific","Flower","mature_pollen"
"AT4G28680",64.66855816,-0.490719369,0.187879918,-2.611877703,0.009004646,0.033698447,"yes","down",0.844746415409172,0.858663809930778,"tissue_specific","Flower","mature_pollen"
"AT4G29010",1550.304523,0.122087216,0.041523909,2.94016673,0.003280357,0.015044329,"yes","up",0.67654386496199,0.257970759471493,"tissue_specific","Flower","stamen"
"AT4G29170",167.7645394,1.62038007,0.222293282,7.289379407,3.11e-13,3.21e-11,"yes","up",0.624399815635106,0.444893204968227,"tissue_specific","Flower","inflorescence_apex"
"AT4G29360",246.6169731,-0.466445664,0.105093086,-4.438404876,9.06e-06,0.000113396,"yes","down",0.758821613775955,0.684580161568375,"tissue_specific","Flower","inflorescence_apex"
"AT4G29440",239.990752,0.190826329,0.052923292,3.605715413,0.000311294,0.00216848,"yes","up",0.777734112461172,0.440229460725155,"tissue_specific","Flower","mature_pollen"
"AT4G30130",57.91263395,-0.478003293,0.099494671,-4.804310523,1.55e-06,2.53e-05,"yes","down",0.786708142570915,0.844058900617876,"tissue_specific","Flower","inflorescence_apex"
"AT4G30290",212.9815776,-0.238344874,0.082919425,-2.874415418,0.004047762,0.017805166,"yes","down",0.932264087111385,0.862416024017849,"tissue_specific","Flower","stamen"
"AT4G30350",466.8582471,0.249996417,0.088251844,2.832761397,0.004614782,0.019814982,"yes","up",0.64709953001687,0.476868610732918,"tissue_specific","Flower","petal"
"AT4G30390",99.76520038,0.312050095,0.084430686,3.695932253,0.000219081,0.001620969,"yes","up",0.691150350510379,0.282359957587455,"tissue_specific","Flower","mature_pollen"
"AT4G30430",8.587755889,1.560162808,0.264953985,5.88842929,3.9e-09,1.46e-07,"yes","up",0.792548681747014,0.332960456227211,"tissue_specific","Flower","sepal"
"AT4G30520",155.9582276,-0.117332834,0.046186058,-2.54043839,0.01107136,0.039772198,"yes","down",0.715498551056304,0.575989713431162,"tissue_specific","Flower","flower_stage_10_11"
"AT4G30600",1517.809664,0.17468023,0.04639363,3.76517706,0.000166431,0.001290254,"yes","up",0.686688577005758,0.473655668926017,"tissue_specific","Flower","mature_pollen"
"AT4G30610",711.2088611,-0.337050619,0.074893332,-4.500408914,6.78e-06,8.86e-05,"yes","down",0.685023869984144,0.628290813309008,"tissue_specific","Flower","flower_stage_10_11"
"AT4G30940",39.89381653,-0.184150995,0.070988447,-2.594098097,0.009483942,0.035124112,"yes","down",0.885097717585505,0.365968070491355,"tissue_specific","Flower","mature_pollen"
"AT4G31080",597.1076589,0.113877885,0.041126377,2.768974381,0.005623306,0.02309591,"yes","up",0.907370167926731,0.283620553173682,"tissue_specific","Flower","mature_pollen"
"AT4G31340",2099.388927,-0.103991061,0.032926429,-3.158285418,0.001587001,0.008348666,"yes","down",0.692430014648182,0.389324444362553,"tissue_specific","Flower","mature_pollen"
"AT4G31360",206.7395558,-0.319133108,0.077008169,-4.144146143,3.41e-05,0.000346417,"yes","down",0.801488619112178,0.765930743765444,"tissue_specific","Flower","inflorescence_apex"
"AT4G31420",402.1451241,0.142164793,0.04042888,3.51641676,0.000437414,0.002883511,"yes","up",0.88791790681223,0.191973217103665,"tissue_specific","Flower","mature_pollen"
"AT4G31570",864.5349531,0.113347389,0.041247976,2.74795032,0.005996909,0.02430625,"yes","up",0.748890096661238,0.633752763837796,"tissue_specific","Flower","mature_pollen"
"AT4G31820",391.9804147,-0.22541175,0.080496104,-2.800281475,0.005105806,0.021435294,"yes","down",0.689859625568569,0.380762741026974,"tissue_specific","Flower","inflorescence_apex"
"AT4G31840",477.4616441,-1.150499659,0.26580618,-4.328340517,1.5e-05,0.00017446,"yes","down",0.726850496332392,0.611599800090604,"tissue_specific","Flower","inflorescence_apex"
"AT4G31890",192.6268199,0.279704039,0.083073818,3.366933705,0.00076009,0.004552234,"yes","up",0.63854909513479,0.387636222241643,"tissue_specific","Flower","inflorescence_apex"
"AT4G32160",316.5042791,0.124221769,0.044426589,2.796113106,0.00517213,0.021636666,"yes","up",0.642326235919277,0.232324277253971,"tissue_specific","Flower","mature_pollen"
"AT4G32180",728.0510184,0.116898793,0.038285396,3.05335205,0.002263003,0.011090596,"yes","up",0.65224485210127,0.222500068876479,"tissue_specific","Flower","stamen"
"AT4G32830",193.3866012,-0.695262861,0.198165445,-3.50849695,0.000450646,0.00295743,"yes","down",0.944124183118381,0.692033651147123,"tissue_specific","Flower","mature_pollen"
"AT4G32890",84.37351425,-0.239833527,0.066149759,-3.625614533,0.000288275,0.002033366,"yes","down",0.848817721847651,0.418019647896149,"tissue_specific","Flower","stamen"
"AT4G33260",308.3095422,-0.96991239,0.225925687,-4.293059373,1.76e-05,0.000198957,"yes","down",0.752228024535118,0.699682376860548,"tissue_specific","Flower","inflorescence_apex"
"AT4G33400",391.8625099,-0.388928809,0.101631543,-3.826851364,0.000129793,0.001053946,"yes","down",0.710104975870585,0.600889726827405,"tissue_specific","Flower","inflorescence_apex"
"AT4G33790",49.02325726,-0.491055163,0.127648237,-3.846940436,0.000119602,0.000986487,"yes","down",0.859086318838232,0.625684525461581,"tissue_specific","Flower","pedicel"
"AT4G34131",508.155869,0.289293535,0.076740706,3.769753362,0.000163409,0.001272981,"yes","up",0.89394342309086,0.754516258063792,"tissue_specific","Flower","stamen"
"AT4G34490",1117.406005,-0.120319503,0.047238931,-2.547041219,0.01086406,0.039152803,"yes","down",0.719229048670797,0.321520002505542,"tissue_specific","Flower","mature_pollen"
"AT4G34510",89.40943672,2.112211684,0.307156877,6.876654379,6.13e-12,4.81e-10,"yes","up",0.93776817222051,0.8465061434648,"tissue_specific","Flower","stamen"
"AT4G34710",6875.531378,0.399000596,0.093717739,4.257471437,2.07e-05,0.000227746,"yes","up",0.701396226200738,0.0987497586268383,"tissue_specific","Flower","mature_pollen"
"AT4G34750",111.721478,-0.256380756,0.08148865,-3.146214293,0.001653988,0.008624033,"yes","down",0.963037044410075,0.636701016822769,"tissue_specific","Flower","mature_pollen"
"AT4G34760",190.8583373,-0.535363255,0.111032028,-4.821701119,1.42e-06,2.35e-05,"yes","down",0.706241122862048,0.498542939541854,"tissue_specific","Flower","pedicel"
"AT4G34830",1894.149108,-0.183303059,0.048405513,-3.786821957,0.000152586,0.00120782,"yes","down",0.629307056879404,0.624178799550418,"tissue_specific","Flower","pedicel"
"AT4G34970",37.59005937,-0.631061982,0.162872363,-3.874579887,0.000106809,0.000898731,"yes","down",0.917142554506849,0.424738669332965,"tissue_specific","Flower","pedicel"
"AT4G34980",1072.196934,-0.197399766,0.065911253,-2.994932684,0.002745054,0.012988591,"yes","down",0.624801907327423,0.643805768692598,"tissue_specific","Flower","carpel"
"AT4G35070",46.28523133,-0.197971374,0.078931177,-2.508151809,0.012136451,0.042776999,"yes","down",0.86919023902984,0.713321832519071,"tissue_specific","Flower","mature_pollen"
"AT4G35110",85.46254163,0.485084621,0.115758496,4.190488266,2.78e-05,0.000292539,"yes","up",0.875393319781332,0.549110312129353,"tissue_specific","Flower","petal"
"AT4G35180",14.9348363,1.42908747,0.282167388,5.064679796,4.09e-07,8.16e-06,"yes","up",0.990714749267062,0.923669383450405,"tissue_specific","Flower","mature_pollen"
"AT4G35190",14.73902395,0.460676217,0.174694246,2.637042878,0.008363226,0.031823459,"yes","up",0.868595443178159,0.851363966957585,"tissue_specific","Flower","inflorescence_apex"
"AT4G35690",3.957997423,-0.693647989,0.238648598,-2.906566375,0.003654194,0.016376484,"yes","down",0.623967590934657,0.213097873776581,"tissue_specific","Flower","mature_pollen"
"AT4G35940",176.2169637,0.273196013,0.063085422,4.330572832,1.49e-05,0.000173054,"yes","up",0.897554004921292,0.321446467203992,"tissue_specific","Flower","mature_pollen"
"AT4G35950",401.5068523,-0.15591734,0.035885385,-4.344870242,1.39e-05,0.000163518,"yes","down",0.798528825321119,0.511893708213809,"tissue_specific","Flower","mature_pollen"
"AT4G36180",772.8870318,-0.364837603,0.082307132,-4.432636546,9.31e-06,0.000115675,"yes","down",0.748425963625418,0.627986512631147,"tissue_specific","Flower","inflorescence_apex"
"AT4G36740",11.5586492,-0.581013899,0.143765829,-4.041390815,5.31e-05,0.000503034,"yes","down",0.859471212880653,0.787347252198387,"tissue_specific","Flower","stamen"
"AT4G37180",313.475776,0.24297137,0.064025251,3.794930358,0.000147685,0.001176167,"yes","up",0.697473663519781,0.472445021030133,"tissue_specific","Flower","mature_pollen"
"AT4G37280",330.2505622,-0.122302188,0.042904275,-2.85058279,0.004363919,0.018935243,"yes","down",0.96161908292605,0.563071412731339,"tissue_specific","Flower","mature_pollen"
"AT4G37370",43.34070062,1.817096038,0.211344743,8.597782049,8.13e-18,2.15e-15,"yes","up",0.887128228149594,0.60222471614953,"tissue_specific","Flower","sepal"
"AT4G37490",395.3447411,1.419549759,0.206789947,6.864694248,6.66e-12,5.17e-10,"yes","up",0.784402552142365,0.721385189015809,"tissue_specific","Flower","inflorescence_apex"
"AT4G37580",49.19621255,-0.241036352,0.097928576,-2.46134849,0.013841585,0.047549938,"yes","down",0.719287232286877,0.312222695231231,"tissue_specific","Flower","inflorescence_apex"
"AT4G37900",79.5035699,0.599823631,0.097669063,6.141388176,8.18e-10,3.64e-08,"yes","up",0.954690227786521,0.909748942836193,"tissue_specific","Flower","flower_stage_10_11"
"AT4G37990",2.388583796,0.852468487,0.327875881,2.599973151,0.009323105,0.034653668,"yes","up",0.922269554659148,0.823986936391989,"tissue_specific","Flower","sepal"
"AT4G38230",111.5238154,-0.198524132,0.062680175,-3.167255559,0.00153885,0.008162762,"yes","down",0.986759314626924,0.804013732233709,"tissue_specific","Flower","mature_pollen"
"AT4G38480",98.88116991,0.251379323,0.064185102,3.916474651,8.99e-05,0.000777859,"yes","up",0.729397845344872,0.226143503552931,"tissue_specific","Flower","mature_pollen"
"AT4G38660",605.1379557,-0.517433187,0.100363695,-5.155581291,2.53e-07,5.37e-06,"yes","down",0.755408693531572,0.669164667580746,"tissue_specific","Flower","inflorescence_apex"
"AT4G38680",2709.961236,-0.274334831,0.064044719,-4.283488691,1.84e-05,0.000205744,"yes","down",0.620392077985111,0.409260548690551,"tissue_specific","Flower","inflorescence_apex"
"AT4G38780",62.97217812,0.340542493,0.089462606,3.80653447,0.000140928,0.001130346,"yes","up",0.734526341972644,0.537960046639052,"tissue_specific","Flower","mature_pollen"
"AT4G38940",80.9666854,0.443676138,0.09960104,4.454533202,8.41e-06,0.00010644,"yes","up",0.7756444458365,0.254250806679698,"tissue_specific","Flower","mature_pollen"
"AT4G38950",598.9586231,-0.34812304,0.085128857,-4.08936585,4.33e-05,0.000422394,"yes","down",0.916442455183225,0.643983381109081,"tissue_specific","Flower","petal"
"AT4G39230",133.3477466,0.481013207,0.080858281,5.948842816,2.7e-09,1.05e-07,"yes","up",0.896582486524518,0.568309291414303,"tissue_specific","Flower","mature_pollen"
"AT4G39640",257.9120672,0.379860525,0.113464591,3.347833216,0.00081446,0.004815467,"yes","up",0.673056510308265,0.614143963433268,"tissue_specific","Flower","sepal"
"AT4G39670",59.1792656,0.780866524,0.123649334,6.315169657,2.7e-10,1.39e-08,"yes","up",0.985680558403852,0.829366971406039,"tissue_specific","Flower","mature_pollen"
"AT4G39710",870.358708,-0.261021793,0.055181729,-4.730221365,2.24e-06,3.48e-05,"yes","down",0.740913175743378,0.52817400094572,"tissue_specific","Flower","pedicel"
"AT4G39830",36.28157357,1.391246284,0.203281099,6.843952992,7.7e-12,5.84e-10,"yes","up",0.756391811999741,0.384734125299358,"tissue_specific","Flower","sepal"
"AT4G39870",206.1333379,0.149184332,0.047141416,3.164612861,0.001552894,0.008203604,"yes","up",0.966432610606936,0.572779709855562,"tissue_specific","Flower","mature_pollen"
"AT4G40010",79.2339511,-0.473822069,0.101525914,-4.667006184,3.06e-06,4.51e-05,"yes","down",0.845652703592029,0.581628418088934,"tissue_specific","Flower","stamen"
"AT4G40020",5.996321761,1.02027781,0.212914479,4.791960683,1.65e-06,2.66e-05,"yes","up",0.986993392252024,0.7911082963496,"tissue_specific","Flower","mature_pollen"
"AT5G01180",28.17264604,0.481352718,0.124846276,3.855563295,0.000115463,0.000957039,"yes","up",0.824984325058218,0.785266453048901,"tissue_specific","Flower","mature_pollen"
"AT5G01280",15.22038909,-0.347849424,0.135566047,-2.565903718,0.010290739,0.037516794,"yes","down",0.896335161732326,0.662037320436393,"tissue_specific","Flower","mature_pollen"
"AT5G01540",42.21252419,1.101498291,0.219103168,5.027304274,4.97e-07,9.66e-06,"yes","up",0.818575424821945,0.610168193591679,"tissue_specific","Flower","sepal"
"AT5G02120",1125.905049,-0.19403721,0.048999348,-3.959995751,7.5e-05,0.000667733,"yes","down",0.604750063605953,0.565329679919047,"tissue_specific","Flower","pedicel"
"AT5G02220",37.95189304,2.293635619,0.257323749,8.913423756,4.95e-19,1.56e-16,"yes","up",0.721376972268077,0.350515371007951,"tissue_specific","Flower","flower_stage_9"
"AT5G02370",107.9202767,-0.527250856,0.129421975,-4.073889753,4.62e-05,0.000448327,"yes","down",0.885363542664623,0.518353952270384,"tissue_specific","Flower","mature_pollen"
"AT5G02520",54.2535418,0.403781521,0.081845256,4.933474948,8.08e-07,1.45e-05,"yes","up",0.704204035365982,0.5834099226574,"tissue_specific","Flower","inflorescence_apex"
"AT5G02790",1736.150884,0.097850996,0.036874422,2.653627941,0.007963158,0.030607454,"yes","up",0.63482125662913,0.482121244068823,"tissue_specific","Flower","sepal"
"AT5G03240",7118.639929,0.138063477,0.046645905,2.959819873,0.00307819,0.01426704,"yes","up",0.799120660247868,0.720512660123772,"tissue_specific","Flower","mature_pollen"
"AT5G03350",235.4093188,2.543409914,0.391694523,6.493350726,8.39e-11,4.98e-09,"yes","up",0.792687839383339,0.580192201753069,"tissue_specific","Flower","pedicel"
"AT5G03620",9.700006623,-0.451571468,0.145386122,-3.106014948,0.001896271,0.009619282,"yes","down",0.930132805257142,0.822689351123047,"tissue_specific","Flower","mature_pollen"
"AT5G03960",43.54414014,-0.322392985,0.125432683,-2.570247054,0.010162601,0.037099965,"yes","down",0.823421598014812,0.532037127821224,"tissue_specific","Flower","stamen"
"AT5G04110",160.4458255,0.110526451,0.043571717,2.53665584,0.011191692,0.040118879,"yes","up",0.75605021545084,0.314063441256094,"tissue_specific","Flower","mature_pollen"
"AT5G04760",118.6918165,0.484750234,0.135111485,3.587779622,0.000333506,0.002292051,"yes","up",0.7433425666017,0.191751814460215,"tissue_specific","Flower","mature_pollen"
"AT5G05410",139.854264,0.488544052,0.150528656,3.245521916,0.001172355,0.006533318,"yes","up",0.814407952852419,0.536504210865796,"tissue_specific","Flower","stamen"
"AT5G05490",6.473693453,0.557212638,0.223489672,2.493236639,0.012658445,0.044252933,"yes","up",0.889661510021026,0.438045585361845,"tissue_specific","Flower","mature_pollen"
"AT5G05510",69.10425788,-0.615365632,0.153283885,-4.014548756,5.96e-05,0.000555599,"yes","down",0.868240903797741,0.441674115774117,"tissue_specific","Flower","mature_pollen"
"AT5G05850",97.20828637,0.290650659,0.084976702,3.420357018,0.00062539,0.003873442,"yes","up",0.860632111167582,0.229861102229145,"tissue_specific","Flower","mature_pollen"
"AT5G06190",25.47000522,1.052105251,0.15155574,6.942034995,3.86e-12,3.2e-10,"yes","up",0.633901114727817,0.717439629266577,"tissue_specific","Flower","flower_stage_10_11"
"AT5G06270",243.0527327,-0.295690061,0.084936073,-3.481324835,0.00049894,0.003213369,"yes","down",0.603867133892046,0.412107341426654,"tissue_specific","Flower","inflorescence_apex"
"AT5G06940",69.9118282,-0.451204409,0.120079041,-3.75756174,0.000171577,0.001324065,"yes","down",0.617564466780027,0.449269304432122,"tissue_specific","Flower","inflorescence_apex"
"AT5G07060",9.47073791,0.559164489,0.150389069,3.718119237,0.000200712,0.001506327,"yes","up",0.748361621821434,0.473400791246037,"tissue_specific","Flower","flower_stage_9"
"AT5G07280",92.77014701,-0.323467815,0.094910961,-3.408118641,0.000654124,0.004016587,"yes","down",0.701048538701055,0.679511322000047,"tissue_specific","Flower","flower_stage_9"
"AT5G07310",2.634830045,1.18813071,0.308753632,3.848151369,0.000119013,0.000982312,"yes","up",0.741805494853107,0.119583541656667,"tissue_specific","Flower","mature_pollen"
"AT5G07770",161.4019937,0.264107793,0.069819619,3.782716053,0.000155126,0.001221374,"yes","up",0.629848991613586,0.261889725931616,"tissue_specific","Flower","stamen"
"AT5G07810",129.6713483,-0.45950819,0.109389969,-4.200642836,2.66e-05,0.000281857,"yes","down",0.785554688203588,0.53402078339642,"tissue_specific","Flower","mature_pollen"
"AT5G08020",200.2083559,-0.423424112,0.108846012,-3.890120591,0.000100194,0.000851436,"yes","down",0.706606127639598,0.49714550355882,"tissue_specific","Flower","inflorescence_apex"
"AT5G08050",2146.759257,-0.183646093,0.052796106,-3.478402223,0.000504412,0.003239922,"yes","down",0.652135532999059,0.538783707805289,"tissue_specific","Flower","pedicel"
"AT5G08110",137.2666088,0.190008494,0.051783929,3.669256071,0.000243257,0.001767665,"yes","up",0.855058457212683,0.477798503297939,"tissue_specific","Flower","mature_pollen"
"AT5G08170",362.1233021,0.196464761,0.060819719,3.230280654,0.001236688,0.006835272,"yes","up",0.623698182333084,0.428366955029665,"tissue_specific","Flower","sepal"
"AT5G08240",134.8461943,0.589526738,0.162268661,3.633028909,0.000280114,0.001983976,"yes","up",0.915736416304309,0.831785276672856,"tissue_specific","Flower","mature_pollen"
"AT5G08250",39.12222404,0.414962389,0.167063395,2.48386182,0.012996623,0.04516724,"yes","up",0.785289100594214,0.685709876057525,"tissue_specific","Flower","stamen"
"AT5G08630",290.6611526,0.170196296,0.034447727,4.94071191,7.78e-07,1.41e-05,"yes","up",0.747491825224013,0.367720308391057,"tissue_specific","Flower","mature_pollen"
"AT5G09800",54.79074072,0.558889046,0.102682487,5.442885734,5.24e-08,1.41e-06,"yes","up",0.936744819983563,0.392569782321044,"tissue_specific","Flower","mature_pollen"
"AT5G10390",328.7522624,-0.581938635,0.121664659,-4.783136195,1.73e-06,2.77e-05,"yes","down",0.679405329138433,0.509913035697866,"tissue_specific","Flower","inflorescence_apex"
"AT5G10400",715.0011693,-0.586051825,0.11481759,-5.104198978,3.32e-07,6.8e-06,"yes","down",0.759209078892557,0.67611253140748,"tissue_specific","Flower","inflorescence_apex"
"AT5G10650",167.2252634,0.656803691,0.134464409,4.884591377,1.04e-06,1.79e-05,"yes","up",0.885002447059908,0.656491151059839,"tissue_specific","Flower","mature_pollen"
"AT5G10695",42.10435388,1.145611282,0.272161056,4.209313783,2.56e-05,0.000273468,"yes","up",0.803084347072393,0.209896035917495,"tissue_specific","Flower","mature_pollen"
"AT5G10740",136.2650759,0.196723928,0.060277698,3.263627068,0.001099958,0.006195776,"yes","up",0.942529284914593,0.428056597337329,"tissue_specific","Flower","mature_pollen"
"AT5G11390",236.7657373,0.177603219,0.049504403,3.587624729,0.000333704,0.002292143,"yes","up",0.656053828555543,0.61362782779317,"tissue_specific","Flower","mature_pollen"
"AT5G11400",3.237747412,1.991265604,0.344213901,5.784965685,7.25e-09,2.54e-07,"yes","up",0.910820093327988,0.911725987915818,"tissue_specific","Flower","flower_stage_15"
"AT5G11510",218.695107,-0.508107988,0.176705315,-2.875453902,0.004034471,0.017756642,"yes","down",0.727777682316722,0.585520019084336,"tissue_specific","Flower","inflorescence_apex"
"AT5G12330",79.56205654,-0.231122194,0.07907184,-2.922939385,0.00346744,0.015715817,"yes","down",0.713700421197027,0.51534447530586,"tissue_specific","Flower","inflorescence_apex"
"AT5G12890",171.6008277,0.467267147,0.075917186,6.154958757,7.51e-10,3.41e-08,"yes","up",0.751165012817818,0.488983346233732,"tissue_specific","Flower","stamen"
"AT5G12900",258.0923813,-0.144110995,0.048799438,-2.953128166,0.003145713,0.014523643,"yes","down",0.612837779690872,0.2870035248256,"tissue_specific","Flower","carpel"
"AT5G12950",671.2943742,-0.215344829,0.07844209,-2.745271438,0.006046087,0.024467708,"yes","down",0.964729455128053,0.737965396339772,"tissue_specific","Flower","mature_pollen"
"AT5G13100",557.2248768,-0.305442192,0.089425646,-3.41559951,0.000636418,0.003932444,"yes","down",0.896671525002293,0.305088749632009,"tissue_specific","Flower","mature_pollen"
"AT5G13150",53.53698847,-0.285631081,0.100970381,-2.828860098,0.004671411,0.020003555,"yes","down",0.988016518546056,0.822559302466422,"tissue_specific","Flower","mature_pollen"
"AT5G13190",347.5525316,0.711358131,0.142405772,4.995290004,5.87e-07,1.11e-05,"yes","up",0.619778317933585,0.292697080953564,"tissue_specific","Flower","sepal"
"AT5G13490",647.513953,0.350863068,0.077334186,4.536972402,5.71e-06,7.68e-05,"yes","up",0.843786904292599,0.584234166748797,"tissue_specific","Flower","mature_pollen"
"AT5G13840",277.9412006,-0.653688563,0.178635439,-3.659344234,0.000252861,0.001826756,"yes","down",0.748941622113674,0.68971046310319,"tissue_specific","Flower","inflorescence_apex"
"AT5G13960",209.5930269,0.189458205,0.044504471,4.257060052,2.07e-05,0.000227984,"yes","up",0.684206341581782,0.552878026229523,"tissue_specific","Flower","inflorescence_apex"
"AT5G13990",85.18871087,-0.306957528,0.100987693,-3.039553803,0.002369289,0.011503861,"yes","down",0.989814918629577,0.849959470473988,"tissue_specific","Flower","mature_pollen"
"AT5G14310",257.8534448,0.140450879,0.042146182,3.332469821,0.000860788,0.005040079,"yes","up",0.69024510979973,0.291485208726275,"tissue_specific","Flower","mature_pollen"
"AT5G14610",367.9532575,-0.169069006,0.049272408,-3.431311991,0.000600669,0.00374592,"yes","down",0.627164566510164,0.569952583475604,"tissue_specific","Flower","inflorescence_apex"
"AT5G14700",137.7418999,0.364398112,0.138532,2.630425544,0.008527805,0.032282952,"yes","up",0.600859199229042,0.515553135538318,"tissue_specific","Flower","carpel"
"AT5G14870",12.95112103,0.513665424,0.13479814,3.810626926,0.000138615,0.00111407,"yes","up",0.969943595243523,0.769445215019393,"tissue_specific","Flower","mature_pollen"
"AT5G14890",28.6371926,0.390783326,0.106872367,3.65654225,0.00025564,0.00184457,"yes","up",0.993858537590608,0.966089139908672,"tissue_specific","Flower","mature_pollen"
"AT5G15070",134.0386427,-0.242642528,0.067921377,-3.572402934,0.000353721,0.002407813,"yes","down",0.843746898924963,0.564378117025501,"tissue_specific","Flower","mature_pollen"
"AT5G15310",163.0096056,-0.444900459,0.099446255,-4.473777931,7.68e-06,9.85e-05,"yes","down",0.747474007864395,0.628405751214251,"tissue_specific","Flower","petal"
"AT5G15600",71.93951271,-0.392349604,0.084522485,-4.641955392,3.45e-06,5.01e-05,"yes","down",0.987948515853394,0.851504092319836,"tissue_specific","Flower","mature_pollen"
"AT5G15780",868.6360072,-0.220290931,0.083716139,-2.631403384,0.008503304,0.032212071,"yes","down",0.778926027151434,0.381424558979717,"tissue_specific","Flower","petal"
"AT5G15960",204.7637606,-0.742279333,0.169261316,-4.385404491,1.16e-05,0.000139522,"yes","down",0.717641802756482,0.425891664216587,"tissue_specific","Flower","stamen"
"AT5G16220",435.9444348,0.131285219,0.038872658,3.377315183,0.000731971,0.004407346,"yes","up",0.776281472190839,0.223441688388443,"tissue_specific","Flower","mature_pollen"
"AT5G16540",364.9724884,-0.174704055,0.062361803,-2.801459318,0.005087205,0.021380899,"yes","down",0.983781909665678,0.766638106798426,"tissue_specific","Flower","mature_pollen"
"AT5G16780",875.7615735,0.115093345,0.036487718,3.154303739,0.001608815,0.008438942,"yes","up",0.611234723942688,0.247383703218601,"tissue_specific","Flower","mature_pollen"
"AT5G16800",198.8635782,0.22598228,0.084869412,2.662705862,0.007751514,0.029921987,"yes","up",0.647998735130741,0.251831288543031,"tissue_specific","Flower","mature_pollen"
"AT5G16830",356.7189495,0.214822052,0.076554718,2.806124288,0.005014135,0.021152147,"yes","up",0.670380156883787,0.277435771173469,"tissue_specific","Flower","mature_pollen"
"AT5G16880",927.8386611,0.226941837,0.064168933,3.536630982,0.000405265,0.002699441,"yes","up",0.840890115123379,0.21654973066297,"tissue_specific","Flower","mature_pollen"
"AT5G16980",156.3836375,0.406700704,0.097806847,4.158202806,3.21e-05,0.000328895,"yes","up",0.857926811030117,0.223304951059688,"tissue_specific","Flower","sepal"
"AT5G17060",140.9147067,0.15059482,0.058648528,2.56775106,0.010236064,0.037346344,"yes","up",0.648436778931299,0.387947326570286,"tissue_specific","Flower","mature_pollen"
"AT5G17160",517.3549038,-0.642968212,0.209288885,-3.072156524,0.002125183,0.010555611,"yes","down",0.685994274897236,0.397550562144621,"tissue_specific","Flower","inflorescence_apex"
"AT5G17380",1239.777641,0.319039514,0.053457099,5.968141134,2.4e-09,9.52e-08,"yes","up",0.670044875634657,0.326959090044987,"tissue_specific","Flower","sepal"
"AT5G17650",123.2560028,0.182869165,0.057665584,3.171201144,0.0015181,0.008069847,"yes","up",0.804195490851441,0.478623351627121,"tissue_specific","Flower","sepal"
"AT5G17860",48.17836318,0.856727805,0.155215602,5.519598515,3.4e-08,9.66e-07,"yes","up",0.786175235184203,0.672693456914238,"tissue_specific","Flower","sepal"
"AT5G18180",11.02770455,0.861108764,0.230173292,3.741132411,0.000183193,0.001396187,"yes","up",0.815222781722853,0.196301732644336,"tissue_specific","Flower","mature_pollen"
"AT5G18900",367.7152459,0.148575734,0.044020636,3.375138314,0.000737786,0.004436691,"yes","up",0.729007798755326,0.417132643052789,"tissue_specific","Flower","mature_pollen"
"AT5G19000",535.5925966,0.112628569,0.031734647,3.54907264,0.00038659,0.002594846,"yes","up",0.628524465820388,0.157949920022423,"tissue_specific","Flower","mature_pollen"
"AT5G19900",638.244434,0.163031259,0.036261105,4.496036715,6.92e-06,9e-05,"yes","up",0.767769703531291,0.315653488056089,"tissue_specific","Flower","mature_pollen"
"AT5G20230",744.0851045,1.488272459,0.352153811,4.226200061,2.38e-05,0.000256765,"yes","up",0.942396182039271,0.578333308801176,"tissue_specific","Flower","mature_pollen"
"AT5G20240",9.710492013,0.381825921,0.138589684,2.755081837,0.005867746,0.02387024,"yes","up",0.888865263833226,0.956505134129847,"tissue_specific","Flower","stamen"
"AT5G20410",49.94714001,-0.340773141,0.110453626,-3.085214606,0.002034053,0.01019752,"yes","down",0.990551127968749,0.915000695685037,"tissue_specific","Flower","mature_pollen"
"AT5G20480",49.76133778,0.593951504,0.116154819,5.11344696,3.16e-07,6.51e-06,"yes","up",0.699710755639678,0.599650627365758,"tissue_specific","Flower","flower_stage_15"
"AT5G22000",843.6165776,0.234384825,0.062731735,3.736303865,0.000186745,0.001418215,"yes","up",0.937066362313003,0.301571159935215,"tissue_specific","Flower","mature_pollen"
"AT5G22555",4.759449443,0.788820607,0.225023666,3.505500646,0.000455749,0.002983444,"yes","up",0.79791541909301,0.770331153474614,"tissue_specific","Flower","mature_pollen"
"AT5G22750",147.9735209,0.206862982,0.060400283,3.424867739,0.000615099,0.003819738,"yes","up",0.745627239842086,0.631818483404433,"tissue_specific","Flower","mature_pollen"
"AT5G22880",1728.910571,-0.615705991,0.108652276,-5.666756522,1.46e-08,4.66e-07,"yes","down",0.787322036914651,0.722035064354019,"tissue_specific","Flower","inflorescence_apex"
"AT5G22940",218.2292964,-0.433004366,0.092070445,-4.702968113,2.56e-06,3.87e-05,"yes","down",0.854180291064386,0.602473746506618,"tissue_specific","Flower","mature_pollen"
"AT5G23030",21.94204674,-0.402612583,0.144614042,-2.784049033,0.005368492,0.022273918,"yes","down",0.864164144730622,0.813470525490458,"tissue_specific","Flower","mature_pollen"
"AT5G23270",8.505867014,-0.406774478,0.160535568,-2.5338589,0.011281415,0.040336234,"yes","down",0.990788451861553,0.936446370087528,"tissue_specific","Flower","mature_pollen"
"AT5G23750",127.0853155,-0.240510548,0.064570807,-3.724756735,0.000195504,0.001474283,"yes","down",0.702423034867314,0.566023074547763,"tissue_specific","Flower","petal"
"AT5G23910",510.2430619,1.358017402,0.262096588,5.181362392,2.2e-07,4.77e-06,"yes","up",0.714191644165455,0.552018461272711,"tissue_specific","Flower","inflorescence_apex"
"AT5G24280",863.5682514,3.527001763,0.331837588,10.62869875,2.19e-26,2.46e-23,"yes","up",0.728036439250804,0.673050575184002,"tissue_specific","Flower","carpel"
"AT5G24330",47.58970735,-0.696884792,0.123289212,-5.652439363,1.58e-08,4.99e-07,"yes","down",0.828801537832391,0.770236546848822,"tissue_specific","Flower","inflorescence_apex"
"AT5G24420",102.4237551,-0.274319462,0.109423504,-2.506951907,0.012177728,0.04289042,"yes","down",0.877855419599598,0.818511187964804,"tissue_specific","Flower","carpel"
"AT5G24460",523.7106418,0.509267764,0.096984689,5.251011964,1.51e-07,3.5e-06,"yes","up",0.785836869933449,0.373574540068187,"tissue_specific","Flower","mature_pollen"
"AT5G24570",85.81560626,-0.229703786,0.08750766,-2.624956326,0.008666008,0.03271092,"yes","down",0.711847378921983,0.358559734384278,"tissue_specific","Flower","petal"
"AT5G24580",120.463585,-0.206699705,0.072211487,-2.862421405,0.004204175,0.018393656,"yes","down",0.643526782371991,0.501995155042362,"tissue_specific","Flower","stamen"
"AT5G24810",902.5376996,0.287814078,0.03997742,7.199415953,6.05e-13,6.01e-11,"yes","up",0.61176868757898,0.284802985228608,"tissue_specific","Flower","mature_pollen"
"AT5G24850",477.677074,-0.235976614,0.066688628,-3.538483572,0.000402432,0.002685122,"yes","down",0.673713756762442,0.515124724234777,"tissue_specific","Flower","petal"
"AT5G24880",35.88753512,-0.39557328,0.137149316,-2.884252654,0.003923438,0.017342436,"yes","down",0.987313165034022,0.773913979154134,"tissue_specific","Flower","mature_pollen"
"AT5G25450",18.5967911,0.449241289,0.119527211,3.758485499,0.000170945,0.001320342,"yes","up",0.749891583241797,0.612730983348256,"tissue_specific","Flower","petal"
"AT5G25540",393.3058749,0.180147921,0.054779863,3.288579238,0.001006944,0.005769583,"yes","up",0.6813624107833,0.356402126608773,"tissue_specific","Flower","mature_pollen"
"AT5G26030",1064.591259,0.532410099,0.08796393,6.05259564,1.43e-09,5.95e-08,"yes","up",0.624085422604949,0.298793947029847,"tissue_specific","Flower","petal"
"AT5G26731",47.28846258,0.833047784,0.120573041,6.909071709,4.88e-12,3.95e-10,"yes","up",0.6734448364634,0.442906512266011,"tissue_specific","Flower","stamen"
"AT5G26850",835.7137838,-0.143861192,0.057564843,-2.499115523,0.012450372,0.043680996,"yes","down",0.708415017147589,0.725771257137623,"tissue_specific","Flower","inflorescence_apex"
"AT5G27220",12.93900939,0.370674679,0.149503955,2.479363709,0.013161702,0.045646726,"yes","up",0.70850172979878,0.540886892577457,"tissue_specific","Flower","carpel"
"AT5G27290",481.2993459,-0.105146544,0.040509472,-2.595603905,0.009442485,0.035003569,"yes","down",0.688451767674008,0.536500025248278,"tissue_specific","Flower","pedicel"
"AT5G27520",178.3228074,0.264317852,0.068033091,3.88513661,0.000102272,0.000865972,"yes","up",0.709639806166919,0.334355111096744,"tissue_specific","Flower","mature_pollen"
"AT5G27610",129.9427134,0.700979459,0.10200878,6.871756155,6.34e-12,4.97e-10,"yes","up",0.962049392329174,0.624322364178684,"tissue_specific","Flower","mature_pollen"
"AT5G28030",30.56178913,0.452034284,0.180962369,2.497946316,0.012491511,0.043799254,"yes","up",0.903874168801566,0.616926582608084,"tissue_specific","Flower","sepal"
"AT5G28290",262.6300002,-0.179574138,0.061776001,-2.906859225,0.003650775,0.016364272,"yes","down",0.628429201678281,0.382169691408002,"tissue_specific","Flower","inflorescence_apex"
"AT5G28640",322.3376649,-0.163108218,0.060830238,-2.681367402,0.007332197,0.028603571,"yes","down",0.838212245903568,0.722866920307646,"tissue_specific","Flower","inflorescence_apex"
"AT5G29000",159.3670112,0.231553315,0.072446469,3.196198751,0.001392512,0.007553077,"yes","up",0.65672713470574,0.44558272331257,"tissue_specific","Flower","sepal"
"AT5G35740",171.7255315,-0.170607292,0.058962479,-2.893489113,0.003809875,0.016945318,"yes","down",0.680418503559011,0.441150505878203,"tissue_specific","Flower","pedicel"
"AT5G36260",21.47241461,-0.323481761,0.112723844,-2.869683547,0.004108828,0.018023334,"yes","down",0.988190616525439,0.905676169560219,"tissue_specific","Flower","mature_pollen"
"AT5G37010",216.7161066,-0.76020182,0.170001292,-4.471741421,7.76e-06,9.93e-05,"yes","down",0.72235782623226,0.560588284300877,"tissue_specific","Flower","inflorescence_apex"
"AT5G37020",582.012899,-0.205754846,0.064668068,-3.181707012,0.001464098,0.007835004,"yes","down",0.656724762824229,0.735097103138627,"tissue_specific","Flower","petal"
"AT5G38120",7.877905524,-0.508045922,0.181196547,-2.803838873,0.005049813,0.021291227,"yes","down",0.885226394272898,0.714902717801306,"tissue_specific","Flower","petal"
"AT5G38290",246.4611766,-0.14796741,0.051969458,-2.847199428,0.004410572,0.019073641,"yes","down",0.641790892217818,0.435411057754171,"tissue_specific","Flower","pedicel"
"AT5G38310",4.544758275,0.700766442,0.273020469,2.566717593,0.010266619,0.037442312,"yes","up",0.633586131601025,0.446352479675262,"tissue_specific","Flower","mature_pollen"
"AT5G38895",78.55884812,0.310027703,0.088102543,3.518941588,0.000433272,0.00286013,"yes","up",0.932553659577619,0.295077381601682,"tissue_specific","Flower","mature_pollen"
"AT5G38970",18.33693344,-0.332555264,0.107406773,-3.096222473,0.001960032,0.009871841,"yes","down",0.76706735020649,0.450408030205856,"tissue_specific","Flower","pedicel"
"AT5G39040",491.1537266,0.171921695,0.05074924,3.387670315,0.000704889,0.004278156,"yes","up",0.66521772228717,0.286470725230638,"tissue_specific","Flower","sepal"
"AT5G39050",396.5826248,0.744381663,0.124121712,5.997191406,2.01e-09,8.16e-08,"yes","up",0.829590621910698,0.44833701218706,"tissue_specific","Flower","sepal"
"AT5G39380",85.52884668,0.154327761,0.057051301,2.705069983,0.006829,0.026996481,"yes","up",0.903169953298172,0.400682124451978,"tissue_specific","Flower","mature_pollen"
"AT5G39420",11.38522201,0.540582086,0.187972137,2.875862843,0.004029248,0.017740279,"yes","up",0.994340387044316,0.960757825388666,"tissue_specific","Flower","mature_pollen"
"AT5G39785",94.11654152,0.620746696,0.093656017,6.627942544,3.4e-11,2.2e-09,"yes","up",0.67443476777975,0.299214581897004,"tissue_specific","Flower","petal"
"AT5G40010",24.01046236,1.127629636,0.178060947,6.332829586,2.41e-10,1.26e-08,"yes","up",0.70181885832541,0.694739427520831,"tissue_specific","Flower","mature_pollen"
"AT5G40090",38.9906102,0.716994964,0.166731879,4.300287203,1.71e-05,0.000194064,"yes","up",0.6194003302305,0.585359907892779,"tissue_specific","Flower","mature_pollen"
"AT5G40270",126.5687526,-0.128891683,0.051867719,-2.485007737,0.012954862,0.045068619,"yes","down",0.703728398169514,0.310523535106229,"tissue_specific","Flower","flower_stage_9"
"AT5G40320",7.655199168,-0.730183954,0.209909724,-3.478561826,0.000504112,0.003238966,"yes","down",0.699072639116338,0.668036331880274,"tissue_specific","Flower","mature_pollen"
"AT5G40610",432.7279647,-0.192283769,0.059125662,-3.25212036,0.001145475,0.006406236,"yes","down",0.84786829646258,0.686352837865046,"tissue_specific","Flower","mature_pollen"
"AT5G40730",356.9453136,-0.346687336,0.101442972,-3.417558942,0.000631854,0.003908343,"yes","down",0.958416157675215,0.789707891908725,"tissue_specific","Flower","mature_pollen"
"AT5G40880",135.7566299,0.328909743,0.083809544,3.924490293,8.69e-05,0.000755741,"yes","up",0.847269227734611,0.256102469794979,"tissue_specific","Flower","mature_pollen"
"AT5G41990",1034.428639,0.086010396,0.028109226,3.059863519,0.002214379,0.010906718,"yes","up",0.907315398752889,0.477046239917047,"tissue_specific","Flower","mature_pollen"
"AT5G42010",71.89395589,0.251200294,0.076880349,3.267418752,0.00108533,0.006135369,"yes","up",0.920240070543247,0.447410614868445,"tissue_specific","Flower","mature_pollen"
"AT5G42880",166.9951146,-0.143618788,0.048451609,-2.964169629,0.003035009,0.014102952,"yes","down",0.974905379811565,0.684703093989782,"tissue_specific","Flower","mature_pollen"
"AT5G42940",516.0196817,0.135526653,0.036582924,3.704642444,0.000211689,0.001576168,"yes","up",0.782640722020664,0.181736253423889,"tissue_specific","Flower","mature_pollen"
"AT5G43060",1873.595464,-0.147776125,0.056551307,-2.61313368,0.00897162,0.03361755,"yes","down",0.933251468894129,0.643158671470649,"tissue_specific","Flower","mature_pollen"
"AT5G43270",221.6603573,-0.177293746,0.052350091,-3.38669412,0.000707402,0.004290093,"yes","down",0.633144309988915,0.635243424437984,"tissue_specific","Flower","carpel"
"AT5G43330",492.589742,0.400784237,0.082311025,4.869144054,1.12e-06,1.91e-05,"yes","up",0.820525642724009,0.370916970713537,"tissue_specific","Flower","mature_pollen"
"AT5G43380",71.21165311,0.382275612,0.131252951,2.912510612,0.00358536,0.01613549,"yes","up",0.757809461392501,0.16935841634083,"tissue_specific","Flower","sepal"
"AT5G43450",214.8332622,1.217516619,0.190934391,6.376622932,1.81e-10,9.79e-09,"yes","up",0.900668785003301,0.639355218376515,"tissue_specific","Flower","sepal"
"AT5G43530",20.4344943,-0.460834077,0.148185565,-3.109844588,0.001871858,0.009522078,"yes","down",0.955555408201261,0.64947320331341,"tissue_specific","Flower","mature_pollen"
"AT5G43600",414.24236,-0.101637802,0.039635075,-2.564339818,0.010337228,0.037645524,"yes","down",0.719300711146849,0.418291566818135,"tissue_specific","Flower","stamen"
"AT5G43810",640.1090708,-0.259058216,0.068350239,-3.79015814,0.000150551,0.001194932,"yes","down",0.683538101658368,0.582619709757471,"tissue_specific","Flower","inflorescence_apex"
"AT5G44340",6577.512906,-0.102985692,0.030136579,-3.417298721,0.000632458,0.003911055,"yes","down",0.878864155046493,0.251220786534332,"tissue_specific","Flower","mature_pollen"
"AT5G44560",188.6139015,-0.489950885,0.127588865,-3.840075572,0.000122996,0.001008971,"yes","down",0.670444257259573,0.554225252433634,"tissue_specific","Flower","inflorescence_apex"
"AT5G44680",477.2364727,-0.65817983,0.137833535,-4.775179188,1.8e-06,2.87e-05,"yes","down",0.736048652735126,0.532361459705639,"tissue_specific","Flower","petal"
"AT5G45360",356.8722216,0.129318379,0.039723593,3.255455253,0.001132107,0.006342007,"yes","up",0.70220123404589,0.225009516424421,"tissue_specific","Flower","mature_pollen"
"AT5G45680",1229.843314,-0.137149266,0.05108446,-2.68475511,0.007258297,0.028362301,"yes","down",0.688721997367935,0.603719470133375,"tissue_specific","Flower","pedicel"
"AT5G45700",122.7185301,-1.233994839,0.266928995,-4.622932929,3.78e-06,5.43e-05,"yes","down",0.950854834302134,0.764841127291078,"tissue_specific","Flower","mature_pollen"
"AT5G45710",137.1829938,0.182391867,0.074135567,2.46024783,0.01388411,0.047673288,"yes","up",0.9258167411301,0.167369045690048,"tissue_specific","Flower","mature_pollen"
"AT5G45930",1168.60097,-0.199393913,0.035715736,-5.58280284,2.37e-08,7.06e-07,"yes","down",0.712650312275378,0.626978535151809,"tissue_specific","Flower","pedicel"
"AT5G46250",939.6525894,0.215726982,0.043879438,4.916356962,8.82e-07,1.57e-05,"yes","up",0.883162717247568,0.219595113168554,"tissue_specific","Flower","mature_pollen"
"AT5G46295",8.207791616,1.618175276,0.314017567,5.153136155,2.56e-07,5.43e-06,"yes","up",0.877683615413674,0.332838990301367,"tissue_specific","Flower","mature_pollen"
"AT5G46700",259.8996839,-0.147491089,0.060294578,-2.446175008,0.01443809,0.049140787,"yes","down",0.616992560723104,0.462461161619161,"tissue_specific","Flower","inflorescence_apex"
"AT5G46730",179.2660682,0.340647074,0.115246115,2.955822614,0.003118364,0.014419221,"yes","up",0.828274242042655,0.424738442064941,"tissue_specific","Flower","petal"
"AT5G47070",99.37616038,1.194534115,0.158326892,7.544732948,4.53e-14,5.59e-12,"yes","up",0.649055446794084,0.401711673611223,"tissue_specific","Flower","sepal"
"AT5G47380",125.424539,0.272831791,0.076627685,3.560485882,0.000370169,0.002496709,"yes","up",0.646668092808893,0.379197137685699,"tissue_specific","Flower","inflorescence_apex"
"AT5G47500",687.4727102,-0.757036063,0.21584645,-3.507289848,0.000452696,0.002969176,"yes","down",0.659513912328073,0.753343327952856,"tissue_specific","Flower","carpel"
"AT5G48170",26.52836155,-0.251897449,0.099222426,-2.538714878,0.011126046,0.039926058,"yes","down",0.609483240868918,0.402988162248691,"tissue_specific","Flower","inflorescence_apex"
"AT5G48480",745.6089163,-0.314427954,0.110593992,-2.843083498,0.004467936,0.019279272,"yes","down",0.735567182853821,0.741252355084383,"tissue_specific","Flower","inflorescence_apex"
"AT5G48570",130.790778,0.280526078,0.080618013,3.479694779,0.000501985,0.003227639,"yes","up",0.871060386814623,0.510281560139615,"tissue_specific","Flower","petal"
"AT5G48650",53.12803334,0.492828456,0.095409624,5.165395612,2.4e-07,5.14e-06,"yes","up",0.683709420529118,0.686913808577767,"tissue_specific","Flower","inflorescence_apex"
"AT5G48655",280.0881685,0.232475307,0.066251193,3.508998053,0.000449798,0.002952685,"yes","up",0.716438775431166,0.198949383818487,"tissue_specific","Flower","mature_pollen"
"AT5G48970",224.0804276,0.154667884,0.043771082,3.533563219,0.000409998,0.002727112,"yes","up",0.884930535934395,0.266321829503697,"tissue_specific","Flower","mature_pollen"
"AT5G49150",19.36489441,-0.638428544,0.241232015,-2.646533231,0.008132151,0.0311099,"yes","down",0.87573143215078,0.642391386300006,"tissue_specific","Flower","mature_pollen"
"AT5G49390",47.7821527,-0.253500969,0.082955843,-3.055854304,0.002244203,0.01102367,"yes","down",0.685704258992831,0.266667185937612,"tissue_specific","Flower","flower_stage_9"
"AT5G49480",3061.382163,1.648761926,0.243793079,6.762956243,1.35e-11,9.63e-10,"yes","up",0.770520382484642,0.564867632123782,"tissue_specific","Flower","sepal"
"AT5G49680",207.1888657,0.180982485,0.072409326,2.499436132,0.012439112,0.043647988,"yes","up",0.888814236372715,0.519920425115408,"tissue_specific","Flower","mature_pollen"
"AT5G49800",59.64525285,-0.265542601,0.068032274,-3.903185712,9.49e-05,0.000813585,"yes","down",0.77065746876523,0.375119126772015,"tissue_specific","Flower","pedicel"
"AT5G50380",559.744341,0.155635584,0.036642759,4.247376268,2.16e-05,0.000236593,"yes","up",0.732291441854637,0.213217705110267,"tissue_specific","Flower","mature_pollen"
"AT5G50440",45.88639712,0.306297683,0.077563209,3.94900737,7.85e-05,0.000693891,"yes","up",0.760251680011639,0.0788451792628091,"tissue_specific","Flower","mature_pollen"
"AT5G50530",369.6766803,0.136007375,0.050274845,2.705276887,0.006824748,0.026984196,"yes","up",0.810191316936671,0.319656469671022,"tissue_specific","Flower","mature_pollen"
"AT5G50570",141.2945961,0.51605497,0.133604411,3.862559358,0.000112205,0.000935957,"yes","up",0.601046402029995,0.44960367233548,"tissue_specific","Flower","petal"
"AT5G50740",421.489246,-0.415917634,0.109561999,-3.796185153,0.00014694,0.00117179,"yes","down",0.803905534530116,0.688537899542598,"tissue_specific","Flower","inflorescence_apex"
"AT5G50930",30.80541944,0.386585196,0.114733336,3.369423479,0.000753256,0.004515896,"yes","up",0.952287400938185,0.670864549562683,"tissue_specific","Flower","mature_pollen"
"AT5G50940",9.52540455,0.666706279,0.158076665,4.217613522,2.47e-05,0.000264942,"yes","up",0.773316208809447,0.668211504812395,"tissue_specific","Flower","stamen"
"AT5G51260",99.93408756,0.612994274,0.108541791,5.647541517,1.63e-08,5.11e-07,"yes","up",0.812116049566708,0.543000515750359,"tissue_specific","Flower","mature_pollen"
"AT5G51440",82.88226239,0.768696404,0.155740363,4.935755814,7.98e-07,1.44e-05,"yes","up",0.846830779386139,0.764704199502322,"tissue_specific","Flower","petal"
"AT5G51560",383.9388711,-0.265916459,0.073673758,-3.609378253,0.000306932,0.002141256,"yes","down",0.741345502556045,0.652463112575213,"tissue_specific","Flower","inflorescence_apex"
"AT5G51590",165.9138143,-0.293723247,0.080255609,-3.659846957,0.000252366,0.001823735,"yes","down",0.711398021254425,0.584649271448649,"tissue_specific","Flower","inflorescence_apex"
"AT5G51750",999.1499638,-0.169362524,0.053493654,-3.166030227,0.001545347,0.008181848,"yes","down",0.687379079781197,0.784624535177193,"tissue_specific","Flower","inflorescence_apex"
"AT5G51810",44.88221569,-0.562076242,0.201951663,-2.783221658,0.005382202,0.02230567,"yes","down",0.790099004597499,0.769767046151645,"tissue_specific","Flower","carpel"
"AT5G51850",32.93400631,-0.530388491,0.128962526,-4.112733419,3.91e-05,0.000388415,"yes","down",0.652206144219464,0.585964725402982,"tissue_specific","Flower","flower_stage_10_11"
"AT5G51910",56.37045131,-0.433770725,0.136144994,-3.186093817,0.001442078,0.00774177,"yes","down",0.63731345931306,0.51680959362829,"tissue_specific","Flower","inflorescence_apex"
"AT5G52100",469.5777133,-0.293342684,0.070428287,-4.165125905,3.11e-05,0.000320606,"yes","down",0.654939806400596,0.56076558440653,"tissue_specific","Flower","pedicel"
"AT5G52810",196.5966758,0.680785589,0.152605668,4.461076694,8.15e-06,0.000103799,"yes","up",0.869543680051228,0.324473609246908,"tissue_specific","Flower","sepal"
"AT5G53490",1636.632046,-0.174387459,0.058195114,-2.996599642,0.00273009,0.012922974,"yes","down",0.696019822422642,0.584092323962235,"tissue_specific","Flower","pedicel"
"AT5G53810",8.751179689,0.540768865,0.138496871,3.904556557,9.44e-05,0.000810656,"yes","up",0.962188710253283,0.668338519775458,"tissue_specific","Flower","petal"
"AT5G53950",15.02289666,-0.444875333,0.136911857,-3.249355767,0.001156667,0.006456575,"yes","down",0.760506773735816,0.65343179218512,"tissue_specific","Flower","inflorescence_apex"
"AT5G54280",347.3619739,-0.210699658,0.068009527,-3.098090351,0.00194772,0.00981952,"yes","down",0.740869932127125,0.337887063532352,"tissue_specific","Flower","mature_pollen"
"AT5G54670",335.4201877,-0.3477516,0.073407903,-4.73725016,2.17e-06,3.38e-05,"yes","down",0.621579020396894,0.401089469671154,"tissue_specific","Flower","inflorescence_apex"
"AT5G54700",6.220526602,0.903501176,0.304544508,2.9667295,0.003009856,0.014010929,"yes","up",0.780846046733601,0.310271319821542,"tissue_specific","Flower","mature_pollen"
"AT5G54730",271.6598331,0.510824877,0.098780928,5.171290538,2.32e-07,5e-06,"yes","up",0.611886286136503,0.361265482448849,"tissue_specific","Flower","stamen"
"AT5G55050",155.1523275,-0.233768382,0.079172997,-2.95262767,0.003150817,0.014540764,"yes","down",0.855391811351105,0.490705367753211,"tissue_specific","Flower","sepal"
"AT5G55060",268.4386584,0.147979187,0.049703863,2.977216991,0.002908781,0.013622978,"yes","up",0.88681580970166,0.276524049310412,"tissue_specific","Flower","mature_pollen"
"AT5G55200",299.2140162,0.267774134,0.062687328,4.271583132,1.94e-05,0.000215612,"yes","up",0.646222166318269,0.474540499943825,"tissue_specific","Flower","sepal"
"AT5G55220",3056.167373,-0.153622432,0.043194086,-3.556561718,0.00037574,0.002531387,"yes","down",0.694842790950736,0.612961303686887,"tissue_specific","Flower","pedicel"
"AT5G55490",139.0197023,3.455946641,0.366678962,9.424992979,4.3e-21,1.99e-18,"yes","up",0.964733318158934,0.761195694195278,"tissue_specific","Flower","mature_pollen"
"AT5G55680",23.54683981,-1.246796012,0.248453665,-5.018223474,5.22e-07,1.01e-05,"yes","down",0.783837465227279,0.209145114932665,"tissue_specific","Flower","mature_pollen"
"AT5G55700",226.6482642,0.241345838,0.096900478,2.490656833,0.012750721,0.044516105,"yes","up",0.759098317737539,0.426250243551886,"tissue_specific","Flower","mature_pollen"
"AT5G55830",40.70348112,-0.824749156,0.226553763,-3.640412521,0.000272202,0.001936212,"yes","down",0.693812624334976,0.388739682074376,"tissue_specific","Flower","flower_stage_9"
"AT5G56190",317.7793308,0.106779097,0.035798309,2.982797214,0.002856272,0.013425901,"yes","up",0.819243069213002,0.207647073155383,"tissue_specific","Flower","mature_pollen"
"AT5G56220",325.1796478,-0.193218077,0.060586582,-3.189123235,0.00142705,0.007673325,"yes","down",0.779051833699648,0.551739536135035,"tissue_specific","Flower","inflorescence_apex"
"AT5G56340",260.7392674,0.275154542,0.080377424,3.423281421,0.0006187,0.003838056,"yes","up",0.934452728886117,0.159708287694343,"tissue_specific","Flower","mature_pollen"
"AT5G56350",1557.918066,0.320255861,0.078194012,4.095657079,4.21e-05,0.000413139,"yes","up",0.637312457689162,0.560227127698053,"tissue_specific","Flower","sepal"
"AT5G56780",167.2634411,0.880628501,0.142580027,6.176380507,6.56e-10,3.01e-08,"yes","up",0.962392941576407,0.566860593191909,"tissue_specific","Flower","mature_pollen"
"AT5G57690",4.276458433,-0.610697287,0.233501496,-2.61538918,0.008912584,0.033449505,"yes","down",0.991224593233193,0.93434656388191,"tissue_specific","Flower","mature_pollen"
"AT5G57710",1427.320379,0.230911391,0.053943422,4.280621823,1.86e-05,0.00020792,"yes","up",0.618418965911668,0.461809027613529,"tissue_specific","Flower","sepal"
"AT5G57800",1083.296443,-0.15829732,0.048524114,-3.26224028,0.001105354,0.006220222,"yes","down",0.641792409418469,0.542360643575639,"tissue_specific","Flower","pedicel"
"AT5G58310",288.1303375,-0.370794121,0.104067945,-3.563000325,0.00036664,0.00247787,"yes","down",0.835881380554328,0.465689186860396,"tissue_specific","Flower","pedicel"
"AT5G58400",6.458957127,1.369166029,0.263135156,5.203280501,1.96e-07,4.33e-06,"yes","up",0.832720629472906,0.526040460478983,"tissue_specific","Flower","carpel"
"AT5G58610",70.4044434,2.107865474,0.220737629,9.549189598,1.31e-21,6.42e-19,"yes","up",0.841076824922853,0.680276060818883,"tissue_specific","Flower","flower_stage_9"
"AT5G58960",515.8701715,-0.143313983,0.048085134,-2.980421822,0.002878517,0.013508915,"yes","down",0.899907581777564,0.523741193247537,"tissue_specific","Flower","pedicel"
"AT5G59010",304.9502202,-0.138160022,0.044033394,-3.13761918,0.00170326,0.008814698,"yes","down",0.655023527368648,0.426366443701498,"tissue_specific","Flower","inflorescence_apex"
"AT5G59030",347.1810577,0.180319423,0.053759792,3.354168911,0.000796038,0.004729081,"yes","up",0.93024013061741,0.435153746589092,"tissue_specific","Flower","mature_pollen"
"AT5G59450",301.5779023,0.571972468,0.092044346,6.214096727,5.16e-10,2.47e-08,"yes","up",0.652121860620005,0.479017131197859,"tissue_specific","Flower","petal"
"AT5G59550",232.2781547,0.67424021,0.173716487,3.881267809,0.000103913,0.000877816,"yes","up",0.774881568474091,0.3339384995044,"tissue_specific","Flower","mature_pollen"
"AT5G59690",1528.355875,-0.368245621,0.091007842,-4.046306484,5.2e-05,0.000494977,"yes","down",0.619505527059023,0.441115520033952,"tissue_specific","Flower","inflorescence_apex"
"AT5G59820",133.3266,1.881301552,0.213579422,8.808440129,1.27e-18,3.69e-16,"yes","up",0.780339721273014,0.5147493149955,"tissue_specific","Flower","sepal"
"AT5G59870",1399.696345,-0.54833431,0.110925108,-4.943283982,7.68e-07,1.4e-05,"yes","down",0.672816471706722,0.488839551810569,"tissue_specific","Flower","inflorescence_apex"
"AT5G60150",134.8162803,-0.688360842,0.169729229,-4.055641141,5e-05,0.000477738,"yes","down",0.679250943503434,0.531355154875008,"tissue_specific","Flower","inflorescence_apex"
"AT5G60200",193.5165895,-0.324628643,0.076622158,-4.23674629,2.27e-05,0.00024647,"yes","down",0.725967549786281,0.458815027016378,"tissue_specific","Flower","inflorescence_apex"
"AT5G60210",460.9967935,-0.216251168,0.04723735,-4.577969976,4.7e-06,6.51e-05,"yes","down",0.72929853016388,0.689140076747802,"tissue_specific","Flower","inflorescence_apex"
"AT5G60250",373.9542874,4.474914709,0.328035954,13.64153733,2.27e-42,5.34e-38,"yes","up",0.947485559144878,0.673254617910805,"tissue_specific","Flower","mature_pollen"
"AT5G60800",133.4483677,0.501141609,0.129823184,3.86018579,0.000113301,0.000941352,"yes","up",0.665927486295468,0.540136990320313,"tissue_specific","Flower","sepal"
"AT5G60930",439.4057312,-0.618118511,0.184867063,-3.343583766,0.000827037,0.004871501,"yes","down",0.856197928801283,0.646081328640837,"tissue_specific","Flower","mature_pollen"
"AT5G61010",342.2237721,0.680690008,0.08948395,7.606839066,2.81e-14,3.6e-12,"yes","up",0.83151980891176,0.282725739655527,"tissue_specific","Flower","sepal"
"AT5G61070",20.98748969,0.879986874,0.175415829,5.016576219,5.26e-07,1.01e-05,"yes","up",0.695371382421371,0.611494647753724,"tissue_specific","Flower","inflorescence_apex"
"AT5G61130",981.8735207,-0.218976397,0.058019192,-3.774206214,0.000160518,0.001256689,"yes","down",0.685607368442829,0.580532819021391,"tissue_specific","Flower","inflorescence_apex"
"AT5G61410",8039.390976,-0.210505961,0.049685715,-4.236750166,2.27e-05,0.00024647,"yes","down",0.652712087854324,0.466457941703328,"tissue_specific","Flower","mature_pollen"
"AT5G61530",408.6949683,0.138309016,0.056284176,2.457333954,0.01399725,0.047965864,"yes","up",0.875436057135859,0.35165464571316,"tissue_specific","Flower","mature_pollen"
"AT5G61820",1530.144211,0.394540649,0.101913045,3.871345922,0.000108236,0.000908636,"yes","up",0.813562791780256,0.487907069564063,"tissue_specific","Flower","sepal"
"AT5G62230",91.83233501,-0.254156015,0.067866839,-3.74492197,0.00018045,0.001381534,"yes","down",0.650369764719539,0.646877043119875,"tissue_specific","Flower","carpel"
"AT5G62310",42.46491321,-0.315967595,0.09088031,-3.476744232,0.000507542,0.003256473,"yes","down",0.963907503080519,0.575144520138234,"tissue_specific","Flower","mature_pollen"
"AT5G62460",245.8682468,0.184367772,0.048892564,3.770875537,0.000162676,0.001270628,"yes","up",0.820731868170096,0.55655549299456,"tissue_specific","Flower","mature_pollen"
"AT5G62470",171.5056238,0.833251791,0.183299981,4.545836745,5.47e-06,7.41e-05,"yes","up",0.712326307115058,0.412450878616061,"tissue_specific","Flower","carpel"
"AT5G62960",113.2419769,0.598589172,0.116953239,5.11819233,3.08e-07,6.38e-06,"yes","up",0.723201472594179,0.423778418977736,"tissue_specific","Flower","flower_stage_9"
"AT5G63130",29.6126495,0.641371371,0.147187648,4.357508117,1.32e-05,0.000155442,"yes","up",0.809759828035144,0.551766438419836,"tissue_specific","Flower","mature_pollen"
"AT5G63320",615.3728319,0.119885857,0.039123267,3.064310975,0.00218172,0.010781905,"yes","up",0.735285537327628,0.138653959454243,"tissue_specific","Flower","mature_pollen"
"AT5G63370",999.3580102,0.266667239,0.064450174,4.13757209,3.51e-05,0.000354656,"yes","up",0.637160057110935,0.134368233077449,"tissue_specific","Flower","mature_pollen"
"AT5G63490",309.51503,0.171168847,0.03892888,4.396963008,1.1e-05,0.000133399,"yes","up",0.86231463541514,0.185564710662123,"tissue_specific","Flower","mature_pollen"
"AT5G63650",76.22769729,-0.32317802,0.084995858,-3.802279648,0.000143371,0.001147989,"yes","down",0.66006184570919,0.583856840773126,"tissue_specific","Flower","carpel"
"AT5G63770",333.8842453,0.306930593,0.063597551,4.826138559,1.39e-06,2.31e-05,"yes","up",0.790963784124002,0.223712771185811,"tissue_specific","Flower","mature_pollen"
"AT5G63790",836.7780539,0.484399698,0.075638082,6.404177467,1.51e-10,8.33e-09,"yes","up",0.751993695610508,0.505396041121892,"tissue_specific","Flower","sepal"
"AT5G64450",4.514086788,1.173535489,0.229922366,5.104051026,3.32e-07,6.8e-06,"yes","up",0.802789836389545,0.195886242221833,"tissue_specific","Flower","mature_pollen"
"AT5G64510",22.79946468,0.467386544,0.168580449,2.772483678,0.005563031,0.022918093,"yes","up",0.98923541524632,0.894249189547991,"tissue_specific","Flower","mature_pollen"
"AT5G64850",360.238679,-0.198861809,0.062309211,-3.191531481,0.001415207,0.007631191,"yes","down",0.752804753189735,0.420029339102773,"tissue_specific","Flower","petal"
"AT5G64870",23.77801708,1.505708779,0.214576781,7.01710956,2.27e-12,1.98e-10,"yes","up",0.775239394947644,0.424287519560973,"tissue_specific","Flower","carpel"
"AT5G64990",11.92911434,0.777238839,0.155615686,4.99460473,5.9e-07,1.12e-05,"yes","up",0.725169572038892,0.615921349505531,"tissue_specific","Flower","mature_pollen"
"AT5G65300",44.94263908,1.32383874,0.170750994,7.753036775,8.97e-15,1.31e-12,"yes","up",0.676626008127589,0.452650970531227,"tissue_specific","Flower","petal"
"AT5G65350",35.92191455,0.808147056,0.193159497,4.183832879,2.87e-05,0.000299904,"yes","up",0.736316599066025,0.565075025184905,"tissue_specific","Flower","carpel"
"AT5G65360",2384.39332,0.327438487,0.133208436,2.458091212,0.013967769,0.047885722,"yes","up",0.706050450918611,0.544742174555927,"tissue_specific","Flower","inflorescence_apex"
"AT5G65500",9.946385558,1.302062319,0.26599626,4.895039949,9.83e-07,1.71e-05,"yes","up",0.647564240503582,0.652261856704068,"tissue_specific","Flower","mature_pollen"
"AT5G65685",329.9351156,-0.114934491,0.040986879,-2.804177652,0.00504451,0.021276478,"yes","down",0.687683626216191,0.261286628642421,"tissue_specific","Flower","mature_pollen"
"AT5G65810",466.6643206,-0.201182383,0.034425818,-5.843939134,5.1e-09,1.86e-07,"yes","down",0.635063463418783,0.329971350540385,"tissue_specific","Flower","mature_pollen"
"AT5G66070",126.7520703,1.027842137,0.185228167,5.549059586,2.87e-08,8.37e-07,"yes","up",0.888370330761217,0.358656074442589,"tissue_specific","Flower","mature_pollen"
"AT5G66190",11751.29646,-0.090935014,0.033176679,-2.740931827,0.006126522,0.02471684,"yes","down",0.617258490080124,0.555834707715206,"tissue_specific","Flower","pedicel"
"AT5G66230",289.3359154,-1.166936164,0.288434682,-4.045755376,5.22e-05,0.000495543,"yes","down",0.818975441235563,0.639818889508398,"tissue_specific","Flower","mature_pollen"
"AT5G66410",326.2526971,-0.121760607,0.038640525,-3.151111616,0.001626503,0.008501455,"yes","down",0.787849712335117,0.306982073559957,"tissue_specific","Flower","mature_pollen"
"AT5G66550",166.1332732,-0.159299993,0.050206146,-3.172918186,0.00150915,0.00803052,"yes","down",0.719833000989686,0.383671605348836,"tissue_specific","Flower","stamen"
"AT5G66590",162.8786803,-0.433121356,0.095011619,-4.558614604,5.15e-06,7.04e-05,"yes","down",0.856795880325101,0.688153285459997,"tissue_specific","Flower","petal"
"AT5G66940",35.57617888,-0.819462922,0.19611761,-4.178426015,2.94e-05,0.000305888,"yes","down",0.774448623858753,0.596278036238873,"tissue_specific","Flower","inflorescence_apex"
"AT5G67340",65.71599087,0.500586566,0.08756232,5.716917556,1.08e-08,3.6e-07,"yes","up",0.760836794127721,0.397989443127062,"tissue_specific","Flower","flower_stage_15"
"AT5G67460",359.6297552,2.221599246,0.261344553,8.500652564,1.89e-17,4.58e-15,"yes","up",0.745748010985971,0.579098971296663,"tissue_specific","Flower","flower_stage_9"
