"gene_id","baseMean","log2FoldChange","lfcSE","stat","pvalue","padj","deg_flag","regulation","tau_subtissue","tau_broad","specificity","predominant_broad_organ","predominant_subtissue"
"AT1G01080",1401.18185,-0.103735679,0.03009069,-3.447434416,0.000565938,0.003558509,"yes","down",0.589809203347975,0.547013685625408,"constitutive","Leaf_Shoot","rosette_leaf"
"AT1G01100",3548.183554,-0.19892115,0.040521684,-4.909005001,9.15e-07,1.62e-05,"yes","down",0.403914211840134,0.159620745577467,"constitutive","Leaf_Shoot","shoot_apex_transition"
"AT1G01150",2.997535827,-0.693293268,0.245520752,-2.823766477,0.004746295,0.020257907,"yes","down",0.595890053697367,0.297512631507037,"constitutive","Seed_Silique","seed_stage_9"
"AT1G01220",582.8094696,0.532529871,0.096812807,5.500613904,3.78e-08,1.06e-06,"yes","up",0.402255326541952,0.24854197595718,"constitutive","Seedling","whole_plant_pre_bolting"
"AT1G01430",752.987659,-0.148540704,0.04926412,-3.015190436,0.00256818,0.012274877,"yes","down",0.508432972856216,0.368012315945919,"constitutive","Flower","petal"
"AT1G01550",1487.544678,0.226122222,0.044747762,5.053263237,4.34e-07,8.56e-06,"yes","up",0.503226469150261,0.170365037946166,"constitutive","Leaf_Shoot","senescing_leaf"
"AT1G01620",3518.255175,-0.601257739,0.134684144,-4.464205821,8.04e-06,0.000102515,"yes","down",0.515287319768317,0.366870028096354,"constitutive","Flower","pedicel"
"AT1G01790",2446.670479,-0.168618538,0.038641041,-4.363716196,1.28e-05,0.000151931,"yes","down",0.538484340883162,0.53400658567673,"constitutive","Leaf_Shoot","cotyledon"
"AT1G01800",852.216176,0.092838471,0.028339796,3.27590466,0.001053241,0.005990327,"yes","up",0.363581478138275,0.179507206722487,"constitutive","Flower","sepal"
"AT1G01860",158.6333876,-0.200249981,0.054670108,-3.662878822,0.000249397,0.001807003,"yes","down",0.473793416913029,0.39365522865829,"constitutive","Leaf_Shoot","rosette_vegetative"
"AT1G02110",386.8463292,-0.152265546,0.057817617,-2.633549335,0.008449756,0.032085389,"yes","down",0.567714563520462,0.264456776118618,"constitutive","Leaf_Shoot","shoot_apex_transition"
"AT1G02130",529.0481376,-0.082018723,0.031258361,-2.623897149,0.008693003,0.032787226,"yes","down",0.399989359972153,0.329388605973737,"constitutive","Leaf_Shoot","senescing_leaf"
"AT1G02140",1470.516943,-0.060347362,0.024564075,-2.456732532,0.014020703,0.048025288,"yes","down",0.315401938939541,0.209989381114291,"constitutive","Seed_Silique","seed_stage_10"
"AT1G02180",64.78971473,-0.294747312,0.080551542,-3.659114465,0.000253088,0.001827834,"yes","down",0.534385693030385,0.481094515475902,"constitutive","Flower","inflorescence_apex"
"AT1G02270",239.7700821,0.136957996,0.040053619,3.419366334,0.000627672,0.003886552,"yes","up",0.505797558093764,0.225597967640515,"constitutive","Leaf_Shoot","senescing_leaf"
"AT1G02410",257.3742481,0.114535473,0.038110927,3.005318515,0.002653029,0.012635239,"yes","up",0.339050930989536,0.261952401150873,"constitutive","Flower","mature_pollen"
"AT1G02740",106.9388215,0.254159661,0.058116483,4.373280161,1.22e-05,0.000146307,"yes","up",0.517106319282812,0.177923168944311,"constitutive","Leaf_Shoot","senescing_leaf"
"AT1G02750",118.9260651,0.226235138,0.054102488,4.181603188,2.89e-05,0.000302458,"yes","up",0.480666764083339,0.341006326734496,"constitutive","Seed_Silique","seed_stage_9"
"AT1G02780",10765.43519,-0.209734556,0.040636622,-5.161220196,2.45e-07,5.24e-06,"yes","down",0.41831623730926,0.16844801255031,"constitutive","Flower","inflorescence_apex"
"AT1G02880",233.3939632,0.243721883,0.059549909,4.092733095,4.26e-05,0.000417169,"yes","up",0.455515914707109,0.443959814682113,"constitutive","Seed_Silique","seed_stage_10"
"AT1G03190",151.1376343,-0.103512871,0.040722788,-2.541890563,0.011025469,0.0396315,"yes","down",0.410352229875856,0.297272746635886,"constitutive","Flower","inflorescence_apex"
"AT1G03300",25.37111353,-0.768436195,0.245829496,-3.125890948,0.001772673,0.009102543,"yes","down",0.425985310532447,0.290379590853657,"constitutive","Leaf_Shoot","shoot_apex_transition"
"AT1G03330",310.7660657,-0.116091432,0.033302007,-3.486019147,0.000490266,0.003170747,"yes","down",0.354131620855551,0.217841315432496,"constitutive","Flower","inflorescence_apex"
"AT1G03380",566.0013293,0.296092411,0.068343628,4.332406993,1.47e-05,0.000171945,"yes","up",0.591356731008291,0.215009554725633,"constitutive","Leaf_Shoot","senescing_leaf"
"AT1G03410",400.8612069,-0.174239502,0.038752775,-4.496181297,6.92e-06,9e-05,"yes","down",0.472164207993498,0.218004976872709,"constitutive","Leaf_Shoot","cauline_leaf"
"AT1G03430",129.7641984,0.271635522,0.072329071,3.755551085,0.00017296,0.001333725,"yes","up",0.550660824360213,0.140551965353919,"constitutive","Leaf_Shoot","senescing_leaf"
"AT1G03440",371.4329335,0.44114826,0.115379132,3.823466641,0.000131588,0.00106669,"yes","up",0.469304667132196,0.391485758393671,"constitutive","Seed_Silique","seed_stage_6"
"AT1G03600",4963.111834,-0.200623582,0.048443422,-4.141399889,3.45e-05,0.000349537,"yes","down",0.558973645158085,0.486362901361947,"constitutive","Leaf_Shoot","cotyledon"
"AT1G03680",3788.572724,-0.130632649,0.027434657,-4.761592135,1.92e-06,3.03e-05,"yes","down",0.579283445488866,0.538597466231003,"constitutive","Leaf_Shoot","cotyledon"
"AT1G03730",154.9145428,0.405811025,0.09664224,4.199106156,2.68e-05,0.000283268,"yes","up",0.371505039583914,0.208035994617962,"constitutive","Seedling","seedling_green_parts"
"AT1G03970",210.0684073,0.251667473,0.073608923,3.418980519,0.000628562,0.003890023,"yes","up",0.492034596651902,0.417684218041226,"constitutive","Leaf_Shoot","senescing_leaf"
"AT1G03980",19.28502795,0.429279056,0.127858379,3.357457358,0.000786629,0.004681444,"yes","up",0.476276758083485,0.285266836457362,"constitutive","Seed_Silique","seed_stage_10"
"AT1G04030",84.20004179,-0.401164593,0.100155919,-4.005400761,6.19e-05,0.000573688,"yes","down",0.562967549330817,0.537022391863535,"constitutive","Seed_Silique","silique_stage_4"
"AT1G04100",55.45734696,0.440602927,0.090582321,4.86411611,1.15e-06,1.95e-05,"yes","up",0.55922239427643,0.51965186525166,"constitutive","Seed_Silique","seed_stage_10"
"AT1G04270",5651.568274,-0.218712201,0.037672365,-5.805640252,6.41e-09,2.28e-07,"yes","down",0.50842446382329,0.201537968898609,"constitutive","Leaf_Shoot","shoot_apex_vegetative"
"AT1G04340",289.4015387,-0.131412286,0.037037071,-3.548128457,0.000387979,0.002602683,"yes","down",0.375383069871844,0.313071654635223,"constitutive","Flower","inflorescence_apex"
"AT1G04440",720.1587186,0.181224736,0.05764476,3.143819758,0.001667581,0.008683431,"yes","up",0.479803680123609,0.478265288192896,"constitutive","Root","root"
"AT1G04480",2938.877435,-0.200874099,0.04534858,-4.429556527,9.44e-06,0.000117031,"yes","down",0.521408927093796,0.210216822858829,"constitutive","Leaf_Shoot","shoot_apex_vegetative"
"AT1G04510",982.954521,-0.087635917,0.033049817,-2.651630935,0.008010405,0.030698955,"yes","down",0.505067519737197,0.177953899955516,"constitutive","Leaf_Shoot","shoot_apex_transition"
"AT1G04550",289.824578,-0.159550727,0.05893492,-2.707235833,0.006784604,0.02684799,"yes","down",0.449309646722843,0.245101755380871,"constitutive","Leaf_Shoot","shoot_apex_transition"
"AT1G04610",40.6414965,-0.290646783,0.115240658,-2.522085429,0.011666137,0.04148527,"yes","down",0.535833204594965,0.435904727009781,"constitutive","Flower","mature_pollen"
"AT1G04810",1079.483538,0.27500336,0.06727267,4.087891255,4.35e-05,0.000424736,"yes","up",0.26255745096563,0.285957549097696,"constitutive","Root","root"
"AT1G04850",1429.578063,0.076135896,0.025170454,3.024812231,0.002487875,0.011956511,"yes","up",0.341258790053715,0.385860871685481,"constitutive","Root","root"
"AT1G05030",187.6699433,0.369626585,0.088457354,4.178585161,2.93e-05,0.000305822,"yes","up",0.365732841221144,0.273075777684548,"constitutive","Leaf_Shoot","cotyledon"
"AT1G05180",493.168664,0.088164122,0.025078016,3.515593938,0.000438772,0.002889958,"yes","up",0.403309441909134,0.277878726373864,"constitutive","Flower","inflorescence_apex"
"AT1G05350",391.9845452,0.112101611,0.037493152,2.989922256,0.002790485,0.013173861,"yes","up",0.564745012502676,0.255134818373577,"constitutive","Seed_Silique","seed_stage_6"
"AT1G05385",199.785588,-0.252372667,0.060712571,-4.156843697,3.23e-05,0.000330428,"yes","down",0.584706473904078,0.468533190897597,"constitutive","Flower","pedicel"
"AT1G05620",306.4440833,-0.141910194,0.050115842,-2.831643434,0.004630946,0.019866294,"yes","down",0.57380847236409,0.622763364629633,"constitutive","Root","root"
"AT1G06070",322.5598137,0.522906726,0.092825568,5.633218716,1.77e-08,5.5e-07,"yes","up",0.546237043183038,0.372160141385999,"constitutive","Seed_Silique","seed_stage_10"
"AT1G06130",353.4993929,0.267724539,0.058514204,4.575376926,4.75e-06,6.58e-05,"yes","up",0.463456530584434,0.133846955855783,"constitutive","Leaf_Shoot","senescing_leaf"
"AT1G06240",229.7597055,-0.120435659,0.043464353,-2.770906552,0.005590047,0.022997238,"yes","down",0.348701167677254,0.277456830835521,"constitutive","Leaf_Shoot","cotyledon"
"AT1G06490",129.1065828,0.305837907,0.086288206,3.544376712,0.000393543,0.002634344,"yes","up",0.4163697249799,0.322577547753678,"constitutive","Leaf_Shoot","hypocotyl"
"AT1G06510",243.8755086,-0.098789102,0.039301147,-2.513644224,0.011949091,0.042290014,"yes","down",0.545029818437831,0.482065164207322,"constitutive","Leaf_Shoot","rosette_leaf"
"AT1G06680",39500.58416,-0.194769432,0.050893746,-3.826981627,0.000129724,0.001053752,"yes","down",0.541856565751474,0.518501189961517,"constitutive","Seedling","whole_plant_pre_bolting"
"AT1G06760",2141.078804,-0.239489939,0.047835211,-5.00656182,5.54e-07,1.06e-05,"yes","down",0.588264321388041,0.416597831901097,"constitutive","Flower","inflorescence_apex"
"AT1G06800",168.319628,0.314833091,0.06590807,4.77685189,1.78e-06,2.85e-05,"yes","up",0.501557183899137,0.405243652180514,"constitutive","Seedling","seedling_green_parts"
"AT1G06900",844.0022058,-0.085693723,0.030461632,-2.813169161,0.004905584,0.020768557,"yes","down",0.421612640657391,0.343017888601941,"constitutive","Leaf_Shoot","shoot_apex_vegetative"
"AT1G06960",195.6238236,-0.143219417,0.037678207,-3.801120847,0.000144043,0.001152198,"yes","down",0.374092438250883,0.281461934091821,"constitutive","Leaf_Shoot","shoot_apex_transition"
"AT1G07110",1874.725993,-0.101403528,0.039568959,-2.562703956,0.010386057,0.037770829,"yes","down",0.582044547303763,0.416552519565444,"constitutive","Leaf_Shoot","cauline_leaf"
"AT1G07240",349.1697321,0.391785241,0.100434668,3.900896452,9.58e-05,0.000819727,"yes","up",0.580112656633489,0.441153104547407,"constitutive","Leaf_Shoot","cauline_leaf"
"AT1G07380",172.6810368,0.173804572,0.046860017,3.709016416,0.000208066,0.001555578,"yes","up",0.580770608530578,0.38987125714458,"constitutive","Leaf_Shoot","senescing_leaf"
"AT1G07510",895.9261108,0.521783269,0.082999235,6.286603348,3.24e-10,1.64e-08,"yes","up",0.359977408726173,0.318092281326769,"constitutive","Flower","mature_pollen"
"AT1G07520",37.81654252,1.18690518,0.390260562,3.041314692,0.002355475,0.011462761,"yes","up",0.422549516807053,0.386998232900702,"constitutive","Root","root"
"AT1G07570",237.6064602,0.325620496,0.081556498,3.99257574,6.54e-05,0.000599268,"yes","up",0.534591486747009,0.462261733742124,"constitutive","Flower","flower_stage_10_11"
"AT1G07770",3688.707937,-0.123120493,0.028670519,-4.294323817,1.75e-05,0.000198115,"yes","down",0.314369411792599,0.0300798050488878,"constitutive","Seed_Silique","seed_stage_6"
"AT1G08000",161.7109484,-0.167342003,0.061546362,-2.718958475,0.006548783,0.026054761,"yes","down",0.402364880806979,0.376908906840511,"constitutive","Flower","inflorescence_apex"
"AT1G08200",3079.003287,-0.071535423,0.027120708,-2.637668003,0.008347826,0.031786935,"yes","down",0.358154532930223,0.217385635022131,"constitutive","Leaf_Shoot","stem"
"AT1G08250",86.20252986,-3.440050992,0.446052687,-7.712207763,1.24e-14,1.77e-12,"yes","down",0.579372742367972,0.296640014169273,"constitutive","Seed_Silique","seed_stage_7"
"AT1G08360",4279.217667,-0.18857573,0.037237841,-5.06408871,4.1e-07,8.17e-06,"yes","down",0.448261476661617,0.180382303609944,"constitutive","Leaf_Shoot","shoot_apex_transition"
"AT1G08380",18114.90881,-0.215461914,0.069630397,-3.094365735,0.001972342,0.00991555,"yes","down",0.570142499782446,0.534406283039809,"constitutive","Seedling","whole_plant_pre_bolting"
"AT1G08390",52.88202443,-0.215035655,0.072671407,-2.959013241,0.003086258,0.014298815,"yes","down",0.398031383794929,0.304310439827811,"constitutive","Seed_Silique","silique_stage_3"
"AT1G08470",269.5319172,0.121646775,0.047467075,2.56276111,0.010384347,0.037770439,"yes","up",0.50003944994318,0.347959295710269,"constitutive","Flower","petal"
"AT1G08540",1842.375309,-0.127571457,0.037240641,-3.425597742,0.000613448,0.003811495,"yes","down",0.584056021182097,0.556734384580773,"constitutive","Flower","pedicel"
"AT1G08620",482.8020809,0.153659331,0.039503755,3.889739841,0.000100352,0.000852158,"yes","up",0.36695633952333,0.217636602328418,"constitutive","Seed_Silique","seed_stage_8"
"AT1G08660",385.1907748,-0.138222489,0.047734778,-2.895634906,0.003783923,0.016848966,"yes","down",0.443618932447406,0.230582545901734,"constitutive","Flower","flower_stage_9"
"AT1G08720",275.5159561,0.231439547,0.073188358,3.162245368,0.001565576,0.008246999,"yes","up",0.505344518323695,0.274136901018327,"constitutive","Leaf_Shoot","cauline_leaf"
"AT1G09100",395.6052083,0.43175773,0.080057254,5.393111923,6.92e-08,1.78e-06,"yes","up",0.504903997235309,0.379146858597384,"constitutive","Leaf_Shoot","senescing_leaf"
"AT1G09150",425.6302245,-0.127647785,0.032566965,-3.919548042,8.87e-05,0.00076942,"yes","down",0.452628562689598,0.353694701943106,"constitutive","Flower","inflorescence_apex"
"AT1G09590",3619.847834,-0.278370778,0.053955459,-5.159269913,2.48e-07,5.29e-06,"yes","down",0.516405058369753,0.282693387362659,"constitutive","Flower","inflorescence_apex"
"AT1G09630",301.0423782,-0.125321595,0.042043068,-2.980790937,0.00287505,0.013503398,"yes","down",0.485759218323276,0.365868247430668,"constitutive","Leaf_Shoot","shoot_apex_transition"
"AT1G09660",522.9234526,-0.210104691,0.049025104,-4.285655171,1.82e-05,0.000204234,"yes","down",0.519038366508115,0.289098184698433,"constitutive","Leaf_Shoot","shoot_apex_vegetative"
"AT1G09800",87.67791457,-0.165705009,0.060163586,-2.754240904,0.005882845,0.023922081,"yes","down",0.443878373470923,0.169588342839399,"constitutive","Leaf_Shoot","shoot_apex_vegetative"
"AT1G09815",496.0661311,1.272433307,0.167808866,7.582634554,3.39e-14,4.22e-12,"yes","up",0.563297488663981,0.3366249945177,"constitutive","Leaf_Shoot","shoot_apex_transition"
"AT1G09870",452.1907995,0.447634768,0.081637493,5.48320081,4.18e-08,1.16e-06,"yes","up",0.475778028003087,0.252508816689366,"constitutive","Seed_Silique","seed_stage_6"
"AT1G09910",129.3034967,0.159415711,0.063661514,2.504114353,0.012275835,0.043159225,"yes","up",0.566509302428411,0.254284418811558,"constitutive","Flower","stamen"
"AT1G10030",244.0688527,-0.187371144,0.047107893,-3.977489409,6.96e-05,0.000631455,"yes","down",0.49563557478361,0.506986970161822,"constitutive","Root","root"
"AT1G10240",139.909278,-0.109657798,0.042627124,-2.572488781,0.010097023,0.036907601,"yes","down",0.432898920795103,0.384619993450201,"constitutive","Leaf_Shoot","shoot_apex_transition"
"AT1G10510",940.5316573,-0.075299264,0.03002707,-2.507712664,0.012151544,0.042811564,"yes","down",0.55824048498875,0.392265625519148,"constitutive","Leaf_Shoot","rosette_vegetative"
"AT1G10590",1084.716426,-0.078341491,0.0316578,-2.474634727,0.013337251,0.04615472,"yes","down",0.433057047977657,0.213416901987656,"constitutive","Seed_Silique","seed_stage_6"
"AT1G10670",3041.246879,0.06130689,0.022896556,2.677559431,0.007416069,0.028857545,"yes","up",0.372842758904024,0.232580694179952,"constitutive","Leaf_Shoot","stem"
"AT1G10750",58.18846867,-0.22890011,0.071794588,-3.188264154,0.001431297,0.007690898,"yes","down",0.591815974273276,0.343436362519878,"constitutive","Seed_Silique","seed_stage_7"
"AT1G10840",1465.256398,-0.117618025,0.025864163,-4.547528798,5.43e-06,7.36e-05,"yes","down",0.436111100736723,0.175520525797204,"constitutive","Leaf_Shoot","shoot_apex_transition"
"AT1G10910",513.9166518,-0.142012454,0.045578362,-3.115786718,0.001834549,0.009361765,"yes","down",0.490260526555028,0.288994890790928,"constitutive","Leaf_Shoot","rosette_vegetative"
"AT1G10920",88.73901419,0.229122699,0.07542064,3.037930987,0.002382085,0.011551716,"yes","up",0.577166348106599,0.446329633214301,"constitutive","Leaf_Shoot","senescing_leaf"
"AT1G11050",117.3883969,0.838493442,0.159248272,5.265322077,1.4e-07,3.26e-06,"yes","up",0.576357164993821,0.376444610864092,"constitutive","Leaf_Shoot","senescing_leaf"
"AT1G11200",177.1882056,0.105797184,0.042033424,2.516977513,0.011836638,0.04199023,"yes","up",0.311654763535185,0.124395457572986,"constitutive","Leaf_Shoot","senescing_leaf"
"AT1G11280",395.1956784,-0.162656057,0.042955523,-3.786615702,0.000152713,0.00120782,"yes","down",0.437015215804683,0.319870728652186,"constitutive","Flower","flower_stage_10_11"
"AT1G11330",244.7349419,0.530319232,0.099159648,5.348135479,8.89e-08,2.22e-06,"yes","up",0.579110935512148,0.306303405729137,"constitutive","Flower","pedicel"
"AT1G11680",1481.616741,-0.12657434,0.026286519,-4.815180729,1.47e-06,2.41e-05,"yes","down",0.540530853805296,0.289311475840122,"constitutive","Seed_Silique","seed_stage_6"
"AT1G11720",927.3184896,-0.144511344,0.054163664,-2.668049624,0.007629299,0.029511891,"yes","down",0.500711082732768,0.455608735286518,"constitutive","Seed_Silique","seed_stage_7"
"AT1G11740",37.54974505,-0.48980563,0.196760344,-2.489351366,0.012797642,0.044648247,"yes","down",0.478460341269465,0.474853784055742,"constitutive","Flower","mature_pollen"
"AT1G11750",1657.513871,-0.117090499,0.024766489,-4.72777954,2.27e-06,3.51e-05,"yes","down",0.485031529677499,0.459315111905541,"constitutive","Leaf_Shoot","shoot_apex_vegetative_with_leaves"
"AT1G11870",552.3937392,-0.191105184,0.03838429,-4.978734376,6.4e-07,1.2e-05,"yes","down",0.575946329057618,0.433490561090767,"constitutive","Leaf_Shoot","rosette_vegetative"
"AT1G11910",5600.329717,0.155027047,0.056692843,2.734508228,0.006247353,0.025075848,"yes","up",0.465142433571223,0.411320798101366,"constitutive","Seed_Silique","seed_stage_10"
"AT1G12020",183.3203051,0.546302818,0.10735766,5.088624507,3.61e-07,7.32e-06,"yes","up",0.42519837523341,0.173395598031166,"constitutive","Seed_Silique","seed_stage_8"
"AT1G12100",8.872223866,-0.505616708,0.170208035,-2.97058073,0.002972373,0.013872053,"yes","down",0.57733113666648,0.30103720654268,"constitutive","Leaf_Shoot","shoot_apex_transition"
"AT1G12120",572.6375413,-0.120170431,0.042694806,-2.814638192,0.004883218,0.020692449,"yes","down",0.594599634399175,0.192808056692037,"constitutive","Flower","mature_pollen"
"AT1G12210",47.05033926,0.677953722,0.128443518,5.278224472,1.3e-07,3.08e-06,"yes","up",0.558289411466104,0.0680323909073455,"constitutive","Leaf_Shoot","senescing_leaf"
"AT1G12220",57.33091442,0.308553137,0.074989913,4.114595227,3.88e-05,0.000385944,"yes","up",0.587285911422043,0.323857019174746,"constitutive","Leaf_Shoot","senescing_leaf"
"AT1G12250",577.1098829,-0.139881592,0.041699397,-3.354523134,0.000795019,0.004724221,"yes","down",0.571062088549235,0.578815271206195,"constitutive","Seedling","seedling_green_parts"
"AT1G12330",424.630387,-0.338643502,0.061231192,-5.530571738,3.19e-08,9.14e-07,"yes","down",0.572915401529043,0.645117055034654,"constitutive","Flower","carpel"
"AT1G12350",364.6646618,0.102512536,0.035562068,2.88263706,0.003943615,0.017405513,"yes","up",0.310134694237578,0.149407606947761,"constitutive","Leaf_Shoot","senescing_leaf"
"AT1G12430",443.9162012,0.195440891,0.047095484,4.149886037,3.33e-05,0.000339604,"yes","up",0.595648998426325,0.532578742250075,"constitutive","Leaf_Shoot","stem"
"AT1G12650",302.6248595,-0.147751984,0.038988685,-3.789611857,0.000150883,0.00119716,"yes","down",0.401566611776296,0.272028159139767,"constitutive","Leaf_Shoot","shoot_apex_vegetative"
"AT1G12700",49.58228166,-0.15768146,0.062895749,-2.507028914,0.012175075,0.042887485,"yes","down",0.55182029332683,0.190503654809107,"constitutive","Flower","mature_pollen"
"AT1G12710",90.0585129,-0.26163278,0.061746921,-4.237179346,2.26e-05,0.000246222,"yes","down",0.408336026811473,0.235256908139349,"constitutive","Leaf_Shoot","cauline_leaf"
"AT1G12900",22907.80745,-0.222330297,0.050466822,-4.405474532,1.06e-05,0.000129056,"yes","down",0.57168726818288,0.546398181535855,"constitutive","Leaf_Shoot","cotyledon"
"AT1G12920",1580.72171,-0.077484694,0.024693544,-3.137852296,0.001701906,0.00881156,"yes","down",0.40322542269042,0.186549500999646,"constitutive","Leaf_Shoot","shoot_apex_vegetative"
"AT1G13160",710.4722652,-0.19493631,0.072734178,-2.680119805,0.007359581,0.028680346,"yes","down",0.513694460548408,0.260159292102569,"constitutive","Leaf_Shoot","shoot_apex_vegetative"
"AT1G13180",148.3901022,0.114416696,0.046299543,2.471227334,0.013465019,0.046513906,"yes","up",0.343291165195214,0.21215214471699,"constitutive","Flower","inflorescence_apex"
"AT1G13195",106.8943978,0.223954615,0.056742419,3.946864051,7.92e-05,0.000698819,"yes","up",0.475934338525911,0.340556193287254,"constitutive","Seed_Silique","seed_stage_10"
"AT1G13690",252.6300153,-0.122015993,0.032365543,-3.769935032,0.00016329,0.001272745,"yes","down",0.478905317484619,0.350581448672856,"constitutive","Flower","inflorescence_apex"
"AT1G13920",68.18869404,0.320689031,0.088268242,3.633119049,0.000280016,0.001983976,"yes","up",0.528634867990921,0.504070059767165,"constitutive","Seed_Silique","silique_stage_3"
"AT1G14000",795.0166153,0.105046037,0.032181703,3.264154082,0.001097914,0.006187219,"yes","up",0.395084860796886,0.210380054279144,"constitutive","Leaf_Shoot","senescing_leaf"
"AT1G14270",725.1437045,-0.144241357,0.032673753,-4.414594038,1.01e-05,0.000124443,"yes","down",0.533480760200084,0.516369630967147,"constitutive","Flower","pedicel"
"AT1G14310",124.0647789,0.214260835,0.05337852,4.013989787,5.97e-05,0.000556477,"yes","up",0.356178568846639,0.27611968879389,"constitutive","Leaf_Shoot","cotyledon"
"AT1G14320",10439.8023,-0.177729369,0.042047929,-4.226828144,2.37e-05,0.000256167,"yes","down",0.290531305104358,0.205207669755776,"constitutive","Seed_Silique","seed_stage_9"
"AT1G14710",1448.801923,0.220230111,0.042936793,5.129169991,2.91e-07,6.05e-06,"yes","up",0.550795907065104,0.17801214974085,"constitutive","Leaf_Shoot","shoot_apex_transition"
"AT1G14740",1009.018784,0.322141022,0.105234126,3.061183987,0.002204636,0.010869229,"yes","up",0.42129883439291,0.242066915985592,"constitutive","Seedling","seedling_green_parts"
"AT1G14750",23.02783762,-0.45133589,0.148576475,-3.037734544,0.002383638,0.011556871,"yes","down",0.458612620499363,0.135682766842513,"constitutive","Flower","flower_stage_9"
"AT1G14830",1251.768079,-0.102454794,0.02928643,-3.49837089,0.00046811,0.003047431,"yes","down",0.536172906484543,0.406399137107495,"constitutive","Flower","mature_pollen"
"AT1G14920",496.5454267,-0.350068528,0.068002954,-5.147842983,2.63e-07,5.56e-06,"yes","down",0.370287412378302,0.240006693678065,"constitutive","Leaf_Shoot","shoot_apex_transition"
"AT1G14980",1371.266317,-0.15391217,0.053780691,-2.861848151,0.004211786,0.018423537,"yes","down",0.573315242842134,0.286890225289225,"constitutive","Leaf_Shoot","shoot_apex_transition"
"AT1G15000",180.6419997,-0.255690587,0.086844716,-2.944227337,0.003237621,0.014877509,"yes","down",0.585683001048463,0.320550159230062,"constitutive","Leaf_Shoot","rosette_vegetative"
"AT1G15060",381.0755642,0.117153056,0.041780696,2.80399961,0.005047297,0.021284423,"yes","up",0.543921543438559,0.15746475668526,"constitutive","Seed_Silique","seed_stage_10"
"AT1G15130",877.9381396,0.140562323,0.052869645,2.658658339,0.007845248,0.030227412,"yes","up",0.58257801426885,0.275494537872714,"constitutive","Seed_Silique","seed_stage_10"
"AT1G15140",1622.75234,-0.134169534,0.037596709,-3.56865104,0.000358824,0.002433417,"yes","down",0.59550850138243,0.537425552979669,"constitutive","Leaf_Shoot","rosette_leaf"
"AT1G15290",2045.190134,-0.189011151,0.072692894,-2.600132425,0.009318779,0.034648427,"yes","down",0.574689216243145,0.423052013368042,"constitutive","Flower","pedicel"
"AT1G15690",14377.56973,-0.144505472,0.053588618,-2.696570213,0.007005763,0.027542836,"yes","down",0.48726480383176,0.239933727939795,"constitutive","Seed_Silique","seed_stage_9"
"AT1G15780",835.7749748,0.139831619,0.0479942,2.913510789,0.003573895,0.016094623,"yes","up",0.528491106027764,0.170688694907027,"constitutive","Leaf_Shoot","senescing_leaf"
"AT1G15930",3281.98918,-0.161629898,0.048548182,-3.329267808,0.000870746,0.005085754,"yes","down",0.485361792255882,0.164990389031565,"constitutive","Leaf_Shoot","shoot_apex_vegetative_with_leaves"
"AT1G16000",229.6509538,-0.141751264,0.052181697,-2.716493924,0.006597741,0.026222988,"yes","down",0.546933804221142,0.450778318306624,"constitutive","Leaf_Shoot","shoot_apex_vegetative"
"AT1G16010",495.5257755,0.143019064,0.045586588,3.137305764,0.001705082,0.008821845,"yes","up",0.40112875097168,0.0559816315758095,"constitutive","Leaf_Shoot","senescing_leaf"
"AT1G16340",238.907888,0.232054426,0.063116693,3.676593562,0.000236369,0.001725056,"yes","up",0.509890602006257,0.238458863320321,"constitutive","Leaf_Shoot","shoot_apex_transition"
"AT1G16470",828.2843984,0.153410022,0.054054287,2.838073152,0.004538678,0.019528389,"yes","up",0.295959402257289,0.219440211615046,"constitutive","Flower","petal"
"AT1G16710",549.0393972,0.127724303,0.0360361,3.54434312,0.000393593,0.002634344,"yes","up",0.532773124006394,0.25896532541489,"constitutive","Leaf_Shoot","senescing_leaf"
"AT1G16790",142.0559145,-0.206804066,0.057643849,-3.587617207,0.000333714,0.002292143,"yes","down",0.421473289220771,0.273504027321146,"constitutive","Leaf_Shoot","shoot_apex_transition"
"AT1G16880",5658.866895,-0.144411372,0.044325454,-3.257978412,0.001122089,0.006295477,"yes","down",0.596433335880934,0.570541780325594,"constitutive","Leaf_Shoot","cauline_leaf"
"AT1G16890",897.9225965,0.112448353,0.034139671,3.29377376,0.00098852,0.005676587,"yes","up",0.32670573333103,0.174596626562757,"constitutive","Flower","petal"
"AT1G16900",374.8490335,0.170674645,0.046057288,3.705703295,0.000210805,0.001571073,"yes","up",0.576386184392247,0.357560381280172,"constitutive","Leaf_Shoot","shoot_apex_transition"
"AT1G17160",253.3805567,0.126876426,0.044190085,2.871151401,0.004089796,0.017956558,"yes","up",0.466589816784931,0.0557586475190562,"constitutive","Leaf_Shoot","cauline_leaf"
"AT1G17200",548.0807124,-0.226128836,0.045783449,-4.939095706,7.85e-07,1.42e-05,"yes","down",0.523448092321273,0.494589970164843,"constitutive","Flower","carpel"
"AT1G17460",160.2260812,1.781945128,0.195854953,9.098289843,9.18e-20,3.45e-17,"yes","up",0.581224943581719,0.389113261006354,"constitutive","Leaf_Shoot","shoot_apex_transition"
"AT1G17500",520.8477323,0.186197903,0.045744032,4.070430482,4.69e-05,0.000453544,"yes","up",0.506829490376428,0.487042204357597,"constitutive","Root","root"
"AT1G17665",135.0321829,0.348480829,0.100459568,3.468866495,0.000522659,0.003331704,"yes","up",0.534877637480633,0.368066911271326,"constitutive","Seed_Silique","seed_stage_10"
"AT1G17730",303.1190083,0.127053442,0.040928713,3.10426185,0.001907544,0.009663989,"yes","up",0.269548228524007,0.153396238800051,"constitutive","Seed_Silique","seed_stage_6"
"AT1G17880",2468.33831,-0.173616513,0.038939617,-4.458608658,8.25e-06,0.000104662,"yes","down",0.496113455968043,0.0949291375085579,"constitutive","Leaf_Shoot","shoot_apex_vegetative"
"AT1G17980",460.6422626,0.231679855,0.06403922,3.6177807,0.00029714,0.002084611,"yes","up",0.349929818309383,0.0992225294306242,"constitutive","Seed_Silique","seed_stage_10"
"AT1G18080",8855.3562,-0.211182197,0.04255203,-4.962917115,6.94e-07,1.28e-05,"yes","down",0.456353927733707,0.161292673337463,"constitutive","Leaf_Shoot","shoot_apex_vegetative"
"AT1G18210",955.3416083,0.300576692,0.075843936,3.963094566,7.4e-05,0.000660748,"yes","up",0.544365097705065,0.409437810928792,"constitutive","Seed_Silique","silique_stage_3"
"AT1G18440",230.4957438,-0.131951781,0.041817445,-3.155424287,0.001602649,0.008413054,"yes","down",0.377400543454549,0.286805780591674,"constitutive","Flower","pedicel"
"AT1G18480",316.2374181,0.130221112,0.050848903,2.560942389,0.010438867,0.037933621,"yes","up",0.4121056301627,0.28357649878526,"constitutive","Leaf_Shoot","shoot_apex_vegetative"
"AT1G18485",237.3941918,0.154428189,0.042194696,3.659895806,0.000252318,0.001823735,"yes","up",0.545444841059111,0.544933925120367,"constitutive","Leaf_Shoot","rosette_leaf"
"AT1G18540",5629.88662,-0.237401666,0.046685764,-5.085097616,3.67e-07,7.42e-06,"yes","down",0.469817608666522,0.177585200188982,"constitutive","Leaf_Shoot","shoot_apex_vegetative"
"AT1G18640",400.5279092,-0.121261087,0.034899217,-3.474607716,0.000511601,0.003276275,"yes","down",0.470901543334687,0.188096267567509,"constitutive","Leaf_Shoot","shoot_apex_transition"
"AT1G18740",359.3032293,0.513586561,0.151520972,3.389541091,0.000700097,0.004252355,"yes","up",0.585632447123083,0.238300621304231,"constitutive","Flower","carpel"
"AT1G18900",405.4333193,0.236129778,0.061733228,3.825002913,0.000130771,0.001060789,"yes","up",0.397906592770297,0.187704569926392,"constitutive","Flower","inflorescence_apex"
"AT1G19100",234.9000913,0.589459782,0.102509372,5.750301385,8.91e-09,3.02e-07,"yes","up",0.503703907539445,0.345420269830005,"constitutive","Seed_Silique","seed_stage_6"
"AT1G19130",288.5578117,0.222467758,0.048860312,4.553138288,5.29e-06,7.2e-05,"yes","up",0.425189477445531,0.295559464550287,"constitutive","Leaf_Shoot","stem"
"AT1G19160",2.00430466,0.718019423,0.292932804,2.45114037,0.014240441,0.048601406,"yes","up",0.412020479848218,0.229292479187169,"constitutive","Seed_Silique","silique_stage_3"
"AT1G19220",306.5190397,-0.278874983,0.05688187,-4.902704217,9.45e-07,1.66e-05,"yes","down",0.531432451041731,0.345567852781637,"constitutive","Leaf_Shoot","stem"
"AT1G19240",90.5683201,0.167260959,0.065177814,2.566225345,0.010281201,0.03748782,"yes","up",0.383420070223568,0.246975450716974,"constitutive","Flower","inflorescence_apex"
"AT1G19270",164.0199917,0.339201469,0.057786366,5.869922102,4.36e-09,1.61e-07,"yes","up",0.47294194124721,0.306627862911218,"constitutive","Flower","mature_pollen"
"AT1G19410",2.560456603,1.152523474,0.335039767,3.439960227,0.0005818,0.003645604,"yes","up",0.525988596668877,0.214683892027056,"constitutive","Seed_Silique","seed_stage_9"
"AT1G19580",447.0383983,-0.103139533,0.029318535,-3.517895146,0.000434984,0.002869824,"yes","down",0.452736405412583,0.251104276684093,"constitutive","Leaf_Shoot","shoot_apex_transition"
"AT1G19620",12.90276295,-0.409753596,0.162010887,-2.529173211,0.011433159,0.040767486,"yes","down",0.503823709635662,0.381985822589376,"constitutive","Leaf_Shoot","rosette_vegetative"
"AT1G19690",179.2020478,-0.156912759,0.04507841,-3.480884994,0.00049976,0.003216173,"yes","down",0.455936824720262,0.268622643760244,"constitutive","Leaf_Shoot","shoot_apex_vegetative_with_leaves"
"AT1G20050",713.560306,-0.112078924,0.023593667,-4.750381651,2.03e-06,3.18e-05,"yes","down",0.476481817295088,0.478138046134614,"constitutive","Root","root"
"AT1G20090",730.5829473,-0.257612299,0.073465844,-3.506558777,0.000453941,0.002974911,"yes","down",0.373924878035265,0.0479281018507729,"constitutive","Seed_Silique","seed_stage_7"
"AT1G20110",1096.230898,0.153354336,0.039235741,3.908536717,9.29e-05,0.000799165,"yes","up",0.373457929672972,0.317330493218542,"constitutive","Seed_Silique","seed_stage_9"
"AT1G20140",149.3838121,0.230016803,0.066465852,3.46067634,0.00053882,0.003418086,"yes","up",0.58695642242093,0.487057391132174,"constitutive","Seed_Silique","seed_stage_10"
"AT1G20330",1530.549965,-0.238750794,0.052701065,-4.530284019,5.89e-06,7.89e-05,"yes","down",0.4531275363853,0.24888079380526,"constitutive","Leaf_Shoot","shoot_apex_transition"
"AT1G20340",33584.95349,-0.12933853,0.034671559,-3.730392675,0.000191182,0.001445853,"yes","down",0.563773479866427,0.546360249794723,"constitutive","Seedling","whole_plant_pre_bolting"
"AT1G20780",369.7160371,0.236907641,0.080902169,2.928322487,0.003407964,0.0154969,"yes","up",0.568609330557919,0.288769479022984,"constitutive","Flower","mature_pollen"
"AT1G20910",228.4309129,-0.22399747,0.059558699,-3.760953052,0.000169267,0.001309529,"yes","down",0.482380372761602,0.286606426068074,"constitutive","Leaf_Shoot","shoot_apex_vegetative_with_leaves"
"AT1G20920",1013.858779,0.14695809,0.045722774,3.214111439,0.001308489,0.007168256,"yes","up",0.297524003439233,0.248689854892981,"constitutive","Leaf_Shoot","shoot_apex_transition"
"AT1G20950",1599.071144,-0.199569352,0.061160358,-3.26305077,0.001102198,0.006206906,"yes","down",0.514608255305125,0.515833849162129,"constitutive","Flower","inflorescence_apex"
"AT1G20980",1206.880317,0.155743727,0.040241928,3.870185548,0.000108753,0.000912646,"yes","up",0.542443827692479,0.309632639185395,"constitutive","Flower","petal"
"AT1G21320",7.334529994,0.691707159,0.204373449,3.38452554,0.000713014,0.004320791,"yes","up",0.429955069625024,0.32108820570497,"constitutive","Flower","flower_stage_9"
"AT1G21370",212.3543669,0.303590911,0.059315873,5.118206891,3.08e-07,6.38e-06,"yes","up",0.433795908944701,0.472963815986546,"constitutive","Root","root"
"AT1G21380",762.052439,0.20845926,0.034854149,5.980902283,2.22e-09,8.93e-08,"yes","up",0.406348862177784,0.361084702578118,"constitutive","Seed_Silique","seed_stage_7"
"AT1G21450",370.2865594,0.241481688,0.070520551,3.424273965,0.000616444,0.003827086,"yes","up",0.540805606277831,0.450082746783249,"constitutive","Leaf_Shoot","senescing_leaf"
"AT1G21510",13.55575797,-0.536512961,0.171902734,-3.121026339,0.001802219,0.00923559,"yes","down",0.449963252424161,0.259048323451656,"constitutive","Leaf_Shoot","hypocotyl"
"AT1G21600",1334.382835,-0.155324884,0.052680836,-2.948413435,0.003194096,0.014708814,"yes","down",0.590478345825194,0.482358792813078,"constitutive","Leaf_Shoot","shoot_apex_vegetative_with_leaves"
"AT1G21720",876.9232142,0.116357731,0.038820011,2.997364695,0.002723247,0.012895762,"yes","up",0.366313494888742,0.16748508067325,"constitutive","Leaf_Shoot","shoot_apex_vegetative"
"AT1G21840",48.51533427,-0.220952253,0.082631355,-2.673951727,0.007496324,0.029112166,"yes","down",0.304900291945192,0.248187876893077,"constitutive","Flower","inflorescence_apex"
"AT1G21930",139.5801029,-0.121689154,0.043765872,-2.780457657,0.005428234,0.022441206,"yes","down",0.305131046576895,0.218274250824486,"constitutive","Seed_Silique","silique_stage_3"
"AT1G22040",176.8220048,0.15672509,0.043668274,3.58899212,0.000331959,0.00228275,"yes","up",0.561227806157094,0.348804344495255,"constitutive","Leaf_Shoot","cauline_leaf"
"AT1G22060",790.397457,0.151349835,0.043001025,3.519679708,0.000432068,0.002854581,"yes","up",0.56117683896696,0.240884908182154,"constitutive","Flower","petal"
"AT1G22270",322.6320256,-0.109769762,0.044552914,-2.463806585,0.013747027,0.047314742,"yes","down",0.444602474171177,0.285194707197296,"constitutive","Leaf_Shoot","shoot_apex_vegetative"
"AT1G22510",114.778679,0.691108639,0.112756718,6.129201455,8.83e-10,3.89e-08,"yes","up",0.440288687414634,0.225008651956195,"constitutive","Seed_Silique","silique_stage_5"
"AT1G22540",208.8285551,0.119929959,0.04246761,2.824033652,0.004742341,0.02024836,"yes","up",0.512881434025768,0.418181617374304,"constitutive","Leaf_Shoot","cotyledon"
"AT1G22700",1143.25408,-0.110076233,0.030173203,-3.64814548,0.00026414,0.001891426,"yes","down",0.590049725587742,0.53872785134859,"constitutive","Leaf_Shoot","rosette_vegetative"
"AT1G22780",2666.742797,-0.188140418,0.034844608,-5.39941269,6.69e-08,1.73e-06,"yes","down",0.465378736990116,0.143483570978083,"constitutive","Leaf_Shoot","shoot_apex_vegetative"
"AT1G22920",473.1792284,-0.088232141,0.02284458,-3.862278963,0.000112334,0.000936701,"yes","down",0.362372061970537,0.17738892205573,"constitutive","Flower","inflorescence_apex"
"AT1G23180",589.5819662,-0.192563996,0.050884397,-3.784342698,0.000154115,0.00121585,"yes","down",0.391047397093638,0.223437004267013,"constitutive","Leaf_Shoot","rosette_vegetative"
"AT1G23290",4122.11896,-0.213974912,0.047435789,-4.51083278,6.46e-06,8.5e-05,"yes","down",0.390311961119765,0.120939637296018,"constitutive","Leaf_Shoot","shoot_apex_vegetative"
"AT1G23490",2451.773234,0.183054907,0.042653499,4.291673849,1.77e-05,0.000199764,"yes","up",0.487381110970722,0.172831795728851,"constitutive","Flower","mature_pollen"
"AT1G23950",348.8451722,0.188782304,0.049173849,3.83907927,0.000123497,0.001012075,"yes","up",0.535397557279708,0.25195125996685,"constitutive","Seed_Silique","seed_stage_10"
"AT1G23980",64.83135375,-0.308102837,0.066135311,-4.658673717,3.18e-06,4.68e-05,"yes","down",0.391590703261639,0.175491889780564,"constitutive","Seed_Silique","silique_stage_5"
"AT1G24150",251.1289926,0.976308814,0.110091226,8.868180046,7.44e-19,2.22e-16,"yes","up",0.544971611694936,0.35408572740063,"constitutive","Leaf_Shoot","senescing_leaf"
"AT1G24190",643.2896204,0.114527086,0.032117217,3.565909399,0.000362597,0.00245406,"yes","up",0.547417620254927,0.123495211047198,"constitutive","Leaf_Shoot","senescing_leaf"
"AT1G24360",2268.389602,-0.12200874,0.021507068,-5.672960194,1.4e-08,4.52e-07,"yes","down",0.541854805510094,0.227080559998398,"constitutive","Seed_Silique","silique_stage_5"
"AT1G24510",2873.8391,-0.126961958,0.036529499,-3.475600892,0.00050971,0.003268607,"yes","down",0.530884536773741,0.282946687654754,"constitutive","Leaf_Shoot","shoot_apex_transition"
"AT1G25260",959.430613,-0.152990478,0.050440059,-3.033114546,0.002420437,0.011699193,"yes","down",0.518168568707162,0.284224165457494,"constitutive","Leaf_Shoot","shoot_apex_vegetative"
"AT1G25290",202.3083753,0.24477778,0.06025298,4.062500788,4.85e-05,0.000466594,"yes","up",0.472145174509359,0.23421330422172,"constitutive","Flower","pedicel"
"AT1G25370",83.42684326,0.47194728,0.067149056,7.028353159,2.09e-12,1.85e-10,"yes","up",0.59655980312405,0.248846481207511,"constitutive","Flower","mature_pollen"
"AT1G25490",1536.722907,-0.070974222,0.026427563,-2.685613565,0.007239677,0.028316061,"yes","down",0.258555761073127,0.205463554029203,"constitutive","Leaf_Shoot","shoot_apex_transition"
"AT1G25580",186.7228298,0.183711372,0.047970546,3.829670256,0.000128315,0.001044784,"yes","up",0.584853201804055,0.331087321844516,"constitutive","Flower","inflorescence_apex"
"AT1G26220",250.0476696,-0.243140581,0.064674079,-3.759474969,0.00017027,0.001315925,"yes","down",0.59473501282996,0.545443417645168,"constitutive","Leaf_Shoot","rosette_leaf"
"AT1G26590",10.96690193,1.185456704,0.248325758,4.77379678,1.81e-06,2.88e-05,"yes","up",0.534981660467884,0.46339589365764,"constitutive","Flower","mature_pollen"
"AT1G26630",9599.519119,-0.096546909,0.024386612,-3.959012851,7.53e-05,0.000669981,"yes","down",0.240540351853667,0.105783676529295,"constitutive","Flower","inflorescence_apex"
"AT1G26750",318.9468341,-0.075128167,0.028878672,-2.601510439,0.009281424,0.034520513,"yes","down",0.453392784434667,0.198068943438952,"constitutive","Leaf_Shoot","shoot_apex_transition"
"AT1G26880",2035.734065,-0.206240509,0.049028976,-4.206502508,2.59e-05,0.000276264,"yes","down",0.541084880138749,0.183871426541033,"constitutive","Leaf_Shoot","shoot_apex_vegetative"
"AT1G26910",324.4176786,-0.200728774,0.056503338,-3.552511799,0.000381572,0.00256774,"yes","down",0.576032229630811,0.385560843557706,"constitutive","Leaf_Shoot","shoot_apex_vegetative"
"AT1G27000",926.8667947,0.113190073,0.035677441,3.172595049,0.001510831,0.008037648,"yes","up",0.537005535982396,0.412602093052268,"constitutive","Flower","sepal"
"AT1G27060",57.10059939,0.185940636,0.060306491,3.08326073,0.002047457,0.010247282,"yes","up",0.586589525202438,0.346934329436006,"constitutive","Leaf_Shoot","cauline_leaf"
"AT1G27100",692.7181025,0.48930252,0.166402766,2.940471078,0.003277136,0.015038335,"yes","up",0.491091076209657,0.354603614772927,"constitutive","Seedling","seedling_green_parts"
"AT1G27120",173.1351962,-0.233094872,0.074334829,-3.13574234,0.001714197,0.008848579,"yes","down",0.597321901459395,0.481139191979327,"constitutive","Seed_Silique","seed_stage_6"
"AT1G27400",2897.344325,-0.218086037,0.049595948,-4.397255135,1.1e-05,0.000133347,"yes","down",0.55430868219464,0.29290589635273,"constitutive","Leaf_Shoot","shoot_apex_vegetative"
"AT1G27460",392.7313178,-0.251983874,0.096577345,-2.609140628,0.009076993,0.033915352,"yes","down",0.57846238389184,0.336308649641087,"constitutive","Flower","inflorescence_apex"
"AT1G27690",171.408551,0.25767986,0.063984447,4.027226466,5.64e-05,0.000530686,"yes","up",0.365873463586763,0.244315467364235,"constitutive","Flower","inflorescence_apex"
"AT1G27820",4.161782556,1.912331239,0.303616697,6.298504843,3.01e-10,1.53e-08,"yes","up",0.484709623584102,0.155727716622521,"constitutive","Seed_Silique","seed_stage_10"
"AT1G27900",337.6934562,0.105812896,0.037893001,2.792412705,0.005231658,0.021839185,"yes","up",0.479156321207459,0.244178231679046,"constitutive","Seed_Silique","seed_stage_10"
"AT1G27970",1318.132638,0.181100632,0.040508,4.470737456,7.8e-06,9.98e-05,"yes","up",0.322999954717089,0.201497651055443,"constitutive","Flower","sepal"
"AT1G28080",14.9266362,-0.336077751,0.116334093,-2.888901639,0.0038659,0.017152429,"yes","down",0.581935654121988,0.37821988265365,"constitutive","Seed_Silique","seed_stage_10"
"AT1G28090",303.7253524,-0.097651116,0.037747568,-2.586951187,0.009682931,0.035687262,"yes","down",0.408264231720367,0.187943763913071,"constitutive","Leaf_Shoot","shoot_apex_vegetative_with_leaves"
"AT1G28120",411.8787983,0.087987988,0.031523159,2.791217383,0.005251019,0.021900615,"yes","up",0.363132607398858,0.329430605814868,"constitutive","Leaf_Shoot","senescing_leaf"
"AT1G28240",356.217515,0.151567285,0.059412767,2.551089488,0.010738675,0.038807724,"yes","up",0.42173193578698,0.233944607374743,"constitutive","Seed_Silique","silique_stage_4"
"AT1G28280",599.5911413,0.266269951,0.048219319,5.522059493,3.35e-08,9.54e-07,"yes","up",0.38491268104664,0.219895550958593,"constitutive","Flower","sepal"
"AT1G28395",249.1062126,-0.179015164,0.067288392,-2.660416727,0.007804402,0.030090477,"yes","down",0.562516308145608,0.228234695498375,"constitutive","Leaf_Shoot","shoot_apex_vegetative"
"AT1G28410",203.8930718,0.437454927,0.103094393,4.243246532,2.2e-05,0.000240433,"yes","up",0.295926147967108,0.307992925938604,"constitutive","Flower","inflorescence_apex"
"AT1G28420",810.5885339,0.101892366,0.033924661,3.003489617,0.002669027,0.012697672,"yes","up",0.4682268400543,0.231918742479201,"constitutive","Seed_Silique","seed_stage_8"
"AT1G28440",1143.576352,-0.119495641,0.042801627,-2.791848101,0.005240795,0.021865711,"yes","down",0.450572967207816,0.214243541719006,"constitutive","Flower","flower_stage_10_11"
"AT1G28520",394.6144542,0.178557116,0.057627211,3.098486149,0.001945121,0.009815166,"yes","up",0.540883517819971,0.511696745208758,"constitutive","Seed_Silique","seed_stage_7"
"AT1G28530",166.7546727,-0.215035973,0.06853426,-3.137641992,0.001703128,0.008814698,"yes","down",0.588193285677235,0.329491109481057,"constitutive","Leaf_Shoot","shoot_apex_vegetative_with_leaves"
"AT1G29060",93.21719927,0.145088976,0.055838418,2.598371904,0.009366699,0.034777317,"yes","up",0.416438402474791,0.189500332083828,"constitutive","Leaf_Shoot","senescing_leaf"
"AT1G29150",1716.165077,0.148940806,0.048814115,3.051183168,0.002279415,0.01115711,"yes","up",0.378626042863013,0.230139294172155,"constitutive","Seed_Silique","seed_stage_10"
"AT1G29250",788.8675844,-0.203815142,0.048040591,-4.242561113,2.21e-05,0.000240834,"yes","down",0.566509527717986,0.251283053109831,"constitutive","Leaf_Shoot","shoot_apex_vegetative"
"AT1G29260",335.6868791,0.377814857,0.06848306,5.516909681,3.45e-08,9.79e-07,"yes","up",0.421331871130491,0.179609347169337,"constitutive","Seed_Silique","seed_stage_10"
"AT1G29530",309.150392,-0.236505902,0.064374188,-3.67392446,0.000238853,0.001740492,"yes","down",0.45872330851619,0.316004729633829,"constitutive","Leaf_Shoot","shoot_apex_vegetative_with_leaves"
"AT1G30010",102.0700873,0.163458768,0.055644857,2.937535939,0.003308318,0.015148987,"yes","up",0.250682161858505,0.110774263964235,"constitutive","Leaf_Shoot","shoot_apex_vegetative_with_leaves"
"AT1G30090",273.217401,0.160688951,0.038540153,4.169390569,3.05e-05,0.00031577,"yes","up",0.59605237882701,0.12864622818659,"constitutive","Leaf_Shoot","senescing_leaf"
"AT1G30140",3.615255693,-0.690924135,0.246866592,-2.798775364,0.005129681,0.021512779,"yes","down",0.475056210435135,0.365182967522882,"constitutive","Flower","mature_pollen"
"AT1G30160",17.35372705,2.52748239,0.290095962,8.712573507,2.97e-18,8.34e-16,"yes","up",0.520654279241163,0.197699504822855,"constitutive","Leaf_Shoot","senescing_leaf"
"AT1G30360",4152.533812,-0.237223024,0.071587578,-3.313745624,0.000920552,0.005338297,"yes","down",0.470733438347776,0.212545951920718,"constitutive","Flower","pedicel"
"AT1G30380",16597.62258,-0.200314965,0.051435978,-3.89445234,9.84e-05,0.000838177,"yes","down",0.546531378495668,0.515384799557519,"constitutive","Seedling","whole_plant_pre_bolting"
"AT1G30480",250.0994156,0.212342053,0.062997263,3.370655227,0.000749896,0.004498043,"yes","up",0.48208806973351,0.336467982520778,"constitutive","Flower","inflorescence_apex"
"AT1G30550",29.33888079,-0.439500925,0.116231332,-3.781260338,0.000156036,0.001227309,"yes","down",0.282891488473067,0.189297515110942,"constitutive","Leaf_Shoot","shoot_apex_transition"
"AT1G30570",292.1899336,-0.143843935,0.057443159,-2.504109076,0.012276018,0.043159225,"yes","down",0.514338656132155,0.157545169352075,"constitutive","Leaf_Shoot","stem"
"AT1G30610",435.5153601,-0.131784958,0.049155497,-2.68098111,0.007340666,0.028627385,"yes","down",0.560478995243983,0.245082840874534,"constitutive","Leaf_Shoot","rosette_vegetative"
"AT1G30690",1123.501846,-0.561179132,0.07770128,-7.222263692,5.11e-13,5.15e-11,"yes","down",0.577280062137475,0.281087306117954,"constitutive","Leaf_Shoot","hypocotyl"
"AT1G31130",950.7182639,0.655114132,0.090546595,7.235105118,4.65e-13,4.71e-11,"yes","up",0.516851758141369,0.330994444543068,"constitutive","Leaf_Shoot","senescing_leaf"
"AT1G31160",295.9067083,-0.108602266,0.039283587,-2.76457104,0.005699769,0.023334607,"yes","down",0.31934053690791,0.242186830185725,"constitutive","Leaf_Shoot","rosette_vegetative"
"AT1G31330",26015.681,-0.196663775,0.067606823,-2.90893384,0.003626636,0.016287043,"yes","down",0.522033503982561,0.501041044845663,"constitutive","Seedling","whole_plant_pre_bolting"
"AT1G31460",68.32176672,-0.255400341,0.091289585,-2.797694174,0.005146882,0.021569324,"yes","down",0.490329956319475,0.32744715591469,"constitutive","Seed_Silique","seed_stage_6"
"AT1G31800",1831.400098,-0.129194057,0.031479691,-4.10404467,4.06e-05,0.000400434,"yes","down",0.522618719096429,0.479154920885231,"constitutive","Flower","pedicel"
"AT1G31920",65.82020627,-0.454188826,0.175035783,-2.594834153,0.009463657,0.035065513,"yes","down",0.587654512592481,0.480261021282892,"constitutive","Leaf_Shoot","rosette_vegetative"
"AT1G31940",184.2722096,0.210324207,0.0528829,3.977168571,6.97e-05,0.000631821,"yes","up",0.477197253095102,0.200138840033474,"constitutive","Leaf_Shoot","cotyledon"
"AT1G32050",1444.671804,0.08975494,0.027740179,3.235557329,0.001214055,0.006721212,"yes","up",0.294857476440551,0.177135235616352,"constitutive","Seed_Silique","seed_stage_10"
"AT1G32130",1020.056231,0.099375414,0.035558537,2.794699187,0.005194803,0.021712249,"yes","up",0.507001136521434,0.214991186059297,"constitutive","Leaf_Shoot","senescing_leaf"
"AT1G32160",748.7382077,-0.098489547,0.038328649,-2.569606532,0.010181408,0.037152683,"yes","down",0.5982346022333,0.44685248799797,"constitutive","Leaf_Shoot","cauline_leaf"
"AT1G32230",2393.76091,0.151555218,0.043475251,3.486011373,0.00049028,0.003170747,"yes","up",0.526606720773362,0.232332076500684,"constitutive","Leaf_Shoot","senescing_leaf"
"AT1G32375",2.96236551,0.816904342,0.236378384,3.455918134,0.000548422,0.003465938,"yes","up",0.47409971368251,0.277077572508797,"constitutive","Flower","inflorescence_apex"
"AT1G32550",551.6840743,-0.082611627,0.032219979,-2.563987596,0.010347724,0.037672109,"yes","down",0.547510234283756,0.505168074240106,"constitutive","Leaf_Shoot","rosette_leaf"
"AT1G32570",10.34240043,2.56114364,0.324585187,7.890513007,3.01e-15,4.89e-13,"yes","up",0.51516131108952,0.167690839004612,"constitutive","Leaf_Shoot","shoot_apex_transition"
"AT1G32640",432.0927622,0.6802182,0.182376941,3.729737951,0.000191679,0.001448685,"yes","up",0.577010298919507,0.338413263490532,"constitutive","Leaf_Shoot","shoot_apex_vegetative_with_leaves"
"AT1G32730",90.55980151,-0.194663729,0.056052809,-3.472863053,0.000514938,0.003293173,"yes","down",0.586917671219901,0.546030787472826,"constitutive","Leaf_Shoot","shoot_apex_transition"
"AT1G33040",1232.226642,-0.13827316,0.044965361,-3.075103975,0.002104292,0.010471706,"yes","down",0.570042712363728,0.390276198470078,"constitutive","Leaf_Shoot","shoot_apex_vegetative"
"AT1G33120",4106.507139,-0.188077048,0.044820086,-4.19626698,2.71e-05,0.000286199,"yes","down",0.385917309552852,0.0814595296243694,"constitutive","Flower","inflorescence_apex"
"AT1G33270",219.8248113,0.121912332,0.045084542,2.704082725,0.006849323,0.027053932,"yes","up",0.557100133982914,0.428961488213751,"constitutive","Seed_Silique","seed_stage_10"
"AT1G33540",21.35125184,-0.245304501,0.099823303,-2.457387136,0.013995178,0.047965735,"yes","down",0.59918504462736,0.608155485080594,"constitutive","Root","root"
"AT1G33810",991.9876925,-0.131816042,0.041270495,-3.193953546,0.001403387,0.007599826,"yes","down",0.523946829334266,0.484033672961647,"constitutive","Leaf_Shoot","rosette_vegetative"
"AT1G33980",491.6862544,0.120065031,0.041782949,2.873541301,0.00405898,0.017847852,"yes","up",0.449808934001785,0.240719157408054,"constitutive","Leaf_Shoot","senescing_leaf"
"AT1G34010",192.0140662,-0.222559598,0.054268208,-4.101104582,4.11e-05,0.000405048,"yes","down",0.440367354243983,0.282503647235579,"constitutive","Leaf_Shoot","shoot_apex_transition"
"AT1G34030",1928.939157,-0.189491133,0.043388656,-4.367296649,1.26e-05,0.000149613,"yes","down",0.529569072221132,0.161024856398642,"constitutive","Leaf_Shoot","shoot_apex_vegetative"
"AT1G34065",87.09289782,-0.165419424,0.052715135,-3.137987274,0.001701123,0.008809438,"yes","down",0.576023853687907,0.463323305914228,"constitutive","Leaf_Shoot","shoot_apex_transition"
"AT1G34190",711.6395036,0.166157099,0.037426131,4.439601279,9.01e-06,0.000112887,"yes","up",0.56639454370576,0.273963886542075,"constitutive","Flower","mature_pollen"
"AT1G34210",313.8572341,-0.19502886,0.05502709,-3.544233593,0.000393756,0.002634691,"yes","down",0.521006281278933,0.52060016772562,"constitutive","Flower","inflorescence_apex"
"AT1G34220",425.2035154,0.140036804,0.042187412,3.319397833,0.000902118,0.005240421,"yes","up",0.457508644231636,0.218247916762709,"constitutive","Leaf_Shoot","senescing_leaf"
"AT1G34470",151.2125938,0.281575075,0.078407462,3.591176999,0.000329188,0.002268327,"yes","up",0.310521847416727,0.178245822784521,"constitutive","Leaf_Shoot","cauline_leaf"
"AT1G35320",130.0749438,0.196462056,0.054913631,3.577655511,0.00034669,0.002367475,"yes","up",0.554606650436521,0.552077999236856,"constitutive","Flower","petal"
"AT1G35340",548.2951659,-0.119417854,0.043958113,-2.716628322,0.006595062,0.026216763,"yes","down",0.466141307797041,0.44426475472783,"constitutive","Leaf_Shoot","cotyledon"
"AT1G35430",61.6601005,0.685269332,0.133532249,5.131863927,2.87e-07,5.98e-06,"yes","up",0.524650416367225,0.448113090337857,"constitutive","Flower","petal"
"AT1G35470",272.7479685,0.233351146,0.05877192,3.970452963,7.17e-05,0.00064642,"yes","up",0.3820315786923,0.120855009438878,"constitutive","Leaf_Shoot","senescing_leaf"
"AT1G35510",340.702182,0.107893214,0.038095033,2.832212131,0.004622717,0.019834603,"yes","up",0.410651642216061,0.107692085223211,"constitutive","Leaf_Shoot","shoot_apex_transition"
"AT1G35620",543.8324434,-0.100455896,0.027946342,-3.594599139,0.000324891,0.002246602,"yes","down",0.316643690065539,0.172110076697122,"constitutive","Flower","pedicel"
"AT1G36990",370.7320256,0.115650996,0.040608199,2.847971533,0.004399886,0.019046197,"yes","up",0.448987370272145,0.4135492758747,"constitutive","Seed_Silique","seed_stage_10"
"AT1G41830",1690.755227,-0.152879945,0.062342969,-2.452240367,0.014196979,0.048481152,"yes","down",0.560962569866104,0.495539908242764,"constitutive","Leaf_Shoot","stem"
"AT1G41880",2639.346487,-0.245565486,0.047038823,-5.220485314,1.78e-07,4.01e-06,"yes","down",0.380914131597963,0.140116722905098,"constitutive","Flower","inflorescence_apex"
"AT1G42960",1675.400424,-0.066425428,0.025179757,-2.638048824,0.008338458,0.031770238,"yes","down",0.493448152275073,0.228022330841814,"constitutive","Seed_Silique","seed_stage_6"
"AT1G42990",442.730962,0.768371358,0.098344097,7.813090767,5.58e-15,8.39e-13,"yes","up",0.585894338737526,0.272670491145103,"constitutive","Leaf_Shoot","senescing_leaf"
"AT1G43170",14448.38189,-0.224633658,0.048080986,-4.671985276,2.98e-06,4.4e-05,"yes","down",0.388172468690001,0.103337821162305,"constitutive","Flower","inflorescence_apex"
"AT1G43190",1107.238039,-0.11505737,0.030096612,-3.822934279,0.000131873,0.001068261,"yes","down",0.433280632780689,0.210533776926788,"constitutive","Leaf_Shoot","shoot_apex_vegetative_with_leaves"
"AT1G43580",377.4309162,-0.159956426,0.03537862,-4.521273727,6.15e-06,8.19e-05,"yes","down",0.462349495534332,0.256846337726528,"constitutive","Leaf_Shoot","shoot_apex_transition"
"AT1G44575",23108.98984,-0.150403048,0.044770333,-3.359435547,0.000781019,0.00465158,"yes","down",0.515110695185129,0.477352424644328,"constitutive","Leaf_Shoot","rosette_vegetative"
"AT1G44835",397.1918165,-0.118523216,0.029305726,-4.044370568,5.25e-05,0.000497679,"yes","down",0.549834355559431,0.240401358583208,"constitutive","Leaf_Shoot","shoot_apex_vegetative"
"AT1G45230",661.156541,-0.143395459,0.050443324,-2.842704409,0.004473254,0.019295152,"yes","down",0.444287609412669,0.402857960500783,"constitutive","Leaf_Shoot","shoot_apex_vegetative_with_leaves"
"AT1G47200",632.7559794,-0.091484158,0.037045433,-2.469512475,0.01352973,0.046682718,"yes","down",0.447789684757085,0.247544546555338,"constitutive","Leaf_Shoot","shoot_apex_transition"
"AT1G47250",262.2670899,0.254049057,0.06824057,3.722844913,0.000196991,0.001483164,"yes","up",0.446180850990846,0.273247277688733,"constitutive","Leaf_Shoot","shoot_apex_vegetative"
"AT1G47290",333.5864887,-0.167261431,0.042130539,-3.97007574,7.18e-05,0.000646989,"yes","down",0.525927549073378,0.523730703893003,"constitutive","Root","root"
"AT1G47490",958.914875,-0.162183255,0.043586232,-3.720974468,0.000198456,0.001491295,"yes","down",0.578940964738624,0.161773522685774,"constitutive","Flower","mature_pollen"
"AT1G47530",1547.191464,-0.156064308,0.043252339,-3.608228125,0.000308295,0.002149496,"yes","down",0.511668705449759,0.172465410008528,"constitutive","Seed_Silique","seed_stage_9"
"AT1G47640",601.154589,-0.064824409,0.025955938,-2.497478897,0.012507991,0.043850516,"yes","down",0.43565867767328,0.450824386568296,"constitutive","Leaf_Shoot","shoot_apex_transition"
"AT1G47740",645.2818058,-0.129759209,0.037699884,-3.44189939,0.000577645,0.003625353,"yes","down",0.526956876196242,0.297851839429715,"constitutive","Flower","petal"
"AT1G48210",453.1834951,0.216538349,0.04140491,5.229774697,1.7e-07,3.85e-06,"yes","up",0.589450705723849,0.248347729329284,"constitutive","Leaf_Shoot","senescing_leaf"
"AT1G48230",564.6281737,-0.095035439,0.033326429,-2.851653834,0.004349244,0.018891601,"yes","down",0.527019834729929,0.240785365493007,"constitutive","Leaf_Shoot","shoot_apex_transition"
"AT1G48240",230.6279787,-0.223850832,0.047005547,-4.762221574,1.91e-06,3.02e-05,"yes","down",0.592819797838251,0.178457520030458,"constitutive","Flower","mature_pollen"
"AT1G48270",82.67982357,-0.232673085,0.056780708,-4.097748908,4.17e-05,0.000410107,"yes","down",0.422794411247087,0.279786724287914,"constitutive","Flower","inflorescence_apex"
"AT1G48320",127.3447642,0.466678713,0.092072475,5.068601821,4.01e-07,8.01e-06,"yes","up",0.552290171340181,0.343896283907219,"constitutive","Seed_Silique","silique_stage_4"
"AT1G48410",2254.222711,-0.101733632,0.035467809,-2.868337084,0.004126356,0.018090125,"yes","down",0.530546988987057,0.379826468210631,"constitutive","Flower","inflorescence_apex"
"AT1G48420",790.4318202,0.107925416,0.032863384,3.284062766,0.001023221,0.00584029,"yes","up",0.402183909238134,0.226046843514075,"constitutive","Leaf_Shoot","stem"
"AT1G48450",1404.791234,-0.074600737,0.026358555,-2.830228673,0.004651475,0.019932596,"yes","down",0.487830694061062,0.389968768287027,"constitutive","Flower","pedicel"
"AT1G48520",1238.505092,-0.10024008,0.03222942,-3.110204312,0.00186958,0.009514595,"yes","down",0.56894814535268,0.482480073113806,"constitutive","Leaf_Shoot","shoot_apex_vegetative_with_leaves"
"AT1G48620",971.8641217,-0.246320196,0.03774445,-6.52599778,6.76e-11,4.1e-09,"yes","down",0.559747087577788,0.320382521486037,"constitutive","Flower","inflorescence_apex"
"AT1G48870",32.23863575,0.454402522,0.102192816,4.446521177,8.73e-06,0.000110132,"yes","up",0.463978090093345,0.261855487348847,"constitutive","Flower","mature_pollen"
"AT1G48960",98.69551218,0.224977109,0.062799734,3.582453244,0.000340383,0.002332511,"yes","up",0.450608114812036,0.181440023807234,"constitutive","Leaf_Shoot","cotyledon"
"AT1G49010",300.411228,-0.278556542,0.08172099,-3.408629066,0.000652902,0.004012215,"yes","down",0.461829560547401,0.325252803037645,"constitutive","Seed_Silique","seed_stage_6"
"AT1G49410",661.6705527,-0.121488776,0.039851907,-3.048505987,0.002299823,0.011233679,"yes","down",0.585562780553569,0.373128106070289,"constitutive","Leaf_Shoot","shoot_apex_vegetative"
"AT1G49510",474.3811386,-0.25447507,0.046813769,-5.435902217,5.45e-08,1.46e-06,"yes","down",0.535426301669144,0.348069164556624,"constitutive","Leaf_Shoot","shoot_apex_vegetative_with_leaves"
"AT1G49620",57.5817226,-0.407951504,0.115286558,-3.538586897,0.000402275,0.002684832,"yes","down",0.569060145914345,0.310923358051306,"constitutive","Flower","petal"
"AT1G49760",3159.150487,-0.172732498,0.058436016,-2.955925278,0.003117326,0.014417251,"yes","down",0.582568008170681,0.215899220246124,"constitutive","Leaf_Shoot","shoot_apex_vegetative"
"AT1G49780",232.5754939,0.272393651,0.069076288,3.943374221,8.03e-05,0.000708011,"yes","up",0.561483566259804,0.487090899185423,"constitutive","Seedling","seedling_green_parts"
"AT1G49820",496.2850384,0.179800106,0.059598744,3.01684388,0.002554213,0.012220513,"yes","up",0.541499369430345,0.530081018883464,"constitutive","Leaf_Shoot","senescing_leaf"
"AT1G49900",3.807147706,1.286860604,0.263942825,4.875527883,1.09e-06,1.86e-05,"yes","up",0.599410489543614,0.24510112437582,"constitutive","Flower","mature_pollen"
"AT1G49950",418.1214811,0.099351395,0.035883549,2.768717081,0.005627748,0.02309591,"yes","up",0.452804048347488,0.162097796364283,"constitutive","Flower","mature_pollen"
"AT1G49980",341.2859002,0.684884051,0.125002926,5.478944162,4.28e-08,1.18e-06,"yes","up",0.344881934916449,0.168501923912226,"constitutive","Leaf_Shoot","rosette_vegetative"
"AT1G50180",58.31832341,0.284057654,0.113952313,2.492776554,0.012674858,0.044297173,"yes","up",0.479167737889621,0.446452730797277,"constitutive","Flower","pedicel"
"AT1G50300",197.7963194,-0.109904255,0.041249892,-2.664352567,0.007713667,0.029804011,"yes","down",0.493899524934504,0.211541021636507,"constitutive","Leaf_Shoot","shoot_apex_transition"
"AT1G50360",379.88158,0.11447481,0.038841894,2.947199468,0.003206663,0.014752276,"yes","up",0.425749351377194,0.206203958471399,"constitutive","Flower","pedicel"
"AT1G50410",359.4206288,0.15349428,0.053856281,2.85007203,0.004370933,0.018950787,"yes","up",0.409333900334628,0.239504936470523,"constitutive","Leaf_Shoot","senescing_leaf"
"AT1G50440",209.4337694,0.15056498,0.057197419,2.632373681,0.008479055,0.032160173,"yes","up",0.55640393644704,0.240279614033623,"constitutive","Leaf_Shoot","senescing_leaf"
"AT1G50575",245.8577193,-0.109679942,0.043406402,-2.52681489,0.011510215,0.041005033,"yes","down",0.472041271442376,0.330191801516225,"constitutive","Leaf_Shoot","shoot_apex_vegetative"
"AT1G50600",524.3015152,0.162790854,0.056342166,2.889325436,0.003860693,0.017135778,"yes","up",0.550265632509197,0.320417854218281,"constitutive","Seed_Silique","seed_stage_9"
"AT1G50660",929.5624161,-0.084707408,0.030444885,-2.78231981,0.005397183,0.022344184,"yes","down",0.547064240005232,0.404885282158516,"constitutive","Flower","inflorescence_apex"
"AT1G50700",88.48373904,0.323497117,0.060969201,5.30591042,1.12e-07,2.72e-06,"yes","up",0.421076969703818,0.207293043148255,"constitutive","Leaf_Shoot","senescing_leaf"
"AT1G50740",182.4204263,0.911269707,0.206708606,4.408474919,1.04e-05,0.000127479,"yes","up",0.561074416311979,0.318882466731132,"constitutive","Flower","mature_pollen"
"AT1G50890",125.1477273,-0.175041167,0.064767267,-2.702617767,0.006879581,0.027141818,"yes","down",0.586670308024032,0.304108553759992,"constitutive","Flower","mature_pollen"
"AT1G50900",1832.85522,-0.151933148,0.036289,-4.18675488,2.83e-05,0.000296729,"yes","down",0.599206664297162,0.570841914495623,"constitutive","Leaf_Shoot","rosette_leaf"
"AT1G50940",187.9143561,0.125038403,0.044389964,2.816816917,0.004850217,0.020608175,"yes","up",0.543607484650968,0.381853925640841,"constitutive","Flower","sepal"
"AT1G50970",56.47871532,0.253551044,0.073412372,3.45379175,0.000552764,0.003491508,"yes","up",0.492756611765487,0.114309249402063,"constitutive","Leaf_Shoot","senescing_leaf"
"AT1G51510",931.6297101,-0.119823754,0.035205701,-3.403532738,0.000665204,0.00407401,"yes","down",0.528157392403233,0.338455144402335,"constitutive","Flower","inflorescence_apex"
"AT1G51570",1691.145073,-0.120128401,0.030311131,-3.963177838,7.4e-05,0.000660748,"yes","down",0.453757070036549,0.24917582085416,"constitutive","Flower","inflorescence_apex"
"AT1G51700",213.1617947,0.75607889,0.115378172,6.553049668,5.64e-11,3.51e-09,"yes","up",0.586326755052676,0.472304126661861,"constitutive","Flower","sepal"
"AT1G52300",3829.790553,-0.195921278,0.041229835,-4.751929698,2.01e-06,3.16e-05,"yes","down",0.417630296020193,0.123721877304446,"constitutive","Leaf_Shoot","shoot_apex_vegetative"
"AT1G52310",384.4316683,0.141980015,0.052548294,2.701895788,0.006894537,0.027187172,"yes","up",0.508041421431909,0.501344352291234,"constitutive","Flower","inflorescence_apex"
"AT1G52320",318.4502185,0.217789983,0.050512907,4.311570932,1.62e-05,0.000186035,"yes","up",0.564294416757349,0.181775853507952,"constitutive","Leaf_Shoot","senescing_leaf"
"AT1G52340",156.587718,-0.185440089,0.057437903,-3.228531659,0.001244275,0.006869155,"yes","down",0.560984397869978,0.279852596452053,"constitutive","Seed_Silique","seed_stage_6"
"AT1G52370",236.8396525,0.126121087,0.041607545,3.031207109,0.002435781,0.011763039,"yes","up",0.422962938772881,0.248035045600742,"constitutive","Flower","flower_stage_9"
"AT1G53000",451.6594106,-0.085401504,0.03097785,-2.756857073,0.005835985,0.023768432,"yes","down",0.470098424864418,0.213804878972619,"constitutive","Seed_Silique","seed_stage_10"
"AT1G53090",376.9873141,0.272677732,0.095657305,2.850568823,0.00436411,0.018935243,"yes","up",0.490269244651712,0.380495305012706,"constitutive","Flower","sepal"
"AT1G53110",70.81185776,0.45493574,0.079277298,5.738537369,9.55e-09,3.21e-07,"yes","up",0.442434459721652,0.274671525098853,"constitutive","Leaf_Shoot","senescing_leaf"
"AT1G53120",235.0996384,-0.203461501,0.047785936,-4.257769473,2.06e-05,0.000227549,"yes","down",0.408207529142943,0.343974569616845,"constitutive","Leaf_Shoot","rosette_vegetative"
"AT1G53200",141.6666143,0.174292657,0.056135515,3.104855416,0.001903721,0.009648765,"yes","up",0.418966120018084,0.131736946214431,"constitutive","Leaf_Shoot","shoot_apex_transition"
"AT1G53350",136.5687027,0.223573045,0.05469965,4.087284729,4.36e-05,0.000425671,"yes","up",0.531505379163661,0.493802968129963,"constitutive","Leaf_Shoot","cotyledon"
"AT1G53750",2827.526869,0.158938001,0.046127355,3.445634405,0.000569721,0.003580385,"yes","up",0.383661683946659,0.198280323568381,"constitutive","Seed_Silique","seed_stage_9"
"AT1G53850",743.3260938,0.188268796,0.053612373,3.511666906,0.000445306,0.002926455,"yes","up",0.426186131010671,0.275801582152812,"constitutive","Leaf_Shoot","shoot_apex_transition"
"AT1G53980",2.56126142,0.793345276,0.275227588,2.882506376,0.003945252,0.017409475,"yes","up",0.571950836859175,0.498671139547324,"constitutive","Flower","mature_pollen"
"AT1G54080",1402.379764,0.08798546,0.020549923,4.281547043,1.86e-05,0.000207253,"yes","up",0.235426515459965,0.108466074353505,"constitutive","Flower","stamen"
"AT1G54115",316.9929438,0.178732394,0.046539666,3.840431415,0.000122818,0.001008076,"yes","up",0.368374395166779,0.199831468587119,"constitutive","Leaf_Shoot","senescing_leaf"
"AT1G54180",66.39899888,-0.233593963,0.064676196,-3.611745532,0.000304143,0.002126204,"yes","down",0.531336049877466,0.439849130794314,"constitutive","Leaf_Shoot","shoot_apex_transition"
"AT1G54250",151.8218517,0.148748029,0.044775251,3.32210371,0.000893415,0.005197549,"yes","up",0.426605841576197,0.269481770474705,"constitutive","Leaf_Shoot","shoot_apex_transition"
"AT1G54310",216.7084635,-0.111060488,0.045397271,-2.446413299,0.01442855,0.049131518,"yes","down",0.549035012012474,0.308345256079081,"constitutive","Leaf_Shoot","shoot_apex_vegetative_with_leaves"
"AT1G54360",417.744572,0.084567811,0.031888856,2.651954975,0.008002721,0.030698955,"yes","up",0.437677810685759,0.0540261890617492,"constitutive","Seed_Silique","seed_stage_7"
"AT1G54500",1788.75373,-0.220822907,0.049757878,-4.437948667,9.08e-06,0.000113576,"yes","down",0.586658024463147,0.526147970995616,"constitutive","Leaf_Shoot","cotyledon"
"AT1G54580",1831.872318,-0.174937473,0.032396862,-5.399827758,6.67e-08,1.73e-06,"yes","down",0.557498185662027,0.314602629964921,"constitutive","Seed_Silique","seed_stage_6"
"AT1G54780",4538.421423,-0.098152719,0.037183106,-2.639712714,0.008297633,0.031650503,"yes","down",0.552252522133767,0.550162002280444,"constitutive","Seedling","whole_plant_pre_bolting"
"AT1G54940",19.94969452,-0.468901685,0.143133097,-3.275983645,0.001052947,0.005990327,"yes","down",0.542040948420591,0.526411657240169,"constitutive","Flower","flower_stage_10_11"
"AT1G55170",110.2229122,0.136743403,0.045129301,3.030035881,0.002445247,0.011794926,"yes","up",0.466906044048129,0.240959681952708,"constitutive","Seed_Silique","seed_stage_9"
"AT1G55325",636.0652656,0.085762468,0.034712537,2.470648261,0.01348684,0.046575634,"yes","up",0.457226890967336,0.204870596053016,"constitutive","Leaf_Shoot","senescing_leaf"
"AT1G55330",833.8952331,-0.420517886,0.124272474,-3.383837731,0.000714802,0.004329403,"yes","down",0.458994195324456,0.270142830035157,"constitutive","Flower","petal"
"AT1G55460",416.9377646,0.153710469,0.033663489,4.566088435,4.97e-06,6.84e-05,"yes","up",0.337891669347012,0.104696473504566,"constitutive","Seed_Silique","seed_stage_10"
"AT1G55620",276.870047,0.12007025,0.03476764,3.453505846,0.00055335,0.003492539,"yes","up",0.378620331901404,0.23010454087745,"constitutive","Seed_Silique","seed_stage_6"
"AT1G55670",19257.04404,-0.11884326,0.045619799,-2.605080756,0.009185261,0.034243896,"yes","down",0.516022426944301,0.488395687637039,"constitutive","Seedling","whole_plant_pre_bolting"
"AT1G55805",305.2116922,-0.161589609,0.058366244,-2.768545598,0.005630711,0.023104045,"yes","down",0.419277475605761,0.103672625978808,"constitutive","Leaf_Shoot","rosette_vegetative"
"AT1G55820",197.9291517,0.239833488,0.063243588,3.792218241,0.000149308,0.001187408,"yes","up",0.467874872883141,0.206035332860222,"constitutive","Leaf_Shoot","shoot_apex_transition"
"AT1G55840",791.0650577,0.130004545,0.036384607,3.573064465,0.000352828,0.002403818,"yes","up",0.37786618626314,0.0962214365538163,"constitutive","Flower","pedicel"
"AT1G55860",1677.434185,0.196362424,0.042041356,4.670696716,3e-06,4.43e-05,"yes","up",0.427681465216414,0.324313656133304,"constitutive","Leaf_Shoot","senescing_leaf"
"AT1G55890",447.8909098,-0.153142824,0.050065079,-3.0588751,0.002221698,0.010938195,"yes","down",0.547613787043729,0.271100023955315,"constitutive","Leaf_Shoot","shoot_apex_vegetative"
"AT1G55960",893.0746083,-0.452282176,0.161869497,-2.794116157,0.005204178,0.021747579,"yes","down",0.519797818160849,0.382705563258447,"constitutive","Leaf_Shoot","senescing_leaf"
"AT1G55970",151.2841836,-0.102667805,0.041726491,-2.460494562,0.013874567,0.047656299,"yes","down",0.522920406123077,0.346542880352991,"constitutive","Seed_Silique","seed_stage_8"
"AT1G56330",1557.769332,-0.199254154,0.049048763,-4.062368616,4.86e-05,0.000466594,"yes","down",0.324799248950416,0.237380173098143,"constitutive","Seed_Silique","seed_stage_6"
"AT1G56340",3750.204281,-0.155968732,0.058342836,-2.673314209,0.007510587,0.029162751,"yes","down",0.475876044117171,0.262738512233259,"constitutive","Flower","flower_stage_9"
"AT1G57660",2853.505986,-0.225675126,0.045583935,-4.95076012,7.39e-07,1.35e-05,"yes","down",0.461682494914738,0.129012324839579,"constitutive","Leaf_Shoot","shoot_apex_vegetative"
"AT1G57700",157.814533,0.221670369,0.044537605,4.97715062,6.45e-07,1.21e-05,"yes","up",0.358746134891417,0.215780373908262,"constitutive","Flower","inflorescence_apex"
"AT1G58080",2405.231192,-0.105936656,0.030440809,-3.480086773,0.000501251,0.003224011,"yes","down",0.501903215715793,0.344843524528484,"constitutive","Leaf_Shoot","rosette_leaf"
"AT1G58410",43.06586675,0.457228972,0.084259608,5.42643129,5.75e-08,1.53e-06,"yes","up",0.408216337061772,0.360089585500299,"constitutive","Leaf_Shoot","senescing_leaf"
"AT1G58440",582.5384195,-0.117117055,0.044628134,-2.62428751,0.008683045,0.032754909,"yes","down",0.530238013236735,0.398130161735293,"constitutive","Seed_Silique","seed_stage_6"
"AT1G58848",1079.559079,0.165077441,0.055506704,2.974009063,0.002939364,0.013739763,"yes","up",0.589729941713066,0.505016109988986,"constitutive","Leaf_Shoot","cauline_leaf"
"AT1G59600",218.310165,-0.101589081,0.039429468,-2.576476095,0.009981311,0.036569698,"yes","down",0.480322740755344,0.244817650428164,"constitutive","Leaf_Shoot","shoot_apex_transition"
"AT1G59660",331.543016,1.65441549,0.211281464,7.830386342,4.86e-15,7.49e-13,"yes","up",0.546100932728729,0.602317483330509,"constitutive","Flower","inflorescence_apex"
"AT1G59725",10.27853723,-0.35628308,0.143968221,-2.474734193,0.013333537,0.04615472,"yes","down",0.571259542868813,0.456590533281937,"constitutive","Flower","mature_pollen"
"AT1G59760",655.8821991,-0.073211629,0.028664113,-2.554121562,0.010645608,0.038518638,"yes","down",0.448846152671544,0.123328480536909,"constitutive","Leaf_Shoot","shoot_apex_transition"
"AT1G59910",365.6134343,0.61486786,0.163421895,3.762457042,0.000168252,0.001302632,"yes","up",0.474067109196727,0.309207288441161,"constitutive","Seed_Silique","seed_stage_8"
"AT1G60000",1088.695014,-0.202238741,0.069130694,-2.925455111,0.003439528,0.015595305,"yes","down",0.562317780626921,0.440275910457673,"constitutive","Leaf_Shoot","rosette_vegetative"
"AT1G60260",143.7186469,0.240667155,0.091989486,2.616246321,0.00889024,0.03338159,"yes","up",0.450658979951756,0.462244096185428,"constitutive","Flower","flower_stage_10_11"
"AT1G60420",579.2882178,0.198387278,0.04558143,4.352370646,1.35e-05,0.000158653,"yes","up",0.384375718427042,0.419707591011924,"constitutive","Flower","sepal"
"AT1G60460",30.33487382,0.371972486,0.096631509,3.849391243,0.000118412,0.000978381,"yes","up",0.512191925212933,0.27618858957133,"constitutive","Seed_Silique","seed_stage_10"
"AT1G60490",503.3865087,0.117125404,0.046971253,2.493555014,0.012647098,0.044223497,"yes","up",0.565510406356329,0.149955618783652,"constitutive","Leaf_Shoot","senescing_leaf"
"AT1G60560",156.3677777,-0.120841843,0.043403745,-2.784133996,0.005367086,0.022273918,"yes","down",0.464921972530501,0.349744108881054,"constitutive","Flower","inflorescence_apex"
"AT1G60750",25.54443229,0.494595564,0.163619835,3.022833785,0.002504197,0.012025147,"yes","up",0.572649854843959,0.565687866113667,"constitutive","Root","root"
"AT1G60930",72.60909764,0.215088058,0.062872605,3.421013929,0.000623881,0.003867146,"yes","up",0.346367231725283,0.16085910075279,"constitutive","Flower","mature_pollen"
"AT1G60950",28551.47348,-0.28495791,0.068814151,-4.140978369,3.46e-05,0.00035003,"yes","down",0.491680388458425,0.45301288826795,"constitutive","Seedling","whole_plant_pre_bolting"
"AT1G61010",530.8655361,-0.058846548,0.023458833,-2.508502822,0.0121244,0.042740912,"yes","down",0.451640553376078,0.281352468072755,"constitutive","Leaf_Shoot","shoot_apex_transition"
"AT1G61140",400.1051793,0.267258434,0.046252381,5.778263222,7.55e-09,2.63e-07,"yes","up",0.584100039745507,0.413560741651021,"constitutive","Seed_Silique","seed_stage_9"
"AT1G61150",511.2562003,0.117400842,0.029611206,3.964743684,7.35e-05,0.000658063,"yes","up",0.302366361796913,0.145717906603761,"constitutive","Leaf_Shoot","senescing_leaf"
"AT1G61520",29036.15932,-0.228028723,0.075842138,-3.0066231,0.002641671,0.012587852,"yes","down",0.55926348707724,0.523922295700337,"constitutive","Seedling","whole_plant_pre_bolting"
"AT1G61790",1183.840812,-0.112381442,0.035952019,-3.125872936,0.001772781,0.009102543,"yes","down",0.43539956804047,0.186387814955399,"constitutive","Flower","mature_pollen"
"AT1G61890",496.1615533,0.244236431,0.09789674,2.494837218,0.012601492,0.044103662,"yes","up",0.562255583949411,0.192526787175552,"constitutive","Seed_Silique","seed_stage_9"
"AT1G62050",172.4717461,-0.225554662,0.065649822,-3.435723895,0.000590973,0.003694247,"yes","down",0.536692783197048,0.242632335829924,"constitutive","Seed_Silique","seed_stage_6"
"AT1G62130",86.95971728,0.162862625,0.065337091,2.49265191,0.012679308,0.044306156,"yes","up",0.512981444229933,0.136956990226377,"constitutive","Flower","flower_stage_9"
"AT1G62330",359.1290815,-0.157005614,0.037689319,-4.165785398,3.1e-05,0.00031996,"yes","down",0.438148287872026,0.248037132653451,"constitutive","Flower","carpel"
"AT1G62390",2853.624754,-0.1324783,0.04115551,-3.218968707,0.001286525,0.007064351,"yes","down",0.514039295482305,0.218417958741089,"constitutive","Leaf_Shoot","shoot_apex_vegetative_with_leaves"
"AT1G62730",139.4324713,0.778507284,0.118228809,6.584751112,4.56e-11,2.9e-09,"yes","up",0.343229008627571,0.238363929101844,"constitutive","Flower","mature_pollen"
"AT1G62830",217.0183514,-0.092364734,0.035753725,-2.583359775,0.009784323,0.035993422,"yes","down",0.550314350698307,0.243467844015089,"constitutive","Seed_Silique","seed_stage_6"
"AT1G63050",279.7715212,-0.187432788,0.046326114,-4.045942398,5.21e-05,0.000495347,"yes","down",0.573559890963389,0.352891652464474,"constitutive","Seed_Silique","seed_stage_6"
"AT1G63090",228.1383756,0.456811213,0.071442794,6.394083819,1.62e-10,8.81e-09,"yes","up",0.559594827414797,0.345427627894772,"constitutive","Leaf_Shoot","cotyledon"
"AT1G63430",403.7624129,0.121427167,0.03901751,3.112119825,0.001857491,0.009465333,"yes","up",0.498785648798702,0.318719665557427,"constitutive","Leaf_Shoot","stem"
"AT1G63490",302.4647746,0.16737833,0.041297126,4.053026135,5.06e-05,0.000482525,"yes","up",0.422393748733838,0.345884904187991,"constitutive","Flower","mature_pollen"
"AT1G63740",151.182175,0.211381247,0.081355246,2.59824975,0.009370032,0.034778736,"yes","up",0.372382721016364,0.193553663404454,"constitutive","Seed_Silique","seed_stage_10"
"AT1G63830",407.9619678,0.441411291,0.07520386,5.86952974,4.37e-09,1.61e-07,"yes","up",0.280919765919246,0.19876150912877,"constitutive","Leaf_Shoot","senescing_leaf"
"AT1G63850",374.7742721,-0.154559441,0.052038514,-2.970097143,0.002977056,0.013885663,"yes","down",0.436693573459377,0.195765946392089,"constitutive","Leaf_Shoot","shoot_apex_transition"
"AT1G63870",1.795922796,0.796501606,0.299555887,2.658941587,0.007838655,0.030207719,"yes","up",0.595750752203452,0.228938314085233,"constitutive","Flower","mature_pollen"
"AT1G64355",488.0127863,-0.178921118,0.047687338,-3.75196277,0.000175456,0.001350755,"yes","down",0.487135093090018,0.418718827688265,"constitutive","Leaf_Shoot","rosette_vegetative"
"AT1G64440",319.0723719,0.204649082,0.067585179,3.028017175,0.002461641,0.011854599,"yes","up",0.522139764891496,0.47353892621855,"constitutive","Flower","petal"
"AT1G64520",1512.522189,0.215259876,0.056847359,3.786629347,0.000152705,0.00120782,"yes","up",0.38078675822716,0.208440192210654,"constitutive","Flower","inflorescence_apex"
"AT1G64620",107.3341252,0.749481726,0.12167692,6.15960468,7.29e-10,3.33e-08,"yes","up",0.56668668705199,0.41005210437984,"constitutive","Leaf_Shoot","stem"
"AT1G64750",660.5851386,-0.092870819,0.033034871,-2.811296598,0.004934228,0.020879457,"yes","down",0.432579495955102,0.233254176562044,"constitutive","Flower","inflorescence_apex"
"AT1G64770",1649.966659,-0.177853966,0.055478887,-3.205795509,0.001346897,0.00735133,"yes","down",0.562073957387893,0.527421261830735,"constitutive","Flower","pedicel"
"AT1G64990",392.256614,0.228040407,0.053767019,4.241269257,2.22e-05,0.000242113,"yes","up",0.231670063354752,0.210051052879728,"constitutive","Leaf_Shoot","stem"
"AT1G65520",143.7692886,0.237413993,0.06735583,3.52477273,0.000423846,0.002805765,"yes","up",0.590996363912174,0.331931528567392,"constitutive","Seed_Silique","seed_stage_10"
"AT1G65580",555.2077868,0.081513415,0.032261588,2.526639875,0.011515952,0.041019271,"yes","up",0.463153499152726,0.200322960132793,"constitutive","Flower","petal"
"AT1G65650",469.6900691,-0.100340498,0.03273133,-3.065579566,0.002172486,0.010741183,"yes","down",0.389441334634738,0.206710181716181,"constitutive","Flower","inflorescence_apex"
"AT1G65820",1142.817549,0.247657569,0.050052564,4.947949671,7.5e-07,1.37e-05,"yes","up",0.548655152314564,0.501006982752448,"constitutive","Leaf_Shoot","senescing_leaf"
"AT1G66130",345.9360895,-0.198175032,0.07262773,-2.7286414,0.006359582,0.025433829,"yes","down",0.590337869929566,0.457193632013336,"constitutive","Seed_Silique","seed_stage_9"
"AT1G66150",1026.258761,-0.195080098,0.079242624,-2.46180765,0.013823878,0.047502956,"yes","down",0.539226058959221,0.338331095377843,"constitutive","Flower","petal"
"AT1G66340",398.2568725,0.107542472,0.035713354,3.011267794,0.002601593,0.012427022,"yes","up",0.371665768257544,0.168923681897306,"constitutive","Leaf_Shoot","senescing_leaf"
"AT1G66410",1662.500788,0.08416558,0.03135304,2.684447235,0.007264985,0.028377381,"yes","up",0.439360072421502,0.348014234608463,"constitutive","Seed_Silique","seed_stage_9"
"AT1G66520",204.5552516,-0.233863523,0.064285183,-3.63790708,0.000274863,0.001950688,"yes","down",0.488837092111117,0.284943925149929,"constitutive","Leaf_Shoot","shoot_apex_vegetative_with_leaves"
"AT1G66530",423.5725488,-0.10715861,0.037085299,-2.889517256,0.003858338,0.017128552,"yes","down",0.542368542678747,0.39827047666836,"constitutive","Flower","inflorescence_apex"
"AT1G66590",78.89716998,0.29485655,0.074167514,3.975548499,7.02e-05,0.000634918,"yes","up",0.539294339028294,0.098138471620668,"constitutive","Flower","mature_pollen"
"AT1G66660",102.0153309,0.362585591,0.063164772,5.740313438,9.45e-09,3.18e-07,"yes","up",0.41577712160609,0.173107503940087,"constitutive","Leaf_Shoot","shoot_apex_transition"
"AT1G66680",509.9096027,0.105213783,0.04159908,2.529233412,0.011431198,0.04076666,"yes","up",0.34863955378253,0.374722949979528,"constitutive","Flower","inflorescence_apex"
"AT1G66750",153.2715632,0.530575255,0.094725497,5.60118732,2.13e-08,6.43e-07,"yes","up",0.285461088546104,0.119121983365898,"constitutive","Seed_Silique","seed_stage_10"
"AT1G66780",11.57250144,2.008957833,0.298648389,6.726832974,1.73e-11,1.19e-09,"yes","up",0.46580760987262,0.158803358314483,"constitutive","Flower","mature_pollen"
"AT1G67060",181.9706192,0.234547785,0.085754744,2.735099806,0.006236136,0.025047614,"yes","up",0.55940406807009,0.438434796033093,"constitutive","Leaf_Shoot","stem"
"AT1G67230",1794.697881,-0.227643826,0.063760243,-3.570309885,0.000356559,0.00242171,"yes","down",0.430765915528499,0.205343139068489,"constitutive","Flower","inflorescence_apex"
"AT1G67250",506.28215,0.290048073,0.062285175,4.656775432,3.21e-06,4.71e-05,"yes","up",0.389239197497312,0.264213823636478,"constitutive","Flower","inflorescence_apex"
"AT1G67280",2773.92431,-0.0781851,0.028019916,-2.790340244,0.005265268,0.021948392,"yes","down",0.597875306589299,0.474208458420812,"constitutive","Leaf_Shoot","cauline_leaf"
"AT1G67300",200.4309932,0.192885421,0.053895593,3.578871864,0.000345081,0.002359903,"yes","up",0.52596727407777,0.42139936515804,"constitutive","Seed_Silique","seed_stage_9"
"AT1G67350",983.7577004,-0.075685646,0.026734482,-2.831012291,0.004640094,0.019894676,"yes","down",0.341284220593527,0.314740803123012,"constitutive","Flower","stamen"
"AT1G67430",6428.713824,-0.209010981,0.039143359,-5.339628111,9.31e-08,2.31e-06,"yes","down",0.393659992617269,0.20373471618178,"constitutive","Leaf_Shoot","shoot_apex_vegetative"
"AT1G67460",13.37542071,0.599082701,0.144273268,4.15241651,3.29e-05,0.000336593,"yes","up",0.590856111617274,0.207545462811408,"constitutive","Leaf_Shoot","hypocotyl"
"AT1G67650",41.84936134,0.660556692,0.09910478,6.665235423,2.64e-11,1.75e-09,"yes","up",0.416889214059875,0.270230520198355,"constitutive","Flower","mature_pollen"
"AT1G67850",148.081874,0.3805632,0.07366909,5.165846384,2.39e-07,5.13e-06,"yes","up",0.5228762243953,0.180209468838838,"constitutive","Flower","mature_pollen"
"AT1G67890",404.7246833,0.10144433,0.037005769,2.741311213,0.006119452,0.02469677,"yes","up",0.33016533111563,0.200232668625324,"constitutive","Leaf_Shoot","cotyledon"
"AT1G68130",265.3194475,-0.159209614,0.064617743,-2.463868394,0.013744657,0.047313492,"yes","down",0.529674777006501,0.243902639654915,"constitutive","Flower","petal"
"AT1G68300",421.0813907,0.315754965,0.052867838,5.972534068,2.34e-09,9.32e-08,"yes","up",0.573662548721708,0.575299449749964,"constitutive","Root","root"
"AT1G68650",121.7545554,-0.181562683,0.064638069,-2.808912553,0.004970915,0.021009009,"yes","down",0.415129912310863,0.445836102595918,"constitutive","Flower","inflorescence_apex"
"AT1G69010",246.8176148,-0.171697454,0.037172179,-4.618977427,3.86e-06,5.51e-05,"yes","down",0.474950442419645,0.220545080430397,"constitutive","Seed_Silique","seed_stage_9"
"AT1G69160",197.4776354,-0.458562504,0.085433136,-5.367501721,7.98e-08,2.01e-06,"yes","down",0.596332939812284,0.419426602161623,"constitutive","Leaf_Shoot","hypocotyl"
"AT1G69550",306.4320653,0.194452251,0.063727466,3.051309945,0.002278452,0.011154716,"yes","up",0.578997044434826,0.544051800554844,"constitutive","Leaf_Shoot","senescing_leaf"
"AT1G69620",3476.491144,-0.20116935,0.035410668,-5.681038,1.34e-08,4.34e-07,"yes","down",0.405433142695236,0.147703111011627,"constitutive","Flower","inflorescence_apex"
"AT1G69680",109.6267098,0.130827743,0.050074684,2.612652382,0.008984263,0.033649664,"yes","up",0.489648852127884,0.222272251032638,"constitutive","Flower","petal"
"AT1G69740",2934.047121,-0.111161621,0.032524825,-3.41774696,0.000631418,0.00390667,"yes","down",0.562981220194868,0.415190798990388,"constitutive","Leaf_Shoot","rosette_vegetative"
"AT1G70060",639.2673452,0.118218401,0.035952572,3.288176502,0.001008386,0.005769583,"yes","up",0.532895731223446,0.132817258929189,"constitutive","Seed_Silique","seed_stage_9"
"AT1G70070",1061.478903,-0.204582483,0.042759386,-4.784504749,1.71e-06,2.75e-05,"yes","down",0.510361033418585,0.426283578200966,"constitutive","Leaf_Shoot","rosette_vegetative"
"AT1G70130",1.857354709,0.721270504,0.295668542,2.439456353,0.014709379,0.049948747,"yes","up",0.577139947205242,0.384646315881578,"constitutive","Leaf_Shoot","hypocotyl"
"AT1G70200",1099.595932,-0.164907556,0.047648916,-3.460887892,0.000538397,0.003418086,"yes","down",0.59544280030245,0.483051052369367,"constitutive","Leaf_Shoot","rosette_vegetative"
"AT1G70280",558.3041089,-0.197442219,0.072471546,-2.724410191,0.006441645,0.02570225,"yes","down",0.502323226381394,0.279032665137534,"constitutive","Seed_Silique","silique_stage_3"
"AT1G70350",142.5818098,-0.154835712,0.049157319,-3.149799796,0.001633824,0.008530261,"yes","down",0.524972773723063,0.21387894306672,"constitutive","Flower","inflorescence_apex"
"AT1G70490",2245.394223,0.128906446,0.027897155,4.620773964,3.82e-06,5.47e-05,"yes","up",0.415441760831434,0.130918649963699,"constitutive","Flower","mature_pollen"
"AT1G70520",250.9482974,0.480685211,0.130886618,3.67253139,0.00024016,0.001748929,"yes","up",0.575922370023395,0.421928324002894,"constitutive","Leaf_Shoot","cauline_leaf"
"AT1G70650",37.23489227,0.261086119,0.072766351,3.5880062,0.000333216,0.002290729,"yes","up",0.511503382732906,0.341464140804147,"constitutive","Leaf_Shoot","stem"
"AT1G70740",177.8372513,0.733688937,0.16556327,4.431471642,9.36e-06,0.0001162,"yes","up",0.564846324683865,0.217081717243126,"constitutive","Seed_Silique","seed_stage_10"
"AT1G70895",75.43746908,0.479916832,0.101565886,4.72517741,2.3e-06,3.55e-05,"yes","up",0.567051730773016,0.373755060349645,"constitutive","Flower","inflorescence_apex"
"AT1G70950",88.855111,-0.172281775,0.067356067,-2.557776636,0.010534373,0.038174755,"yes","down",0.55579391101993,0.549585304031788,"constitutive","Flower","pedicel"
"AT1G70980",362.3331143,0.242565006,0.061718551,3.93017989,8.49e-05,0.000741086,"yes","up",0.435849384395191,0.159699757991867,"constitutive","Leaf_Shoot","shoot_apex_transition"
"AT1G71020",390.5934044,-0.313605371,0.088894191,-3.527849989,0.00041895,0.002778812,"yes","down",0.584153613858099,0.311152090337574,"constitutive","Leaf_Shoot","rosette_vegetative"
"AT1G71070",445.5648228,-0.108873683,0.039732871,-2.74014137,0.006141276,0.024756328,"yes","down",0.366681080620298,0.258698643430881,"constitutive","Leaf_Shoot","stem"
"AT1G71170",243.9512471,0.710708499,0.103710575,6.852806456,7.24e-12,5.54e-10,"yes","up",0.563849770122763,0.214505897904028,"constitutive","Leaf_Shoot","senescing_leaf"
"AT1G71190",172.310144,0.131036571,0.050817455,2.578574048,0.009920903,0.036404959,"yes","up",0.461343238010911,0.367198337155067,"constitutive","Leaf_Shoot","senescing_leaf"
"AT1G71460",157.8371289,0.226540508,0.065973729,3.433798766,0.000595186,0.003717163,"yes","up",0.328770544447641,0.206542670932897,"constitutive","Leaf_Shoot","shoot_apex_vegetative_with_leaves"
"AT1G71900",293.3906106,-0.096547824,0.029266373,-3.298933637,0.000970529,0.005586879,"yes","down",0.458332789732688,0.195725675199352,"constitutive","Leaf_Shoot","shoot_apex_transition"
"AT1G72170",293.9291068,-0.091881224,0.032652949,-2.813872157,0.004894869,0.020734366,"yes","down",0.405116684680568,0.170856663021969,"constitutive","Leaf_Shoot","shoot_apex_transition"
"AT1G72310",227.11325,-0.169493849,0.042100603,-4.025924507,5.68e-05,0.000532781,"yes","down",0.403794809613894,0.410354645064842,"constitutive","Flower","inflorescence_apex"
"AT1G72370",8980.025625,-0.255158763,0.049659615,-5.138154275,2.77e-07,5.81e-06,"yes","down",0.394734684645738,0.223394990616935,"constitutive","Seed_Silique","seed_stage_6"
"AT1G72710",1753.222223,0.063372015,0.025940866,2.442941355,0.014568104,0.049540381,"yes","up",0.481229812902819,0.174487369320449,"constitutive","Leaf_Shoot","senescing_leaf"
"AT1G72840",89.37061537,0.224663846,0.08437468,2.662692713,0.007751817,0.029921987,"yes","up",0.57778375205028,0.511666455734156,"constitutive","Leaf_Shoot","shoot_apex_transition"
"AT1G73030",625.3568172,0.223109722,0.059118459,3.773943429,0.000160687,0.001257596,"yes","up",0.379558294536508,0.25643827981644,"constitutive","Seed_Silique","seed_stage_9"
"AT1G73060",1764.187591,-0.129203905,0.02798543,-4.616827571,3.9e-06,5.55e-05,"yes","down",0.578148587793295,0.49654754274249,"constitutive","Leaf_Shoot","cotyledon"
"AT1G73230",2518.383167,-0.175490896,0.039060775,-4.492765317,7.03e-06,9.12e-05,"yes","down",0.485648057233351,0.224365876369934,"constitutive","Seed_Silique","seed_stage_9"
"AT1G73320",69.39539929,-0.184250889,0.060103342,-3.065568147,0.002172569,0.010741183,"yes","down",0.410685255480526,0.215684064408046,"constitutive","Leaf_Shoot","shoot_apex_transition"
"AT1G73360",81.69814922,-0.241622543,0.088551778,-2.728601807,0.006360345,0.025433829,"yes","down",0.513547762343852,0.398237747191368,"constitutive","Leaf_Shoot","shoot_apex_vegetative"
"AT1G73740",159.6336494,0.209844114,0.050422349,4.161728252,3.16e-05,0.000324705,"yes","up",0.442033387517816,0.305514460314155,"constitutive","Flower","petal"
"AT1G73760",266.3996953,-0.170550326,0.059626132,-2.860328529,0.004232023,0.018488045,"yes","down",0.508790104787165,0.430701193114384,"constitutive","Flower","petal"
"AT1G73840",512.0624904,0.186725012,0.060069729,3.108471028,0.001880581,0.00955408,"yes","up",0.440580825709959,0.05312963763991,"constitutive","Seed_Silique","seed_stage_10"
"AT1G73930",425.6214155,-0.115065718,0.033800028,-3.404308361,0.000663318,0.004063514,"yes","down",0.305232860552453,0.258194621717786,"constitutive","Flower","inflorescence_apex"
"AT1G73950",165.891754,0.212478777,0.044041918,4.824466967,1.4e-06,2.33e-05,"yes","up",0.583666935067548,0.19183630461262,"constitutive","Leaf_Shoot","senescing_leaf"
"AT1G73980",332.1870226,0.106431478,0.040747984,2.611944639,0.009002883,0.0336972,"yes","up",0.546055758883086,0.487168834730676,"constitutive","Seed_Silique","seed_stage_7"
"AT1G74040",764.8508189,-0.115760735,0.040291593,-2.87307418,0.004064987,0.017860937,"yes","down",0.401840858062571,0.279071799088369,"constitutive","Leaf_Shoot","rosette_vegetative"
"AT1G74050",3230.376013,-0.130619439,0.028849637,-4.527593875,5.97e-06,7.97e-05,"yes","down",0.449860276213258,0.182861680517947,"constitutive","Flower","inflorescence_apex"
"AT1G74250",598.791294,0.083233785,0.029933705,2.780604161,0.005425785,0.022438953,"yes","up",0.526165896519988,0.0968426875624359,"constitutive","Seed_Silique","seed_stage_10"
"AT1G74270",957.7397616,-0.164343479,0.041792506,-3.932367211,8.41e-05,0.000736282,"yes","down",0.472608767130209,0.302966856679217,"constitutive","Leaf_Shoot","shoot_apex_vegetative"
"AT1G74330",179.3604873,0.337681636,0.124093217,2.721193349,0.00650467,0.025909867,"yes","up",0.578322034765342,0.333785875658477,"constitutive","Leaf_Shoot","stem"
"AT1G74390",135.5322717,0.447971656,0.119587937,3.745960245,0.000179705,0.001377174,"yes","up",0.48047250817421,0.286274761773244,"constitutive","Flower","inflorescence_apex"
"AT1G74400",30.6076555,0.988376342,0.2155892,4.584535505,4.55e-06,6.34e-05,"yes","up",0.514605282784763,0.108753346474377,"constitutive","Leaf_Shoot","shoot_apex_transition"
"AT1G74470",15655.734,-0.167184662,0.060644929,-2.756778909,0.005837381,0.023770007,"yes","down",0.581836713685816,0.490947126269143,"constitutive","Leaf_Shoot","rosette_vegetative"
"AT1G74800",233.8138952,-0.113699634,0.043555273,-2.610467709,0.009041851,0.033808609,"yes","down",0.54426927165032,0.334478048445044,"constitutive","Flower","mature_pollen"
"AT1G75020",156.5880587,0.477099861,0.119977628,3.976573534,6.99e-05,0.000632954,"yes","up",0.519383632182384,0.170456913621486,"constitutive","Leaf_Shoot","senescing_leaf"
"AT1G75190",81.35203498,-0.392648775,0.120969981,-3.245836469,0.001171061,0.006527647,"yes","down",0.506304294238922,0.366358586478777,"constitutive","Flower","inflorescence_apex"
"AT1G75350",3709.01267,-0.145062169,0.034286014,-4.230942979,2.33e-05,0.000252103,"yes","down",0.582206052203601,0.525000842941457,"constitutive","Leaf_Shoot","rosette_leaf"
"AT1G75440",222.7251743,0.237717521,0.091860838,2.587800471,0.009659091,0.035610535,"yes","up",0.587818973985317,0.50842886812626,"constitutive","Seed_Silique","seed_stage_10"
"AT1G75510",292.9042749,0.130570189,0.03954418,3.301881298,0.000960387,0.005532552,"yes","up",0.349082371863331,0.279747066181055,"constitutive","Flower","inflorescence_apex"
"AT1G75840",693.736374,-0.164342952,0.051313041,-3.202752125,0.001361211,0.007403743,"yes","down",0.452131545017803,0.256384503312067,"constitutive","Flower","inflorescence_apex"
"AT1G75860",203.6685465,0.242541697,0.056149209,4.319592403,1.56e-05,0.00018019,"yes","up",0.489204543516714,0.330178827348814,"constitutive","Seed_Silique","seed_stage_8"
"AT1G76580",239.3231073,0.16577462,0.059146004,2.802803409,0.005066054,0.021336804,"yes","up",0.476150918179554,0.26817749160203,"constitutive","Seed_Silique","seed_stage_9"
"AT1G76660",343.2780956,0.104170891,0.034421977,3.026290176,0.002475746,0.011907928,"yes","up",0.58971150555021,0.337921101858814,"constitutive","Leaf_Shoot","shoot_apex_transition"
"AT1G76700",233.8063541,0.509061886,0.123213009,4.131559574,3.6e-05,0.000362355,"yes","up",0.588615506401358,0.256587218622691,"constitutive","Seed_Silique","seed_stage_10"
"AT1G76780",119.2382474,0.384185165,0.083222858,4.616341875,3.91e-06,5.56e-05,"yes","up",0.586097251710737,0.174159477612751,"constitutive","Leaf_Shoot","hypocotyl"
"AT1G76810",3763.283218,0.122007249,0.030209064,4.038762949,5.37e-05,0.000507882,"yes","up",0.415079972597226,0.284075122693055,"constitutive","Leaf_Shoot","shoot_apex_transition"
"AT1G76880",663.7148785,-0.148876213,0.053130103,-2.802106627,0.005077009,0.021363858,"yes","down",0.382791695652577,0.230291647671638,"constitutive","Flower","flower_stage_10_11"
"AT1G76950",434.0838853,-0.089229096,0.032694955,-2.729139582,0.006349982,0.025405317,"yes","down",0.320486063962458,0.131433226338218,"constitutive","Flower","inflorescence_apex"
"AT1G77090",624.5866587,-0.16188897,0.052989147,-3.05513446,0.002249596,0.011038663,"yes","down",0.542690824347744,0.402430874617526,"constitutive","Leaf_Shoot","cotyledon"
"AT1G77440",619.4725846,0.185213489,0.052521139,3.526456086,0.000421161,0.00279034,"yes","up",0.376212267087912,0.184583446821674,"constitutive","Leaf_Shoot","shoot_apex_transition"
"AT1G77480",226.3238986,0.207897609,0.05161921,4.027524003,5.64e-05,0.000530226,"yes","up",0.50641285501836,0.0812393978802885,"constitutive","Leaf_Shoot","senescing_leaf"
"AT1G77540",209.6784487,0.184839243,0.048194943,3.835241409,0.000125441,0.001025675,"yes","up",0.317753853664492,0.377228740673694,"constitutive","Flower","inflorescence_apex"
"AT1G77710",542.4971541,0.171344785,0.04112543,4.166394951,3.09e-05,0.000319386,"yes","up",0.376461519027134,0.085455182879599,"constitutive","Flower","sepal"
"AT1G77940",3656.745294,-0.150505956,0.039368966,-3.822959283,0.00013186,0.001068261,"yes","down",0.507217483714944,0.339725970805291,"constitutive","Seed_Silique","seed_stage_9"
"AT1G78080",1359.456468,0.340632132,0.041212689,8.265224701,1.39e-16,2.96e-14,"yes","up",0.510934389460222,0.432694828334411,"constitutive","Seed_Silique","seed_stage_7"
"AT1G78150",1137.55842,0.715938784,0.12233547,5.852258405,4.85e-09,1.78e-07,"yes","up",0.429502823133695,0.44931116642738,"constitutive","Root","root"
"AT1G78200",183.8534748,0.199304437,0.040993488,4.861856063,1.16e-06,1.97e-05,"yes","up",0.599019785679435,0.311223142107046,"constitutive","Leaf_Shoot","senescing_leaf"
"AT1G78280",331.5930415,0.249314979,0.062525293,3.987425974,6.68e-05,0.000611233,"yes","up",0.558525645250631,0.220585729085949,"constitutive","Flower","mature_pollen"
"AT1G78380",7815.916192,0.183693163,0.049496565,3.711230529,0.000206254,0.001543501,"yes","up",0.368060016869996,0.319432732605383,"constitutive","Flower","sepal"
"AT1G78580",872.2602753,-0.175459415,0.0640896,-2.73772054,0.006186662,0.024887063,"yes","down",0.489878574664938,0.406629379794912,"constitutive","Leaf_Shoot","shoot_apex_transition"
"AT1G78620",596.3816741,0.266704509,0.052734054,5.057538508,4.25e-07,8.41e-06,"yes","up",0.537511631595268,0.453713194965701,"constitutive","Leaf_Shoot","cotyledon"
"AT1G78700",284.9254663,0.279270862,0.073346958,3.807531592,0.000140361,0.001126183,"yes","up",0.314893192847051,0.0606551071864133,"constitutive","Flower","mature_pollen"
"AT1G79040",25862.01126,-0.151121434,0.045935814,-3.289839021,0.001002447,0.005745365,"yes","down",0.444318379560139,0.430621435514319,"constitutive","Seedling","whole_plant_pre_bolting"
"AT1G79610",235.6260561,0.768510888,0.125396294,6.128657081,8.86e-10,3.89e-08,"yes","up",0.544228852942326,0.492152391196576,"constitutive","Seed_Silique","seed_stage_7"
"AT1G79820",238.1750912,0.687118168,0.132567702,5.183149125,2.18e-07,4.74e-06,"yes","up",0.524923488313591,0.534352451528516,"constitutive","Flower","inflorescence_apex"
"AT1G80040",781.118081,0.078446537,0.024027085,3.264921175,0.001094945,0.006177872,"yes","up",0.598479524023611,0.274011389662297,"constitutive","Seed_Silique","seed_stage_10"
"AT1G80060",40.21365345,0.31699825,0.067650003,4.685857158,2.79e-06,4.15e-05,"yes","up",0.595401384995495,0.461160617675232,"constitutive","Leaf_Shoot","shoot_apex_transition"
"AT1G80350",359.720302,-0.123703841,0.04700307,-2.631824729,0.008492766,0.032191668,"yes","down",0.429055995694531,0.218054056858964,"constitutive","Leaf_Shoot","shoot_apex_transition"
"AT1G80640",675.8274118,-0.166649293,0.051759643,-3.219676243,0.001283354,0.007051868,"yes","down",0.574530973905004,0.475297474387897,"constitutive","Flower","inflorescence_apex"
"AT1G80670",434.0887398,0.125552575,0.050387317,2.491749578,0.012711563,0.04439912,"yes","up",0.432094387035495,0.17372780662432,"constitutive","Leaf_Shoot","shoot_apex_transition"
"AT1G80680",697.6698548,0.095222593,0.037354806,2.54913903,0.010798924,0.038987322,"yes","up",0.427894814794126,0.225642124320475,"constitutive","Leaf_Shoot","senescing_leaf"
"AT1G80790",645.5455933,0.07298198,0.025152651,2.901562182,0.003713071,0.016589882,"yes","up",0.39738644584724,0.350192964849326,"constitutive","Flower","inflorescence_apex"
"AT1G80850",199.7974176,0.47372043,0.100528248,4.712311614,2.45e-06,3.74e-05,"yes","up",0.595258286875114,0.441653817571992,"constitutive","Flower","carpel"
"AT1G80870",243.9299684,-0.256030743,0.061464435,-4.165510371,3.11e-05,0.000320206,"yes","down",0.572914313920182,0.374766538530215,"constitutive","Leaf_Shoot","hypocotyl"
"AT2G01120",143.3263334,0.225400987,0.063589847,3.544606527,0.0003932,0.002633208,"yes","up",0.576555523017934,0.398978701727661,"constitutive","Leaf_Shoot","shoot_apex_transition"
"AT2G01130",260.6718945,0.10979139,0.043832528,2.504792545,0.012252323,0.043108063,"yes","up",0.580179258682882,0.300095741273653,"constitutive","Leaf_Shoot","shoot_apex_transition"
"AT2G01250",7945.738368,-0.203673196,0.042614118,-4.779476968,1.76e-06,2.81e-05,"yes","down",0.428612203082359,0.0549791361506481,"constitutive","Leaf_Shoot","shoot_apex_vegetative"
"AT2G01270",491.8132419,0.165648905,0.043148609,3.839032377,0.00012352,0.001012075,"yes","up",0.367232659872231,0.133935915878721,"constitutive","Leaf_Shoot","cauline_leaf"
"AT2G01350",718.5877185,0.100399891,0.039862564,2.518651102,0.011780532,0.041835265,"yes","up",0.530617802460202,0.168248697577379,"constitutive","Flower","sepal"
"AT2G01440",396.0452218,0.247409227,0.057587785,4.296210135,1.74e-05,0.000197095,"yes","up",0.395918590308269,0.127108795672633,"constitutive","Leaf_Shoot","cauline_leaf"
"AT2G01490",689.7370045,0.132884381,0.036259025,3.664863624,0.00024747,0.00179496,"yes","up",0.555182130082822,0.380628717558815,"constitutive","Seed_Silique","seed_stage_10"
"AT2G01570",1091.669479,-0.117635519,0.036747634,-3.201172607,0.001368695,0.007439302,"yes","down",0.552220870792928,0.170544458982365,"constitutive","Leaf_Shoot","stem"
"AT2G01980",279.6756501,0.119348662,0.042277363,2.8229921,0.004757774,0.020303225,"yes","up",0.502282745858039,0.406873614937794,"constitutive","Leaf_Shoot","senescing_leaf"
"AT2G02130",1911.407483,-0.146321204,0.040828893,-3.583766123,0.000338675,0.002322162,"yes","down",0.550620961044433,0.515362408849896,"constitutive","Root","root"
"AT2G02220",401.9329383,0.457360283,0.090287209,5.065615476,4.07e-07,8.13e-06,"yes","up",0.556951026590592,0.425209140992508,"constitutive","Seedling","seedling_green_parts"
"AT2G02230",153.1214863,0.361780461,0.059051113,6.126564625,8.98e-10,3.93e-08,"yes","up",0.583174501775355,0.367366029733904,"constitutive","Seed_Silique","seed_stage_10"
"AT2G02370",109.9335205,0.276450591,0.073364729,3.768167526,0.00016445,0.00127898,"yes","up",0.56380914148047,0.265428733399825,"constitutive","Leaf_Shoot","senescing_leaf"
"AT2G02480",345.4499175,-0.170103427,0.040606047,-4.18911566,2.8e-05,0.000294183,"yes","down",0.568376673251936,0.366435590173031,"constitutive","Leaf_Shoot","shoot_apex_transition"
"AT2G02760",856.2744768,0.122412176,0.043992741,2.782553946,0.00539329,0.02233199,"yes","up",0.454636643173021,0.310953906400541,"constitutive","Seed_Silique","seed_stage_8"
"AT2G02800",647.1043529,0.190770393,0.046407722,4.110746788,3.94e-05,0.000390948,"yes","up",0.453042225153593,0.424941784768073,"constitutive","Root","root"
"AT2G02860",323.8603271,0.304555615,0.079232956,3.843799752,0.000121144,0.000996415,"yes","up",0.56188571979325,0.325616640574333,"constitutive","Seed_Silique","seed_stage_10"
"AT2G03050",90.41731415,-0.167469386,0.052253587,-3.204935719,0.001350926,0.007363194,"yes","down",0.533027850323643,0.248999950810146,"constitutive","Flower","mature_pollen"
"AT2G03220",267.610232,0.187066057,0.056525169,3.309429404,0.000934863,0.005405331,"yes","up",0.468409958916879,0.392472637599416,"constitutive","Flower","pedicel"
"AT2G03240",454.0186515,0.218905149,0.076880475,2.847343867,0.004408571,0.019073641,"yes","up",0.599592200240142,0.526741340375347,"constitutive","Flower","inflorescence_apex"
"AT2G03430",133.8672515,0.229359068,0.071738901,3.197136624,0.001387992,0.007535497,"yes","up",0.303602382374048,0.287806714874878,"constitutive","Flower","inflorescence_apex"
"AT2G03510",550.8998501,0.164504754,0.051676854,3.18333533,0.001455889,0.007801698,"yes","up",0.516261628658019,0.224235459821743,"constitutive","Seed_Silique","silique_stage_3"
"AT2G03780",235.9345818,-0.179955208,0.040894227,-4.400503949,1.08e-05,0.000131706,"yes","down",0.560958699797603,0.185000069579577,"constitutive","Leaf_Shoot","shoot_apex_vegetative"
"AT2G03870",401.9311304,0.327512569,0.080687124,4.059043771,4.93e-05,0.000471786,"yes","up",0.440312146333046,0.302646295629754,"constitutive","Flower","inflorescence_apex"
"AT2G04280",730.7155573,-0.12632673,0.046655877,-2.70762741,0.006776605,0.026824014,"yes","down",0.482654433079621,0.175797914209312,"constitutive","Leaf_Shoot","shoot_apex_transition"
"AT2G04390",1828.987949,-0.233901294,0.040561362,-5.766603611,8.09e-09,2.79e-07,"yes","down",0.382998895085432,0.133044956077368,"constitutive","Leaf_Shoot","shoot_apex_vegetative"
"AT2G04480",4.57988783,-0.715676738,0.199338292,-3.590262221,0.000330345,0.002273645,"yes","down",0.425863920166984,0.250005427125752,"constitutive","Flower","mature_pollen"
"AT2G04900",411.690541,0.148898433,0.048554149,3.066646943,0.002164744,0.010715982,"yes","up",0.595024307657621,0.415861027517973,"constitutive","Seed_Silique","seed_stage_10"
"AT2G04940",241.1657433,0.099811435,0.03938508,2.534244844,0.011268996,0.040310174,"yes","up",0.464699303743877,0.302136577716723,"constitutive","Leaf_Shoot","shoot_apex_transition"
"AT2G05210",182.8076007,-0.140052369,0.050817443,-2.755990103,0.005851477,0.023810955,"yes","down",0.365965125627555,0.342456886947508,"constitutive","Leaf_Shoot","shoot_apex_transition"
"AT2G05310",748.0227585,-0.155950993,0.05124389,-3.043309052,0.002339919,0.011396469,"yes","down",0.581857658107198,0.514261310835152,"constitutive","Leaf_Shoot","cotyledon"
"AT2G05620",1230.600842,-0.129724892,0.050329388,-2.577517754,0.009951277,0.036488015,"yes","down",0.590748621747596,0.515723415354019,"constitutive","Leaf_Shoot","cotyledon"
"AT2G05630",172.5298819,0.168585133,0.052621382,3.203738247,0.001356557,0.007388662,"yes","up",0.539363683309633,0.507581687715136,"constitutive","Seed_Silique","seed_stage_8"
"AT2G05790",1317.388963,-0.2035806,0.054466263,-3.737737581,0.000185684,0.001411519,"yes","down",0.577315069611323,0.506864038318541,"constitutive","Flower","inflorescence_apex"
"AT2G05840",1139.73949,0.377747588,0.078729961,4.798015663,1.6e-06,2.6e-05,"yes","up",0.292304474480169,0.194519708052948,"constitutive","Leaf_Shoot","shoot_apex_vegetative"
"AT2G05920",3132.435176,-0.174365704,0.045869331,-3.801356997,0.000143906,0.001151491,"yes","down",0.525011664668713,0.35957486433029,"constitutive","Seed_Silique","seed_stage_6"
"AT2G06210",657.124391,-0.107785265,0.034191988,-3.152354396,0.001619596,0.008475687,"yes","down",0.342700171101757,0.196524178078745,"constitutive","Flower","inflorescence_apex"
"AT2G06510",189.7817864,0.692198977,0.121758602,5.685010901,1.31e-08,4.25e-07,"yes","up",0.450388977988527,0.391854046873131,"constitutive","Flower","inflorescence_apex"
"AT2G06520",16739.35383,-0.176725601,0.041121997,-4.297592871,1.73e-05,0.000196153,"yes","down",0.522784873388464,0.494014249111471,"constitutive","Seedling","whole_plant_pre_bolting"
"AT2G06530",750.7936582,0.48905544,0.08593476,5.691008375,1.26e-08,4.11e-07,"yes","up",0.451854593770231,0.288931636494363,"constitutive","Flower","sepal"
"AT2G07050",1435.902808,-0.161194889,0.034141894,-4.721322415,2.34e-06,3.59e-05,"yes","down",0.443456207514896,0.20373061743884,"constitutive","Seed_Silique","seed_stage_6"
"AT2G07680",265.6592816,-0.135433523,0.048641646,-2.784312073,0.00536414,0.022272496,"yes","down",0.439094895522646,0.231189137661443,"constitutive","Leaf_Shoot","cotyledon"
"AT2G09990",1486.659006,-0.183900168,0.044043478,-4.175423352,2.97e-05,0.00030928,"yes","down",0.377099203601971,0.148937376669244,"constitutive","Flower","inflorescence_apex"
"AT2G11520",322.7757854,0.368319499,0.045178746,8.152494959,3.56e-16,6.83e-14,"yes","up",0.491989123867627,0.136901407998533,"constitutive","Flower","sepal"
"AT2G12550",113.2935104,0.260087222,0.096989851,2.681592145,0.007327273,0.028592255,"yes","up",0.538592430669208,0.241259753545359,"constitutive","Leaf_Shoot","senescing_leaf"
"AT2G13440",572.5698636,-0.11105636,0.033096711,-3.355510455,0.000792187,0.004709764,"yes","down",0.402403884628475,0.201072531621354,"constitutive","Leaf_Shoot","rosette_vegetative"
"AT2G14660",88.70669996,-0.23289937,0.09403416,-2.476752816,0.013258369,0.045927925,"yes","down",0.582316248255397,0.342107625940734,"constitutive","Leaf_Shoot","shoot_apex_vegetative"
"AT2G14880",927.1208708,-0.213146404,0.051994869,-4.09937377,4.14e-05,0.000407408,"yes","down",0.585915630774468,0.365332361684723,"constitutive","Leaf_Shoot","shoot_apex_vegetative_with_leaves"
"AT2G14890",2963.426125,-0.239121107,0.063506375,-3.765308682,0.000166343,0.001290254,"yes","down",0.579204108520635,0.332248356633292,"constitutive","Leaf_Shoot","stem"
"AT2G15290",1531.229671,-0.085102104,0.024966333,-3.40867451,0.000652793,0.004012215,"yes","down",0.42061920627763,0.403365765518798,"constitutive","Leaf_Shoot","rosette_leaf"
"AT2G15630",38.89163552,0.233847119,0.086734704,2.696119423,0.007015251,0.027566347,"yes","up",0.490071290593921,0.0883071022216647,"constitutive","Leaf_Shoot","shoot_apex_vegetative"
"AT2G15760",25.24785151,0.404471336,0.125929362,3.211890631,0.001318646,0.007213839,"yes","up",0.524222434866128,0.468250106117756,"constitutive","Root","root"
"AT2G15860",497.1266323,0.153047374,0.052368937,2.922483893,0.003472516,0.015728118,"yes","up",0.436087588106715,0.340752286411238,"constitutive","Leaf_Shoot","shoot_apex_transition"
"AT2G16280",1318.437133,-0.307039649,0.068860101,-4.45889049,8.24e-06,0.000104581,"yes","down",0.503262534464995,0.396698388852009,"constitutive","Leaf_Shoot","rosette_leaf"
"AT2G16370",368.2619928,-0.150799794,0.043166765,-3.493423529,0.00047687,0.003096762,"yes","down",0.590157946137146,0.284927377503239,"constitutive","Leaf_Shoot","shoot_apex_transition"
"AT2G16850",361.3757348,-0.60977586,0.147765892,-4.126634722,3.68e-05,0.000369097,"yes","down",0.367219869090682,0.267803555597858,"constitutive","Flower","inflorescence_apex"
"AT2G16870",35.14253171,0.307492599,0.072511229,4.2406204,2.23e-05,0.000242702,"yes","up",0.531202119554464,0.242119919225296,"constitutive","Leaf_Shoot","senescing_leaf"
"AT2G17120",382.1930317,0.538738009,0.08421196,6.397404947,1.58e-10,8.64e-09,"yes","up",0.51656768760333,0.21176755916043,"constitutive","Flower","sepal"
"AT2G17190",1077.306382,0.102517836,0.041124498,2.492865367,0.012671688,0.044292662,"yes","up",0.485970623315182,0.204973628344008,"constitutive","Leaf_Shoot","senescing_leaf"
"AT2G17350",210.8834538,0.178899033,0.063702838,2.808336947,0.004979809,0.021037463,"yes","up",0.343750208027874,0.123497652119422,"constitutive","Leaf_Shoot","senescing_leaf"
"AT2G17360",3972.624387,-0.181359198,0.035846143,-5.059378297,4.21e-07,8.35e-06,"yes","down",0.471730812181297,0.107371836477313,"constitutive","Leaf_Shoot","shoot_apex_vegetative"
"AT2G17410",710.5849674,-0.105007586,0.03751695,-2.798937156,0.005127111,0.021509414,"yes","down",0.460035990903287,0.27845886935236,"constitutive","Leaf_Shoot","shoot_apex_transition"
"AT2G17480",408.8222378,0.326085737,0.078401328,4.159186411,3.19e-05,0.00032791,"yes","up",0.519890149140531,0.270043939035345,"constitutive","Flower","petal"
"AT2G17570",59.93451889,0.236892025,0.063436129,3.734339218,0.000188209,0.001428411,"yes","up",0.574891358301742,0.334727691971186,"constitutive","Seed_Silique","seed_stage_10"
"AT2G17760",387.1941956,0.181801932,0.054106983,3.360045614,0.000779296,0.004642493,"yes","up",0.551259112478013,0.351124221920427,"constitutive","Seed_Silique","seed_stage_7"
"AT2G18020",10162.76729,-0.258286703,0.045215426,-5.712358115,1.11e-08,3.69e-07,"yes","down",0.319334315926036,0.0484591133219173,"constitutive","Flower","inflorescence_apex"
"AT2G18090",609.8486689,0.257298734,0.076657574,3.356468519,0.000789447,0.004697031,"yes","up",0.538107977881156,0.228131315081643,"constitutive","Seed_Silique","seed_stage_10"
"AT2G18190",6.587992184,2.327408053,0.376397761,6.183373801,6.27e-10,2.92e-08,"yes","up",0.503615578970742,0.135145885883829,"constitutive","Flower","mature_pollen"
"AT2G18720",13.56794875,1.860983977,0.319015661,5.833519175,5.43e-09,1.98e-07,"yes","up",0.538143513705963,0.406362432456648,"constitutive","Flower","stamen"
"AT2G18990",258.3162189,-0.132167117,0.041751445,-3.165569917,0.001547795,0.008184424,"yes","down",0.502460018712866,0.229697603236582,"constitutive","Leaf_Shoot","shoot_apex_transition"
"AT2G19460",62.07149788,0.2459418,0.073093266,3.364766868,0.000766084,0.004579987,"yes","up",0.4845989508776,0.269624649683347,"constitutive","Flower","carpel"
"AT2G19520",1057.585173,-0.198259784,0.042268242,-4.690514048,2.73e-06,4.07e-05,"yes","down",0.597895505850221,0.382025500752396,"constitutive","Leaf_Shoot","shoot_apex_transition"
"AT2G19720",105.5484565,-0.149346553,0.050149451,-2.97802968,0.002901079,0.013593149,"yes","down",0.57555981560597,0.370830697557617,"constitutive","Leaf_Shoot","shoot_apex_transition"
"AT2G19730",4791.847659,-0.228704059,0.040253076,-5.681654161,1.33e-08,4.33e-07,"yes","down",0.479577326915371,0.135904930217149,"constitutive","Leaf_Shoot","shoot_apex_vegetative"
"AT2G19780",96.35821737,-0.319142678,0.114516404,-2.786873041,0.005321932,0.022129814,"yes","down",0.565540650235909,0.370758996403753,"constitutive","Flower","inflorescence_apex"
"AT2G19940",940.7282132,-0.092891269,0.024499832,-3.791506387,0.000149736,0.001189664,"yes","down",0.428031357128905,0.360830986509119,"constitutive","Leaf_Shoot","shoot_apex_vegetative_with_leaves"
"AT2G20000",344.0852517,-0.099495406,0.030479231,-3.264367375,0.001097088,0.006187,"yes","down",0.57218220179051,0.357684569310502,"constitutive","Leaf_Shoot","shoot_apex_transition"
"AT2G20010",366.6693094,0.154599338,0.038864207,3.977936303,6.95e-05,0.000630755,"yes","up",0.493602508100996,0.51673994370785,"constitutive","Leaf_Shoot","stem"
"AT2G20180",240.2420957,-0.298521113,0.113335013,-2.633970781,0.008439275,0.032061085,"yes","down",0.538945004703082,0.393483801020401,"constitutive","Leaf_Shoot","rosette_vegetative"
"AT2G20480",24.23015873,-0.274426063,0.100898217,-2.719830651,0.006531536,0.026003697,"yes","down",0.583083004727573,0.585655797119841,"constitutive","Leaf_Shoot","shoot_apex_transition"
"AT2G20890",5826.130082,-0.15404398,0.027480317,-5.605611399,2.08e-08,6.29e-07,"yes","down",0.506256322940684,0.4004005863489,"constitutive","Flower","pedicel"
"AT2G21120",415.8861403,0.268679942,0.108783686,2.46985511,0.013516779,0.046644858,"yes","up",0.524652849083415,0.262508064239668,"constitutive","Leaf_Shoot","cotyledon"
"AT2G21170",7281.721476,-0.074400841,0.022200428,-3.351324571,0.00080426,0.004765916,"yes","down",0.52293778973833,0.42649739489805,"constitutive","Leaf_Shoot","cotyledon"
"AT2G21190",430.1795551,0.137876071,0.034987286,3.940747858,8.12e-05,0.000714739,"yes","up",0.379328088174417,0.297764214755499,"constitutive","Leaf_Shoot","senescing_leaf"
"AT2G21230",335.2859118,0.102500529,0.036122885,2.837551051,0.004546108,0.019555729,"yes","up",0.593746835462831,0.236978627462892,"constitutive","Leaf_Shoot","senescing_leaf"
"AT2G21270",581.0204496,0.089557062,0.030191663,2.966284494,0.003014215,0.014028449,"yes","up",0.454273340432093,0.323584246505128,"constitutive","Seed_Silique","seed_stage_10"
"AT2G21520",1239.8591,0.127835767,0.038381335,3.330675402,0.000866356,0.005063873,"yes","up",0.556580086142836,0.198380422591199,"constitutive","Flower","mature_pollen"
"AT2G21580",2464.851889,-0.194257601,0.047642909,-4.077366477,4.55e-05,0.000442406,"yes","down",0.517924924471496,0.191209282047847,"constitutive","Leaf_Shoot","shoot_apex_transition"
"AT2G21630",109.9396176,0.166826348,0.067095777,2.486391164,0.012904604,0.044926926,"yes","up",0.343861766760233,0.188620906151374,"constitutive","Leaf_Shoot","shoot_apex_vegetative"
"AT2G21910",4.72060398,2.630195386,0.417769431,6.295806228,3.06e-10,1.56e-08,"yes","up",0.52316560830875,0.275344748727826,"constitutive","Seed_Silique","seed_stage_9"
"AT2G22670",1920.754816,-0.112812621,0.045035884,-2.504949629,0.012246883,0.043098746,"yes","down",0.45784025689002,0.44669913164188,"constitutive","Flower","petal"
"AT2G22780",1112.997928,0.128914683,0.033584002,3.838574187,0.000123751,0.001013613,"yes","up",0.550592753893864,0.386193959985897,"constitutive","Seed_Silique","seed_stage_10"
"AT2G23040",42.08004966,0.219560564,0.076760152,2.860345599,0.004231796,0.018488045,"yes","up",0.559938004380106,0.263648471794552,"constitutive","Flower","mature_pollen"
"AT2G23320",483.5364146,0.803684163,0.170206072,4.721830148,2.34e-06,3.59e-05,"yes","up",0.585791789255618,0.46413161080507,"constitutive","Seedling","seedling_green_parts"
"AT2G23810",1036.822252,1.195014374,0.232433533,5.141316564,2.73e-07,5.73e-06,"yes","up",0.56047629838241,0.260543502229448,"constitutive","Leaf_Shoot","cotyledon"
"AT2G24020",1593.311009,-0.118438877,0.034659769,-3.417185967,0.00063272,0.003911649,"yes","down",0.545217779754905,0.482948975024135,"constitutive","Leaf_Shoot","rosette_leaf"
"AT2G24070",21.79161375,-0.264327503,0.108054803,-2.446235575,0.014435664,0.049140787,"yes","down",0.46441565234015,0.248514077672025,"constitutive","Seed_Silique","seed_stage_6"
"AT2G24255",11.31414885,3.623458121,0.399211196,9.076544331,1.12e-19,4.06e-17,"yes","up",0.58792644879431,0.123654616708802,"constitutive","Flower","mature_pollen"
"AT2G24330",271.5835702,0.217525451,0.059735315,3.641488276,0.000271066,0.00192872,"yes","up",0.382691867973095,0.154915081315473,"constitutive","Seed_Silique","silique_stage_3"
"AT2G24360",923.325809,0.223983053,0.039530145,5.666132833,1.46e-08,4.67e-07,"yes","up",0.50652855410307,0.365003117248971,"constitutive","Leaf_Shoot","senescing_leaf"
"AT2G24390",168.4005193,0.188887091,0.049323084,3.829587981,0.000128358,0.001044784,"yes","up",0.533840504177078,0.451276989855557,"constitutive","Leaf_Shoot","cauline_leaf"
"AT2G24440",60.01664748,-0.260127308,0.0760476,-3.420585371,0.000624865,0.003871208,"yes","down",0.596545365405254,0.560837512464792,"constitutive","Flower","inflorescence_apex"
"AT2G24630",146.5013013,-0.167257345,0.056330098,-2.969235811,0.002985414,0.013916645,"yes","down",0.560662504683512,0.579312910786979,"constitutive","Flower","pedicel"
"AT2G24960",85.73953256,0.62067393,0.080217754,7.737363609,1.01e-14,1.47e-12,"yes","up",0.410051214864088,0.201332895312632,"constitutive","Leaf_Shoot","shoot_apex_transition"
"AT2G25140",352.5420431,0.183992863,0.067524625,2.724826141,0.006433535,0.025678448,"yes","up",0.58339822033933,0.273083007714923,"constitutive","Seed_Silique","seed_stage_10"
"AT2G25190",189.6521652,0.175684189,0.052718465,3.332498168,0.0008607,0.005040079,"yes","up",0.529888364414111,0.142886654205383,"constitutive","Seed_Silique","silique_stage_4"
"AT2G25210",928.477354,-0.265518666,0.049302297,-5.38552326,7.22e-08,1.85e-06,"yes","down",0.540627295802269,0.26962857925752,"constitutive","Leaf_Shoot","shoot_apex_vegetative"
"AT2G25250",260.5405149,0.148720035,0.05982426,2.485948575,0.012920664,0.044976196,"yes","up",0.448576852519353,0.234463992742663,"constitutive","Seed_Silique","seed_stage_6"
"AT2G25490",1069.449854,0.119306036,0.041833379,2.851934028,0.004345412,0.018885397,"yes","up",0.568393317031054,0.168723089720383,"constitutive","Leaf_Shoot","senescing_leaf"
"AT2G25570",131.8631235,0.160417841,0.050197472,3.195735473,0.001394749,0.007561735,"yes","up",0.361034475940889,0.270844199165745,"constitutive","Leaf_Shoot","shoot_apex_transition"
"AT2G25640",242.6928139,-0.142628727,0.05544282,-2.572537383,0.010095605,0.036907601,"yes","down",0.503946851706934,0.317912263353971,"constitutive","Leaf_Shoot","shoot_apex_vegetative"
"AT2G25740",219.304282,0.135608706,0.048845415,2.776283213,0.005498429,0.022703532,"yes","up",0.42397449526926,0.0919040269771754,"constitutive","Leaf_Shoot","senescing_leaf"
"AT2G25850",354.2650031,0.243702711,0.081212631,3.000798107,0.00269273,0.012776919,"yes","up",0.553383957413506,0.249008847119082,"constitutive","Leaf_Shoot","senescing_leaf"
"AT2G26080",9923.721165,-0.150258555,0.060385417,-2.488325216,0.012834631,0.044736637,"yes","down",0.497927462043505,0.4289799194595,"constitutive","Leaf_Shoot","cotyledon"
"AT2G26240",236.1782718,0.194947404,0.051711805,3.769882038,0.000163325,0.001272745,"yes","up",0.56515252672941,0.509048295239808,"constitutive","Root","root"
"AT2G26260",216.5402574,-0.135823459,0.04642252,-2.925809682,0.00343561,0.015586537,"yes","down",0.434643012746051,0.31327153557823,"constitutive","Leaf_Shoot","shoot_apex_transition"
"AT2G26300",553.779752,0.261837904,0.056454634,4.638023212,3.52e-06,5.09e-05,"yes","up",0.479128307961377,0.442994804639296,"constitutive","Leaf_Shoot","senescing_leaf"
"AT2G26500",6800.309522,-0.230457839,0.06413034,-3.593585151,0.000326159,0.002253667,"yes","down",0.531144658368767,0.531855809318546,"constitutive","Seedling","whole_plant_pre_bolting"
"AT2G26520",15.10740494,-0.447837665,0.160615952,-2.788251477,0.005299339,0.022055554,"yes","down",0.557142012321248,0.524848415064593,"constitutive","Leaf_Shoot","shoot_apex_vegetative_with_leaves"
"AT2G26550",440.8574687,-0.110962237,0.034489904,-3.217238167,0.001294311,0.007100377,"yes","down",0.58505253788803,0.416354587852754,"constitutive","Leaf_Shoot","shoot_apex_vegetative_with_leaves"
"AT2G26600",284.5749765,0.159396838,0.046163128,3.452903733,0.000554587,0.003497399,"yes","up",0.566165445540482,0.274765162467642,"constitutive","Leaf_Shoot","senescing_leaf"
"AT2G26730",1058.473999,-0.133880082,0.047681594,-2.807793784,0.004988216,0.021054111,"yes","down",0.449242619693221,0.305557045845343,"constitutive","Flower","inflorescence_apex"
"AT2G26780",751.0081198,0.159137735,0.057464575,2.769318906,0.005617362,0.023081415,"yes","up",0.420415701678831,0.123735841961497,"constitutive","Leaf_Shoot","senescing_leaf"
"AT2G26930",632.277177,-0.084896815,0.02879972,-2.947834725,0.003200081,0.014727745,"yes","down",0.487170084924801,0.403965089674821,"constitutive","Leaf_Shoot","shoot_apex_vegetative_with_leaves"
"AT2G27260",231.3506153,0.338126289,0.097996767,3.450382084,0.000559794,0.00352929,"yes","up",0.469877720399336,0.394309492368578,"constitutive","Seed_Silique","seed_stage_10"
"AT2G27285",265.51408,0.104080387,0.038534958,2.700934267,0.0069145,0.027247662,"yes","up",0.392926174895625,0.106145531641311,"constitutive","Leaf_Shoot","senescing_leaf"
"AT2G27470",265.2026986,0.151311893,0.055347345,2.733859994,0.006259665,0.025107894,"yes","up",0.544168486667202,0.271313117923028,"constitutive","Leaf_Shoot","shoot_apex_transition"
"AT2G27530",4641.91453,-0.217008314,0.041698241,-5.204255838,1.95e-07,4.31e-06,"yes","down",0.476648448296605,0.103312682665367,"constitutive","Leaf_Shoot","shoot_apex_vegetative"
"AT2G27710",4755.49748,-0.2306398,0.052302227,-4.409751043,1.03e-05,0.000126928,"yes","down",0.462556184832077,0.123535929505881,"constitutive","Leaf_Shoot","shoot_apex_vegetative"
"AT2G27720",3585.472401,-0.134795429,0.037820007,-3.564130177,0.000365065,0.00246832,"yes","down",0.427041415164755,0.146453203626731,"constitutive","Flower","inflorescence_apex"
"AT2G27775",159.6484944,-0.230117005,0.059832911,-3.845993814,0.000120065,0.000988919,"yes","down",0.547946870468865,0.187913106653834,"constitutive","Leaf_Shoot","shoot_apex_vegetative_with_leaves"
"AT2G27810",635.8954966,-0.118036964,0.045459398,-2.596536029,0.009416903,0.034914227,"yes","down",0.500745983751143,0.357406953374555,"constitutive","Flower","inflorescence_apex"
"AT2G27980",421.3382656,0.077771887,0.026621632,2.921379357,0.003484852,0.015760023,"yes","up",0.393277491751019,0.335608693413828,"constitutive","Flower","inflorescence_apex"
"AT2G28050",56.39113156,-0.200654774,0.075170501,-2.669328674,0.007600304,0.029421157,"yes","down",0.438039896233945,0.129853877589675,"constitutive","Flower","mature_pollen"
"AT2G28350",343.1355596,-0.262859326,0.056029564,-4.691439815,2.71e-06,4.05e-05,"yes","down",0.375224422709241,0.388748131679328,"constitutive","Seed_Silique","silique_stage_4"
"AT2G28605",357.6122706,-0.109437706,0.040558267,-2.698283596,0.006969804,0.027415181,"yes","down",0.592526384654894,0.544140117792119,"constitutive","Leaf_Shoot","rosette_leaf"
"AT2G28660",113.2677905,-0.215814606,0.062059719,-3.477531133,0.000506054,0.003249583,"yes","down",0.556617763313455,0.52500867473338,"constitutive","Root","root"
"AT2G28800",4809.957628,-0.128345853,0.037794987,-3.395843304,0.000684175,0.004167458,"yes","down",0.55309002997923,0.497475111145018,"constitutive","Leaf_Shoot","cotyledon"
"AT2G28880",210.3293651,0.201761803,0.065185146,3.095211366,0.001966727,0.009893652,"yes","up",0.5531516440141,0.161038558024794,"constitutive","Flower","mature_pollen"
"AT2G28910",2198.193243,0.122539345,0.04609466,2.658428223,0.007850607,0.030238948,"yes","up",0.473606469738861,0.190871622204799,"constitutive","Flower","mature_pollen"
"AT2G29140",549.7876181,0.110998692,0.030834316,3.599842854,0.00031841,0.002209558,"yes","up",0.488510983167108,0.331184843575771,"constitutive","Leaf_Shoot","shoot_apex_transition"
"AT2G29510",778.5618311,0.200490805,0.067317489,2.978287066,0.002898644,0.013588979,"yes","up",0.459076830504922,0.184067608975416,"constitutive","Leaf_Shoot","hypocotyl"
"AT2G29580",162.3786659,0.15507596,0.051095964,3.034994295,0.002405402,0.011641834,"yes","up",0.235282987372568,0.145607430585668,"constitutive","Flower","inflorescence_apex"
"AT2G30050",757.0944804,-0.105585798,0.030705895,-3.438616509,0.000584695,0.003660014,"yes","down",0.40383605623703,0.434525700581422,"constitutive","Flower","mature_pollen"
"AT2G30160",234.4942425,-0.133318039,0.041315892,-3.226798008,0.001251838,0.00690444,"yes","down",0.471775221515907,0.153089636060105,"constitutive","Flower","mature_pollen"
"AT2G30170",376.9569984,-0.122754694,0.04213223,-2.913557993,0.003573355,0.016094623,"yes","down",0.538276831574071,0.529147045335641,"constitutive","Leaf_Shoot","cotyledon"
"AT2G30260",472.2398494,0.105572004,0.036728048,2.874424616,0.004047644,0.017805166,"yes","up",0.47487750124987,0.11801240953985,"constitutive","Leaf_Shoot","shoot_apex_transition"
"AT2G30270",202.0171835,0.478681053,0.079782913,5.999794107,1.98e-09,8.04e-08,"yes","up",0.492395302221587,0.263504559272971,"constitutive","Leaf_Shoot","cotyledon"
"AT2G30570",15116.20066,-0.15276473,0.051920495,-2.94228187,0.003258032,0.014959407,"yes","down",0.545186867743145,0.50645043789591,"constitutive","Leaf_Shoot","cotyledon"
"AT2G30620",1970.902972,-0.225012112,0.043025177,-5.229777747,1.7e-07,3.85e-06,"yes","down",0.346227415278246,0.1522170345176,"constitutive","Flower","inflorescence_apex"
"AT2G30960",114.970445,0.282813994,0.087435796,3.234533311,0.001218417,0.006743777,"yes","up",0.40467973917021,0.202220395463607,"constitutive","Flower","inflorescence_apex"
"AT2G31070",435.6533788,-0.208067556,0.063604451,-3.271273518,0.001070643,0.006065434,"yes","down",0.546985378069877,0.459218097212484,"constitutive","Leaf_Shoot","cauline_leaf"
"AT2G31170",517.7308152,-0.196994464,0.048356838,-4.073766469,4.63e-05,0.00044838,"yes","down",0.528805902234864,0.42705359439591,"constitutive","Leaf_Shoot","rosette_vegetative"
"AT2G31190",179.0967428,-0.151765811,0.060316268,-2.516167107,0.011863892,0.042067918,"yes","down",0.354778438619372,0.256442711093902,"constitutive","Leaf_Shoot","shoot_apex_vegetative_with_leaves"
"AT2G31200",383.5336762,0.299259406,0.046094094,6.492358928,8.45e-11,4.99e-09,"yes","up",0.430800961596379,0.353832286248609,"constitutive","Seed_Silique","seed_stage_8"
"AT2G31320",469.6106036,1.476962909,0.216104285,6.834491537,8.23e-12,6.18e-10,"yes","up",0.575221398367164,0.40768137426963,"constitutive","Flower","inflorescence_apex"
"AT2G31400",4872.686105,-0.116299387,0.044766372,-2.597918503,0.009379075,0.034804917,"yes","down",0.500776967291252,0.334392391001737,"constitutive","Leaf_Shoot","rosette_vegetative"
"AT2G31490",903.2847057,-0.073207256,0.029481839,-2.483130579,0.013023334,0.045246728,"yes","down",0.404022562575911,0.224177598506667,"constitutive","Seed_Silique","seed_stage_6"
"AT2G31510",607.4430109,0.11686352,0.031450514,3.715790498,0.000202569,0.001519303,"yes","up",0.51939573404301,0.4102706922969,"constitutive","Seed_Silique","seed_stage_8"
"AT2G31610",4013.149684,-0.207025528,0.048546898,-4.264444014,2e-05,0.000221578,"yes","down",0.38629057199833,0.182398091150664,"constitutive","Leaf_Shoot","shoot_apex_vegetative"
"AT2G31650",178.2141987,0.153049739,0.045269598,3.38085043,0.000722619,0.004368887,"yes","up",0.58833124059851,0.444140261375956,"constitutive","Flower","stamen"
"AT2G31820",489.3991553,0.170094082,0.042053414,4.04471519,5.24e-05,0.000497147,"yes","up",0.568253708620994,0.222679002122389,"constitutive","Leaf_Shoot","senescing_leaf"
"AT2G31870",90.49087884,0.894832686,0.122419963,7.309532413,2.68e-13,2.77e-11,"yes","up",0.480799270299304,0.196621137099001,"constitutive","Seed_Silique","seed_stage_10"
"AT2G32060",2464.154356,-0.264924841,0.056082524,-4.72383951,2.31e-06,3.57e-05,"yes","down",0.560462973897841,0.244334185993408,"constitutive","Leaf_Shoot","shoot_apex_vegetative"
"AT2G32250",194.7360518,0.235039129,0.073481775,3.198604418,0.001380945,0.007500696,"yes","up",0.48507698400559,0.110087441534632,"constitutive","Flower","sepal"
"AT2G32415",151.3002492,-0.151344021,0.043986495,-3.440692896,0.000580227,0.003639618,"yes","down",0.394751041335599,0.16254825710489,"constitutive","Leaf_Shoot","shoot_apex_vegetative"
"AT2G32440",244.6310049,-0.124189482,0.046945621,-2.645390105,0.008159679,0.031194957,"yes","down",0.446975899202022,0.29730743573769,"constitutive","Flower","pedicel"
"AT2G32520",668.8924478,0.256645498,0.054211931,4.734114705,2.2e-06,3.42e-05,"yes","up",0.346541684483228,0.354598444932819,"constitutive","Root","root"
"AT2G32720",483.9958697,-0.120578167,0.042940911,-2.808002072,0.004984991,0.021047285,"yes","down",0.585133352828704,0.288644224429807,"constitutive","Leaf_Shoot","stem"
"AT2G32850",578.0493664,0.145648176,0.034143785,4.265730277,1.99e-05,0.000220512,"yes","up",0.426752709949705,0.255745522870975,"constitutive","Leaf_Shoot","stem"
"AT2G32910",512.4412045,0.111948959,0.032129258,3.484330709,0.000493369,0.003183739,"yes","up",0.545186386484436,0.363690760645027,"constitutive","Seed_Silique","seed_stage_10"
"AT2G33110",52.58422368,0.40401141,0.095153719,4.245881424,2.18e-05,0.000237955,"yes","up",0.432688861289652,0.266578101217228,"constitutive","Leaf_Shoot","senescing_leaf"
"AT2G33330",562.2794669,-0.286438963,0.072363363,-3.958342328,7.55e-05,0.000671357,"yes","down",0.591744798162434,0.37548307304633,"constitutive","Leaf_Shoot","shoot_apex_vegetative_with_leaves"
"AT2G33370",1822.587261,-0.122810994,0.033970214,-3.61525525,0.000300052,0.002100719,"yes","down",0.535739161212215,0.185148594389497,"constitutive","Leaf_Shoot","shoot_apex_vegetative_with_leaves"
"AT2G33500",120.8389195,-0.156003586,0.051639089,-3.021036776,0.002519108,0.012079521,"yes","down",0.540549656309086,0.516369836092707,"constitutive","Flower","inflorescence_apex"
"AT2G33580",81.05043855,1.171396734,0.200792061,5.833879733,5.42e-09,1.98e-07,"yes","up",0.529900848205562,0.229840237226547,"constitutive","Seed_Silique","seed_stage_10"
"AT2G33700",300.5510009,0.105441231,0.042350581,2.489723355,0.012784256,0.044613364,"yes","up",0.492669347688088,0.178213586695627,"constitutive","Flower","mature_pollen"
"AT2G33820",100.0347553,-0.175067608,0.056104464,-3.120386408,0.001806139,0.009251028,"yes","down",0.376585751314024,0.232667940299685,"constitutive","Leaf_Shoot","shoot_apex_transition"
"AT2G34050",172.1029285,-0.146818237,0.055691659,-2.636269771,0.008382306,0.031879209,"yes","down",0.520826692138022,0.336381850287478,"constitutive","Leaf_Shoot","shoot_apex_transition"
"AT2G34060",79.35069299,-0.248279219,0.091054637,-2.726705942,0.006397002,0.025554402,"yes","down",0.464896819770601,0.333195123529488,"constitutive","Leaf_Shoot","rosette_vegetative"
"AT2G34160",245.0380083,-0.17307936,0.046777286,-3.700072732,0.000215538,0.00159977,"yes","down",0.539739534345263,0.293045797999946,"constitutive","Seed_Silique","seed_stage_8"
"AT2G34250",4611.693841,-0.097783315,0.032985604,-2.964424018,0.003032501,0.014094076,"yes","down",0.572061723001929,0.36019972696522,"constitutive","Seed_Silique","seed_stage_6"
"AT2G34480",7792.951441,-0.212808867,0.045162183,-4.712103209,2.45e-06,3.74e-05,"yes","down",0.395985602885575,0.214389347273949,"constitutive","Leaf_Shoot","shoot_apex_vegetative"
"AT2G34540",14.88884146,0.31105342,0.123729021,2.513989173,0.01193741,0.042271378,"yes","up",0.483786720026439,0.299240618514733,"constitutive","Flower","mature_pollen"
"AT2G34560",1072.351467,-0.171625436,0.041075083,-4.178334501,2.94e-05,0.000305888,"yes","down",0.441859478872959,0.316170134842347,"constitutive","Flower","flower_stage_10_11"
"AT2G34670",104.6772981,0.315812332,0.081473787,3.876244682,0.000106081,0.000894366,"yes","up",0.489607646209276,0.377011413353454,"constitutive","Leaf_Shoot","shoot_apex_transition"
"AT2G34710",755.955278,-0.155270228,0.045109278,-3.44209076,0.000577237,0.003623754,"yes","down",0.560598647608085,0.307468150915507,"constitutive","Leaf_Shoot","hypocotyl"
"AT2G35050",1827.054294,0.110254193,0.037758993,2.919945269,0.003500929,0.015818936,"yes","up",0.530783896780021,0.199516208526772,"constitutive","Leaf_Shoot","senescing_leaf"
"AT2G35155",318.1400149,-0.131255083,0.051440194,-2.551605518,0.010722785,0.038756242,"yes","down",0.51570065942543,0.222581980152954,"constitutive","Leaf_Shoot","hypocotyl"
"AT2G35340",80.86028786,0.242934816,0.063942874,3.799247669,0.000145136,0.00115976,"yes","up",0.523132483202179,0.671395862507828,"constitutive","Flower","carpel"
"AT2G35480",64.16262162,0.339730362,0.084379807,4.026204544,5.67e-05,0.000532359,"yes","up",0.369888623499425,0.141657971473848,"constitutive","Flower","sepal"
"AT2G35510",576.1513966,0.100820984,0.03957999,2.547271577,0.01085689,0.039132948,"yes","up",0.554113020494133,0.342972793403049,"constitutive","Seed_Silique","seed_stage_10"
"AT2G35530",227.6368091,-0.116990866,0.040200383,-2.910192823,0.003612058,0.016227759,"yes","down",0.495211551319505,0.414727770425803,"constitutive","Leaf_Shoot","shoot_apex_transition"
"AT2G35540",113.1437552,0.201629071,0.068339475,2.950404176,0.003173585,0.014628649,"yes","up",0.536111331490817,0.239386188136707,"constitutive","Seed_Silique","seed_stage_10"
"AT2G35635",893.7716864,0.148233664,0.035351869,4.193092674,2.75e-05,0.000289587,"yes","up",0.429634074573737,0.151609535381249,"constitutive","Seed_Silique","silique_stage_4"
"AT2G35680",1043.392031,0.177812234,0.057406882,3.097402727,0.001952245,0.009839697,"yes","up",0.538583280023896,0.385569601287571,"constitutive","Leaf_Shoot","senescing_leaf"
"AT2G35720",271.6618534,0.244149126,0.063916257,3.819828285,0.000133545,0.001079207,"yes","up",0.295134123927157,0.107891412126375,"constitutive","Seed_Silique","seed_stage_10"
"AT2G35736",46.14368339,0.220268612,0.078165251,2.817986385,0.004832586,0.020548079,"yes","up",0.409715350751979,0.401144530598848,"constitutive","Seed_Silique","seed_stage_9"
"AT2G35795",174.659111,-0.112906254,0.044554987,-2.534087919,0.011274044,0.040319633,"yes","down",0.284574497336945,0.141580142081584,"constitutive","Leaf_Shoot","shoot_apex_transition"
"AT2G36010",145.4828202,0.230951044,0.079032432,2.922231257,0.003475334,0.015730424,"yes","up",0.572845719597205,0.445158743869366,"constitutive","Leaf_Shoot","shoot_apex_transition"
"AT2G36160",3188.531864,-0.206682875,0.038856029,-5.319197084,1.04e-07,2.54e-06,"yes","down",0.446727766041462,0.145581005122786,"constitutive","Leaf_Shoot","shoot_apex_vegetative"
"AT2G36170",1463.776354,-0.230714914,0.051470824,-4.482440631,7.38e-06,9.51e-05,"yes","down",0.535657665767213,0.244489085219069,"constitutive","Leaf_Shoot","shoot_apex_vegetative"
"AT2G36230",300.6774132,-0.176481931,0.047342411,-3.727776568,0.000193177,0.001458133,"yes","down",0.539313433771661,0.365008627208264,"constitutive","Leaf_Shoot","shoot_apex_vegetative_with_leaves"
"AT2G36330",108.7225104,0.306303737,0.066534759,4.603664927,4.15e-06,5.85e-05,"yes","up",0.560677654071518,0.319311923560991,"constitutive","Flower","sepal"
"AT2G36460",1650.241577,0.206304869,0.046791321,4.409041317,1.04e-05,0.000127248,"yes","up",0.546922941751676,0.27824585952684,"constitutive","Seed_Silique","seed_stage_10"
"AT2G36580",1964.165534,0.207313739,0.067495155,3.071535114,0.002129611,0.010570925,"yes","up",0.341084720484831,0.268899859607977,"constitutive","Flower","sepal"
"AT2G36620",3089.823461,-0.286358681,0.052881087,-5.415143664,6.12e-08,1.61e-06,"yes","down",0.551390555668205,0.307098721984131,"constitutive","Leaf_Shoot","shoot_apex_vegetative"
"AT2G36680",187.7885294,0.165511084,0.065569415,2.524211682,0.011595808,0.041266302,"yes","up",0.446996197087541,0.152720493638436,"constitutive","Leaf_Shoot","cauline_leaf"
"AT2G36830",7420.169116,-0.219398084,0.061292231,-3.579541496,0.000344198,0.002354547,"yes","down",0.503487678646981,0.437827876069208,"constitutive","Flower","inflorescence_apex"
"AT2G36990",1476.492876,-0.102192832,0.038975095,-2.622003429,0.008741455,0.032933087,"yes","down",0.588349914633558,0.487189968060498,"constitutive","Leaf_Shoot","rosette_vegetative"
"AT2G37020",302.8224827,-0.125113847,0.040116901,-3.118731631,0.001816313,0.009289566,"yes","down",0.556784394916636,0.381929409038759,"constitutive","Flower","inflorescence_apex"
"AT2G37190",3451.7777,-0.275917195,0.049065537,-5.623441897,1.87e-08,5.75e-07,"yes","down",0.522858176833561,0.199005696786034,"constitutive","Leaf_Shoot","shoot_apex_vegetative"
"AT2G37220",16900.89429,-0.122375071,0.04093191,-2.989722979,0.002792306,0.013177782,"yes","down",0.582603393262211,0.518355600118876,"constitutive","Leaf_Shoot","rosette_leaf"
"AT2G37270",2886.075919,-0.236267869,0.04851971,-4.86952352,1.12e-06,1.91e-05,"yes","down",0.372325675327423,0.126018196992565,"constitutive","Leaf_Shoot","shoot_apex_vegetative"
"AT2G37570",471.0413644,0.231532121,0.049302868,4.696118669,2.65e-06,3.97e-05,"yes","up",0.431983386909358,0.134631315055937,"constitutive","Seed_Silique","seed_stage_10"
"AT2G37585",136.1918798,-0.159338942,0.050900324,-3.130411165,0.001745618,0.008984596,"yes","down",0.500816258079301,0.166831996435742,"constitutive","Leaf_Shoot","stem"
"AT2G37600",601.3592284,-0.167945536,0.059652693,-2.815388993,0.004871822,0.020670171,"yes","down",0.561847339343364,0.265946010710811,"constitutive","Seed_Silique","seed_stage_6"
"AT2G38330",420.1074437,-0.141714895,0.035444151,-3.998259014,6.38e-05,0.000587118,"yes","down",0.464916352513454,0.369338368535321,"constitutive","Leaf_Shoot","rosette_vegetative"
"AT2G38460",113.1709312,-0.200319486,0.072967442,-2.745326976,0.006045063,0.024467708,"yes","down",0.585080778700461,0.234471737282018,"constitutive","Seed_Silique","seed_stage_9"
"AT2G38560",367.541827,-0.146083858,0.044220073,-3.30356438,0.00095464,0.005507523,"yes","down",0.383938017582692,0.19204591303158,"constitutive","Leaf_Shoot","shoot_apex_transition"
"AT2G38580",327.4716499,0.212773705,0.04423051,4.810564097,1.51e-06,2.46e-05,"yes","up",0.285760503522579,0.23628601969652,"constitutive","Flower","flower_stage_9"
"AT2G39020",713.0689683,0.146523678,0.049264911,2.97419957,0.00293754,0.013736683,"yes","up",0.436192088920433,0.166999269987422,"constitutive","Seed_Silique","seed_stage_10"
"AT2G39080",900.1103919,-0.091575486,0.031196115,-2.935477237,0.00333035,0.015217358,"yes","down",0.540395758019276,0.377825177095129,"constitutive","Leaf_Shoot","rosette_vegetative"
"AT2G39090",189.9664656,-0.083091853,0.031321339,-2.652883139,0.00798075,0.030655078,"yes","down",0.429640025817076,0.269509178482841,"constitutive","Flower","inflorescence_apex"
"AT2G39180",123.3180263,-0.178588363,0.070531827,-2.53202521,0.011340584,0.040504785,"yes","down",0.51278488212895,0.463069826345229,"constitutive","Root","root"
"AT2G39260",790.7423469,0.125210611,0.033106859,3.782014231,0.000155564,0.001224414,"yes","up",0.528912553242085,0.21601249515824,"constitutive","Leaf_Shoot","senescing_leaf"
"AT2G39340",606.3696935,0.283851832,0.082910622,3.423588249,0.000618002,0.003834735,"yes","up",0.51093409466298,0.252573348905064,"constitutive","Leaf_Shoot","senescing_leaf"
"AT2G39460",5026.011698,-0.243295449,0.044373806,-5.482861854,4.18e-08,1.16e-06,"yes","down",0.543229608583538,0.176316473075342,"constitutive","Leaf_Shoot","shoot_apex_vegetative"
"AT2G39730",119805.614,-0.182382563,0.052621363,-3.465941423,0.000528378,0.003364523,"yes","down",0.529387404187677,0.561251056431808,"constitutive","Seedling","whole_plant_pre_bolting"
"AT2G39840",263.2406109,0.289788416,0.040918303,7.082122041,1.42e-12,1.28e-10,"yes","up",0.307922497246275,0.124206975901186,"constitutive","Leaf_Shoot","senescing_leaf"
"AT2G39900",474.6753674,0.155514654,0.04654515,3.341157027,0.0008343,0.004908151,"yes","up",0.595498336825845,0.49310793530493,"constitutive","Flower","pedicel"
"AT2G39940",487.7966023,0.103049219,0.029566232,3.485368712,0.000491459,0.0031771,"yes","up",0.49874900968395,0.372583098021582,"constitutive","Leaf_Shoot","senescing_leaf"
"AT2G39970",702.7209957,0.111533032,0.040435261,2.758311145,0.005810087,0.023679317,"yes","up",0.5185704110802,0.345002558907038,"constitutive","Flower","stamen"
"AT2G40140",862.8663106,1.262221933,0.171939628,7.341076319,2.12e-13,2.24e-11,"yes","up",0.523535914468646,0.432394749588598,"constitutive","Leaf_Shoot","cotyledon"
"AT2G40205",372.9481572,-0.229355934,0.057052874,-4.020059226,5.82e-05,0.00054427,"yes","down",0.541457161787902,0.456339426514359,"constitutive","Seed_Silique","seed_stage_8"
"AT2G40280",344.8315574,0.145299606,0.038729779,3.751625,0.000175692,0.001351694,"yes","up",0.477738681504439,0.221347906249372,"constitutive","Leaf_Shoot","hypocotyl"
"AT2G40290",1485.417799,-0.112528976,0.028976267,-3.883487677,0.000102969,0.00087093,"yes","down",0.551808570093096,0.22916184949068,"constitutive","Leaf_Shoot","shoot_apex_vegetative"
"AT2G40510",1993.724172,-0.177057834,0.038867776,-4.555388906,5.23e-06,7.13e-05,"yes","down",0.517357622430537,0.171856380990529,"constitutive","Leaf_Shoot","shoot_apex_vegetative"
"AT2G40540",804.3128186,-0.110192783,0.039945032,-2.758610481,0.005804768,0.023665824,"yes","down",0.543419392521393,0.213924866392458,"constitutive","Flower","petal"
"AT2G40570",136.7680487,-0.140554425,0.048335565,-2.907888323,0.003638783,0.016320344,"yes","down",0.510082444117249,0.182224124775844,"constitutive","Leaf_Shoot","senescing_leaf"
"AT2G40690",215.7965617,-0.143295221,0.05149173,-2.782878345,0.0053879,0.022313594,"yes","down",0.425062467059499,0.223313916949073,"constitutive","Flower","flower_stage_9"
"AT2G40760",335.5031654,-0.13299315,0.040768516,-3.26215332,0.001105693,0.006220646,"yes","down",0.493985898400684,0.283124284429133,"constitutive","Leaf_Shoot","rosette_vegetative"
"AT2G40815",151.2749915,0.223242132,0.074965035,2.977950068,0.002901833,0.013593978,"yes","up",0.49761436391386,0.320011260119519,"constitutive","Leaf_Shoot","shoot_apex_transition"
"AT2G40950",363.9942161,0.140563185,0.042451081,3.311180345,0.000929033,0.005380859,"yes","up",0.548890493567693,0.533512487128276,"constitutive","Seed_Silique","seed_stage_10"
"AT2G41330",65.32796768,-0.366441485,0.077426112,-4.732789455,2.21e-06,3.44e-05,"yes","down",0.59085086111181,0.253603042437995,"constitutive","Leaf_Shoot","stem"
"AT2G41460",190.6689025,0.22972456,0.051691717,4.444127099,8.82e-06,0.000111208,"yes","up",0.49310349690267,0.240165497403385,"constitutive","Seed_Silique","seed_stage_10"
"AT2G41840",8946.398015,-0.187061934,0.03812874,-4.906061241,9.29e-07,1.63e-05,"yes","down",0.402750346957406,0.113876950629696,"constitutive","Flower","inflorescence_apex"
"AT2G41890",241.0210864,0.14902535,0.044045567,3.383435843,0.000715849,0.004334406,"yes","up",0.578836074586257,0.389809288109984,"constitutive","Flower","inflorescence_apex"
"AT2G42130",785.2069213,-0.102418959,0.031444745,-3.257108887,0.001125532,0.006308173,"yes","down",0.519581934737326,0.482233527988461,"constitutive","Leaf_Shoot","rosette_vegetative"
"AT2G42600",5934.834339,-0.18384984,0.068265155,-2.693172518,0.007077564,0.027788043,"yes","down",0.548984858603693,0.439414869052913,"constitutive","Seed_Silique","silique_stage_4"
"AT2G42680",1364.296223,0.128037207,0.034703507,3.689460176,0.00022473,0.001653424,"yes","up",0.356341259309107,0.289566802397049,"constitutive","Seed_Silique","seed_stage_10"
"AT2G42770",865.169276,-0.142577619,0.029670909,-4.805299924,1.55e-06,2.52e-05,"yes","down",0.566389471612374,0.478986768280993,"constitutive","Leaf_Shoot","rosette_vegetative"
"AT2G43080",219.7446472,0.14029694,0.052362664,2.679331586,0.00737693,0.02872925,"yes","up",0.527008402902985,0.3938324747534,"constitutive","Flower","stamen"
"AT2G43320",196.8545355,0.388478303,0.066282161,5.860978233,4.6e-09,1.69e-07,"yes","up",0.419617647752352,0.25739531186599,"constitutive","Flower","mature_pollen"
"AT2G43420",338.0931153,0.152823573,0.035899111,4.257029492,2.07e-05,0.000227984,"yes","up",0.324506288491854,0.234429246891391,"constitutive","Leaf_Shoot","stem"
"AT2G43460",2638.404177,-0.216695698,0.039570036,-5.476257221,4.34e-08,1.19e-06,"yes","down",0.540034258808346,0.318733188978516,"constitutive","Flower","inflorescence_apex"
"AT2G43630",634.0675448,-0.109879804,0.038706441,-2.838798987,0.004528367,0.019500768,"yes","down",0.447826425191994,0.239437923790612,"constitutive","Leaf_Shoot","shoot_apex_vegetative_with_leaves"
"AT2G43810",320.0164052,-0.129494437,0.042756594,-3.028642472,0.002456552,0.011834928,"yes","down",0.508782805534371,0.182631905268232,"constitutive","Leaf_Shoot","shoot_apex_transition"
"AT2G44050",1229.485229,-0.114693997,0.027660865,-4.146435661,3.38e-05,0.000343511,"yes","down",0.504082968326854,0.247697545327549,"constitutive","Leaf_Shoot","shoot_apex_vegetative_with_leaves"
"AT2G44060",2834.94266,0.088099219,0.035195569,2.503133804,0.0123099,0.043258984,"yes","up",0.434989853941233,0.352620390107693,"constitutive","Seed_Silique","silique_stage_3"
"AT2G44065",394.4471726,-0.093745959,0.03318925,-2.824588041,0.004734144,0.020224352,"yes","down",0.46786721701586,0.349092660789349,"constitutive","Leaf_Shoot","shoot_apex_vegetative"
"AT2G44120",3260.713268,-0.205775086,0.046623301,-4.413567467,1.02e-05,0.00012484,"yes","down",0.507198722933667,0.153601855089557,"constitutive","Leaf_Shoot","shoot_apex_vegetative"
"AT2G44150",219.9481054,-0.121486685,0.038362066,-3.166844198,0.001541029,0.008168803,"yes","down",0.494507031576767,0.317543610981727,"constitutive","Flower","flower_stage_9"
"AT2G44180",347.9096553,0.27942824,0.057820405,4.832692568,1.35e-06,2.25e-05,"yes","up",0.577771572482015,0.406994489104703,"constitutive","Leaf_Shoot","senescing_leaf"
"AT2G44200",363.6122453,0.12547711,0.041316501,3.03697332,0.002389666,0.011581332,"yes","up",0.544391733775252,0.454613633495634,"constitutive","Seed_Silique","seed_stage_10"
"AT2G44350",2449.887092,0.130348842,0.044008762,2.961883852,0.003057631,0.014182908,"yes","up",0.476634606844114,0.440733903431051,"constitutive","Seed_Silique","seed_stage_9"
"AT2G44530",527.4062161,0.129942775,0.040713982,3.191600719,0.001414868,0.007631191,"yes","up",0.457596108763577,0.127891406438888,"constitutive","Leaf_Shoot","senescing_leaf"
"AT2G44620",930.8173803,-0.067977172,0.025802194,-2.634550102,0.008424887,0.032014519,"yes","down",0.308958008550241,0.162329075400548,"constitutive","Seed_Silique","silique_stage_3"
"AT2G44680",309.1415808,0.219169699,0.045561865,4.810375927,1.51e-06,2.46e-05,"yes","up",0.418519940039925,0.230360767151695,"constitutive","Leaf_Shoot","stem"
"AT2G44730",267.071439,-0.180713233,0.053763954,-3.361234064,0.00077595,0.00462914,"yes","down",0.491703266210584,0.373157917603826,"constitutive","Seed_Silique","seed_stage_9"
"AT2G44920",661.2591233,-0.16469782,0.067328051,-2.446199144,0.014437123,0.049140787,"yes","down",0.57968537884909,0.573952561632003,"constitutive","Leaf_Shoot","rosette_leaf"
"AT2G45070",1176.565695,-0.09514811,0.031813855,-2.990775825,0.002782697,0.013148229,"yes","down",0.281878692453095,0.222709393531583,"constitutive","Seed_Silique","seed_stage_7"
"AT2G45460",608.5630872,2.474368886,0.271975977,9.097747945,9.22e-20,3.45e-17,"yes","up",0.494718584016659,0.408243787391235,"constitutive","Leaf_Shoot","shoot_apex_transition"
"AT2G45590",481.675851,-0.184942687,0.054596638,-3.387437272,0.000705488,0.004279588,"yes","down",0.475663123748413,0.338386338718544,"constitutive","Flower","inflorescence_apex"
"AT2G45710",279.6370897,-0.131234939,0.050273187,-2.610436051,0.009042688,0.033808609,"yes","down",0.522713894982199,0.382039018984754,"constitutive","Seed_Silique","seed_stage_8"
"AT2G45960",8035.73225,-0.234753705,0.055418008,-4.236054559,2.27e-05,0.000246924,"yes","down",0.399231513349319,0.324080272442265,"constitutive","Flower","stamen"
"AT2G46180",386.1990354,0.727439401,0.131920136,5.514240816,3.5e-08,9.91e-07,"yes","up",0.292565964778731,0.222083056954135,"constitutive","Flower","flower_stage_10_11"
"AT2G46200",92.4105971,0.16391633,0.059820724,2.740126165,0.00614156,0.024756328,"yes","up",0.454145343509115,0.144191985025003,"constitutive","Seed_Silique","seed_stage_10"
"AT2G46280",2006.782856,-0.080599305,0.02482426,-3.246795872,0.001167121,0.006508762,"yes","down",0.508161754435673,0.274594270068031,"constitutive","Leaf_Shoot","shoot_apex_vegetative"
"AT2G46505",907.1152392,0.126520269,0.03535502,3.578565913,0.000345485,0.002361297,"yes","up",0.284616881623606,0.285014316325497,"constitutive","Root","root"
"AT2G46510",264.1975354,0.421634415,0.084911866,4.965553518,6.85e-07,1.27e-05,"yes","up",0.58121284314892,0.449802339947409,"constitutive","Flower","sepal"
"AT2G46610",178.6440216,1.498799258,0.206632486,7.253454133,4.06e-13,4.13e-11,"yes","up",0.52277971793972,0.269043918189921,"constitutive","Leaf_Shoot","shoot_apex_transition"
"AT2G46780",174.7987685,-0.376165526,0.087267559,-4.310485266,1.63e-05,0.000186769,"yes","down",0.418492140670828,0.327299605326028,"constitutive","Leaf_Shoot","shoot_apex_vegetative"
"AT2G46910",417.0516884,-0.153601002,0.036632866,-4.192983544,2.75e-05,0.000289597,"yes","down",0.535050742557908,0.417679447283836,"constitutive","Leaf_Shoot","cotyledon"
"AT2G46920",335.1433551,0.09666959,0.030099763,3.211639581,0.001319798,0.00721847,"yes","up",0.483675318637572,0.27263944048579,"constitutive","Seed_Silique","seed_stage_6"
"AT2G47060",328.1038236,0.484340518,0.119150457,4.064948894,4.8e-05,0.000462441,"yes","up",0.50288698012266,0.402126572908081,"constitutive","Leaf_Shoot","cauline_leaf"
"AT2G47070",1471.930312,0.307436861,0.044599969,6.893207908,5.45e-12,4.33e-10,"yes","up",0.502275898271802,0.395969706965545,"constitutive","Flower","petal"
"AT2G47110",4465.930311,-0.24576796,0.046166571,-5.323504732,1.02e-07,2.49e-06,"yes","down",0.387445746645139,0.258423091052215,"constitutive","Seed_Silique","seed_stage_6"
"AT2G47170",3074.940276,-0.077520143,0.019360018,-4.00413587,6.22e-05,0.00057586,"yes","down",0.499596995411938,0.176210967799101,"constitutive","Flower","mature_pollen"
"AT2G47440",668.8552683,-0.316534361,0.08347148,-3.792125874,0.000149363,0.001187408,"yes","down",0.557651450843772,0.337867885637885,"constitutive","Seed_Silique","silique_stage_5"
"AT2G47510",2381.610703,-0.064918114,0.023914382,-2.714605519,0.006635476,0.026355193,"yes","down",0.503323750980797,0.370752422169111,"constitutive","Leaf_Shoot","cotyledon"
"AT2G47590",3983.326536,-0.117461393,0.031374259,-3.743877891,0.000181202,0.00138684,"yes","down",0.560967905665983,0.467562537302506,"constitutive","Leaf_Shoot","shoot_apex_vegetative_with_leaves"
"AT2G47610",5653.322129,-0.258172509,0.045663955,-5.65374831,1.57e-08,4.96e-07,"yes","down",0.51932341877975,0.238304213270537,"constitutive","Leaf_Shoot","shoot_apex_vegetative"
"AT2G47640",377.7963478,-0.12121998,0.042185889,-2.873472237,0.004059868,0.017848426,"yes","down",0.534941145903693,0.288199185063562,"constitutive","Leaf_Shoot","shoot_apex_vegetative"
"AT2G47730",5730.421303,0.292788667,0.068435272,4.278329874,1.88e-05,0.000209873,"yes","up",0.585905408106154,0.522640493160965,"constitutive","Root","root"
"AT2G47840",655.0473485,-0.186105079,0.038297304,-4.859482532,1.18e-06,1.99e-05,"yes","down",0.498662296793011,0.31516854478042,"constitutive","Leaf_Shoot","rosette_vegetative"
"AT2G48110",372.0524275,0.218761229,0.05859077,3.733714896,0.000188676,0.001430576,"yes","up",0.457775549762415,0.211938337179168,"constitutive","Leaf_Shoot","senescing_leaf"
"AT3G01280",3460.920229,-0.068793946,0.021782546,-3.15821417,0.001587389,0.008348844,"yes","down",0.472573640347571,0.396015911827594,"constitutive","Leaf_Shoot","shoot_apex_vegetative"
"AT3G01590",415.9122845,0.629697609,0.106403408,5.918021033,3.26e-09,1.23e-07,"yes","up",0.391502030434922,0.298780803455537,"constitutive","Flower","flower_stage_9"
"AT3G02080",3486.634021,-0.213651007,0.038248057,-5.585930992,2.32e-08,6.97e-07,"yes","down",0.464391570196195,0.145085098839033,"constitutive","Leaf_Shoot","shoot_apex_vegetative"
"AT3G02130",452.2398529,0.218343301,0.086913955,2.51217773,0.011998864,0.042431627,"yes","up",0.473648931800558,0.213456951188451,"constitutive","Seed_Silique","silique_stage_4"
"AT3G02200",1288.541868,-0.073235846,0.027407848,-2.67207574,0.007538363,0.029232083,"yes","down",0.515787104145362,0.252467093833574,"constitutive","Leaf_Shoot","shoot_apex_vegetative"
"AT3G02250",522.2877356,-0.167849086,0.057651277,-2.91145476,0.0035975,0.016183944,"yes","down",0.507831178639446,0.263756098165632,"constitutive","Flower","pedicel"
"AT3G02260",2549.272017,0.194973087,0.044094277,4.421732223,9.79e-06,0.000120964,"yes","up",0.522587550611548,0.334974290703107,"constitutive","Seed_Silique","seed_stage_10"
"AT3G02280",196.6596271,0.182826072,0.052184043,3.50348614,0.000459211,0.003001933,"yes","up",0.405929982667285,0.173954336387879,"constitutive","Seed_Silique","seed_stage_9"
"AT3G02400",283.5141596,1.445454442,0.169133774,8.546219992,1.27e-17,3.26e-15,"yes","up",0.455295937331888,0.412445564476748,"constitutive","Leaf_Shoot","shoot_apex_transition"
"AT3G02530",1181.11439,-0.118971317,0.045002885,-2.643637532,0.008202044,0.031341672,"yes","down",0.574298624742693,0.293517580326453,"constitutive","Leaf_Shoot","shoot_apex_vegetative"
"AT3G02560",2566.269871,-0.160638863,0.034698587,-4.62955057,3.66e-06,5.28e-05,"yes","down",0.512505500699906,0.200488867417908,"constitutive","Leaf_Shoot","shoot_apex_vegetative"
"AT3G02600",589.3307203,-0.078118827,0.029835423,-2.618324718,0.008836268,0.033191334,"yes","down",0.395799369252829,0.238001283342617,"constitutive","Flower","carpel"
"AT3G02690",644.0190703,-0.101781435,0.040117866,-2.53706004,0.011178778,0.040084779,"yes","down",0.555105708030866,0.441813946173211,"constitutive","Leaf_Shoot","cauline_leaf"
"AT3G02720",546.8641837,-0.143579935,0.028633014,-5.01448902,5.32e-07,1.02e-05,"yes","down",0.389673546710706,0.131829588761796,"constitutive","Flower","pedicel"
"AT3G02770",226.0079495,0.242058969,0.056717029,4.26783582,1.97e-05,0.000218767,"yes","up",0.580711546823854,0.231053084501387,"constitutive","Leaf_Shoot","stem"
"AT3G03120",114.8209311,0.146394937,0.055439461,2.640627003,0.008275277,0.031587536,"yes","up",0.519478817488421,0.270191960934787,"constitutive","Leaf_Shoot","senescing_leaf"
"AT3G03340",289.7732113,0.084605923,0.032055069,2.639392925,0.008305466,0.031675253,"yes","up",0.365717681752153,0.328249680678488,"constitutive","Leaf_Shoot","senescing_leaf"
"AT3G03600",396.6556331,-0.103063022,0.039204809,-2.628836211,0.008567762,0.032413392,"yes","down",0.444195344081681,0.273373345149919,"constitutive","Leaf_Shoot","shoot_apex_vegetative"
"AT3G03610",145.1147798,0.276461475,0.060702576,4.554361501,5.25e-06,7.16e-05,"yes","up",0.504271543487869,0.531595855357569,"constitutive","Root","root"
"AT3G03640",369.4855598,0.546100431,0.114380608,4.77441447,1.8e-06,2.87e-05,"yes","up",0.548166552549218,0.5385573228263,"constitutive","Flower","sepal"
"AT3G03680",265.1433852,-0.544177366,0.092793886,-5.864366627,4.51e-09,1.66e-07,"yes","down",0.466510553313061,0.222232732740622,"constitutive","Leaf_Shoot","shoot_apex_vegetative"
"AT3G03690",122.5977408,-0.176623304,0.047647114,-3.706904555,0.000209808,0.001565128,"yes","down",0.513094216236443,0.265742702130892,"constitutive","Flower","petal"
"AT3G03740",461.379727,0.121374627,0.029704199,4.086110143,4.39e-05,0.0004273,"yes","up",0.233021565946359,0.157760319627319,"constitutive","Flower","flower_stage_9"
"AT3G04220",19.2801914,1.329897561,0.213802405,6.22021797,4.96e-10,2.39e-08,"yes","up",0.470733632344176,0.428227404281182,"constitutive","Flower","sepal"
"AT3G04240",1007.574331,0.242271052,0.057596496,4.206350518,2.6e-05,0.000276325,"yes","up",0.499200003743021,0.165650926850596,"constitutive","Leaf_Shoot","senescing_leaf"
"AT3G04340",2163.832729,-0.092727977,0.037710953,-2.458913682,0.013935812,0.047797017,"yes","down",0.579592595637007,0.419162486428855,"constitutive","Leaf_Shoot","shoot_apex_vegetative_with_leaves"
"AT3G04400",7112.639068,-0.206585513,0.037259822,-5.54445788,2.95e-08,8.55e-07,"yes","down",0.359904799284858,0.231721518380219,"constitutive","Seed_Silique","seed_stage_8"
"AT3G04450",68.24931488,-0.21331798,0.067621896,-3.154569655,0.00160735,0.008433132,"yes","down",0.499613176385773,0.333209449319159,"constitutive","Leaf_Shoot","rosette_vegetative"
"AT3G04480",426.5338687,0.183893144,0.04352432,4.225066449,2.39e-05,0.000257943,"yes","up",0.461923247639095,0.285432450814502,"constitutive","Leaf_Shoot","senescing_leaf"
"AT3G04580",387.5195262,0.103946464,0.033883447,3.067765306,0.002156659,0.010684937,"yes","up",0.512440200297004,0.353459003431429,"constitutive","Leaf_Shoot","hypocotyl"
"AT3G04610",698.8865585,-0.094777972,0.037373481,-2.53596853,0.011213681,0.040160109,"yes","down",0.472267660668986,0.326271397612067,"constitutive","Flower","inflorescence_apex"
"AT3G04780",422.4941117,0.124796714,0.050376672,2.477271908,0.0132391,0.045874659,"yes","up",0.359751937601754,0.379845987297331,"constitutive","Seed_Silique","seed_stage_6"
"AT3G04820",293.7073637,-0.151060215,0.041451985,-3.644221486,0.000268202,0.001911804,"yes","down",0.536651482764423,0.336615546806993,"constitutive","Leaf_Shoot","shoot_apex_vegetative"
"AT3G04830",624.6246324,-0.072760125,0.028870973,-2.520182626,0.011729396,0.041672502,"yes","down",0.21536187489378,0.156644279464632,"constitutive","Seed_Silique","silique_stage_3"
"AT3G04840",8086.514669,-0.233480268,0.048973057,-4.767524924,1.87e-06,2.96e-05,"yes","down",0.500930138983917,0.1787837244677,"constitutive","Leaf_Shoot","shoot_apex_vegetative"
"AT3G04920",3125.588301,-0.178999093,0.038062208,-4.702803678,2.57e-06,3.87e-05,"yes","down",0.497743861563587,0.196691608961639,"constitutive","Leaf_Shoot","shoot_apex_transition"
"AT3G05100",304.0479729,-0.134356567,0.044400712,-3.026000285,0.002478121,0.011916919,"yes","down",0.501244104774388,0.276935305162755,"constitutive","Flower","mature_pollen"
"AT3G05190",93.10091916,-0.289201602,0.059956537,-4.823520737,1.41e-06,2.33e-05,"yes","down",0.552376381536756,0.577970196966191,"constitutive","Seed_Silique","seed_stage_6"
"AT3G05220",1388.456411,0.146796141,0.045024257,3.26037895,0.001112634,0.006250747,"yes","up",0.308926988677112,0.191589680522367,"constitutive","Seed_Silique","seed_stage_10"
"AT3G05410",304.9998017,-0.127017623,0.048778553,-2.603964566,0.009215228,0.034344755,"yes","down",0.477784485061911,0.43903165506698,"constitutive","Leaf_Shoot","rosette_leaf"
"AT3G05560",3656.546397,-0.255279172,0.044805292,-5.697522814,1.22e-08,3.97e-07,"yes","down",0.464519650367681,0.191773349116425,"constitutive","Flower","inflorescence_apex"
"AT3G05570",99.34775388,-0.128614758,0.047995263,-2.679738556,0.007367968,0.028703539,"yes","down",0.403957564609652,0.268085912812678,"constitutive","Flower","mature_pollen"
"AT3G05590",6821.016519,-0.213353932,0.04622356,-4.615696697,3.92e-06,5.57e-05,"yes","down",0.4862407093075,0.206498105225438,"constitutive","Flower","inflorescence_apex"
"AT3G05980",41.12795476,-0.609588863,0.108715771,-5.607179673,2.06e-08,6.25e-07,"yes","down",0.572918226137981,0.382945326074848,"constitutive","Seed_Silique","seed_stage_6"
"AT3G06010",551.3675303,-0.097166461,0.034004758,-2.857437176,0.004270772,0.018612479,"yes","down",0.466636407371925,0.388836356589735,"constitutive","Flower","inflorescence_apex"
"AT3G06040",610.1532661,-0.093268523,0.03618507,-2.577541589,0.009950591,0.036488015,"yes","down",0.492818680910828,0.256416977042614,"constitutive","Leaf_Shoot","shoot_apex_vegetative"
"AT3G06050",1103.009383,0.096835794,0.032762442,2.955695212,0.003119652,0.014422349,"yes","up",0.321078640927255,0.0869762621864931,"constitutive","Flower","stamen"
"AT3G06130",360.6904184,-0.368411322,0.071442268,-5.156769673,2.51e-07,5.34e-06,"yes","down",0.56089783276734,0.520062654485468,"constitutive","Leaf_Shoot","stem"
"AT3G06170",329.880737,0.130721338,0.051226426,2.551834028,0.010715755,0.038745652,"yes","up",0.570250858689364,0.481398256571577,"constitutive","Seed_Silique","seed_stage_10"
"AT3G06410",485.2892941,0.155938662,0.055398165,2.814870503,0.004879689,0.020684639,"yes","up",0.42629689812879,0.222276276102993,"constitutive","Flower","flower_stage_10_11"
"AT3G06540",286.3607638,0.11189427,0.040710781,2.748516951,0.005986554,0.024275445,"yes","up",0.459474734146529,0.248340775025424,"constitutive","Seed_Silique","seed_stage_10"
"AT3G06610",423.4940997,-0.142355455,0.037892138,-3.75685993,0.000172059,0.001327206,"yes","down",0.436725430283491,0.214317754128979,"constitutive","Flower","inflorescence_apex"
"AT3G06620",351.4868128,0.099833708,0.035840611,2.785491224,0.005344669,0.022212601,"yes","up",0.359146031077385,0.21786909679277,"constitutive","Flower","flower_stage_15"
"AT3G06650",2365.174596,-0.121033917,0.040111947,-3.017403196,0.002549505,0.012202938,"yes","down",0.38140086217915,0.284510708422374,"constitutive","Flower","flower_stage_12"
"AT3G06680",546.1608777,-0.283280762,0.06001292,-4.720329567,2.35e-06,3.61e-05,"yes","down",0.587587038596209,0.357834379787112,"constitutive","Leaf_Shoot","shoot_apex_transition"
"AT3G06700",2779.862742,-0.21932339,0.050278194,-4.362197069,1.29e-05,0.000152682,"yes","down",0.52284477697914,0.248326833177319,"constitutive","Leaf_Shoot","shoot_apex_vegetative"
"AT3G06720",1432.931583,0.084824632,0.032275572,2.62813723,0.008585387,0.032464443,"yes","up",0.466396055027948,0.377412313841878,"constitutive","Leaf_Shoot","senescing_leaf"
"AT3G06950",229.1338525,-0.122055859,0.046274124,-2.63766982,0.008347782,0.031786935,"yes","down",0.584008226505965,0.455861690510881,"constitutive","Leaf_Shoot","rosette_vegetative"
"AT3G07040",144.1905046,0.5355409,0.12198344,4.390275429,1.13e-05,0.000136713,"yes","up",0.597464645680468,0.565288143561191,"constitutive","Seedling","seedling_green_parts"
"AT3G07110",3042.656408,-0.242532793,0.055060398,-4.404849992,1.06e-05,0.000129294,"yes","down",0.533315556121262,0.191237087302103,"constitutive","Leaf_Shoot","shoot_apex_vegetative"
"AT3G07170",500.6747451,-0.081273902,0.030243939,-2.687278958,0.007203676,0.028226459,"yes","down",0.48698592417318,0.245626603009641,"constitutive","Leaf_Shoot","shoot_apex_transition"
"AT3G07210",182.1771022,-0.151423079,0.047829052,-3.16592264,0.001545919,0.008181848,"yes","down",0.433212071323792,0.162788680120964,"constitutive","Flower","petal"
"AT3G07370",165.0100804,0.237005439,0.073915544,3.206435689,0.001343903,0.007336692,"yes","up",0.37993585534086,0.0695215570059352,"constitutive","Seed_Silique","seed_stage_8"
"AT3G07420",180.2832165,0.178901517,0.064266293,2.783753505,0.005373385,0.022284802,"yes","up",0.460856660105266,0.450650081843927,"constitutive","Root","root"
"AT3G07510",205.084088,0.26475283,0.070941636,3.7319809,0.00018998,0.001437226,"yes","up",0.532002128738203,0.274275121846043,"constitutive","Flower","inflorescence_apex"
"AT3G07580",54.2523068,0.23804099,0.06971945,3.414269455,0.000639533,0.003946521,"yes","up",0.473574989676758,0.229260286040474,"constitutive","Leaf_Shoot","shoot_apex_transition"
"AT3G07680",707.5035726,-0.083265667,0.031872726,-2.612442555,0.00898978,0.033657439,"yes","down",0.577872628971983,0.543736424153402,"constitutive","Seed_Silique","seed_stage_9"
"AT3G07800",1529.193343,2.88363707,0.309868472,9.306003465,1.33e-20,5.9e-18,"yes","up",0.502119899516216,0.346109393449565,"constitutive","Leaf_Shoot","rosette_vegetative"
"AT3G08010",922.5893193,-0.109802952,0.03403998,-3.225705531,0.001256626,0.006924366,"yes","down",0.471789888183016,0.37396126048797,"constitutive","Leaf_Shoot","rosette_vegetative"
"AT3G08590",2903.98596,0.181685503,0.0564736,3.217175873,0.001294592,0.007100377,"yes","up",0.498665036495427,0.150756038312473,"constitutive","Flower","sepal"
"AT3G08600",272.3563797,-0.197906119,0.060052906,-3.295529417,0.000982364,0.005646738,"yes","down",0.434698202007895,0.293416100887075,"constitutive","Leaf_Shoot","rosette_leaf"
"AT3G08630",277.7698099,-0.19766444,0.054246135,-3.643843747,0.000268597,0.001913456,"yes","down",0.555060700335058,0.530673736030157,"constitutive","Seed_Silique","seed_stage_6"
"AT3G08910",188.0625081,-0.132462914,0.037842907,-3.500336647,0.000464671,0.003030904,"yes","down",0.383496195909029,0.144192967763263,"constitutive","Flower","mature_pollen"
"AT3G09010",43.25927288,0.622916652,0.107351944,5.802565158,6.53e-09,2.3e-07,"yes","up",0.572381321627737,0.146010615529352,"constitutive","Leaf_Shoot","senescing_leaf"
"AT3G09030",191.3850309,0.244098795,0.083176293,2.934715962,0.003338531,0.015245874,"yes","up",0.587690288272586,0.308200333989152,"constitutive","Leaf_Shoot","senescing_leaf"
"AT3G09090",861.8011732,-0.080260366,0.026874446,-2.986493759,0.002821966,0.01329115,"yes","down",0.319824257922091,0.134349706770904,"constitutive","Flower","inflorescence_apex"
"AT3G09200",10220.8507,-0.24004658,0.050840742,-4.721539648,2.34e-06,3.59e-05,"yes","down",0.403729601257588,0.0841724245365044,"constitutive","Leaf_Shoot","shoot_apex_vegetative"
"AT3G09210",1094.265005,-0.117427389,0.038291183,-3.066695214,0.002164394,0.010715982,"yes","down",0.59172551616693,0.5131166102799,"constitutive","Leaf_Shoot","rosette_vegetative"
"AT3G09300",1015.530968,-0.138677372,0.04895679,-2.832648373,0.004616414,0.019818379,"yes","down",0.531613425790967,0.534263046801141,"constitutive","Root","root"
"AT3G09390",3060.463213,0.408233916,0.090611096,4.505341338,6.63e-06,8.69e-05,"yes","up",0.491287114721986,0.345853858336036,"constitutive","Seed_Silique","seed_stage_10"
"AT3G09500",4114.757511,-0.222689621,0.041828762,-5.32383959,1.02e-07,2.49e-06,"yes","down",0.408405802291857,0.14878722111567,"constitutive","Leaf_Shoot","shoot_apex_vegetative"
"AT3G09630",7187.803966,-0.212376914,0.050560511,-4.200450274,2.66e-05,0.000281971,"yes","down",0.447311116398936,0.0889944456833844,"constitutive","Leaf_Shoot","shoot_apex_vegetative"
"AT3G09660",67.96185766,0.38732516,0.079308807,4.88375977,1.04e-06,1.8e-05,"yes","up",0.569451980239876,0.326651801086362,"constitutive","Leaf_Shoot","shoot_apex_transition"
"AT3G09780",77.04094288,-0.358952288,0.106810194,-3.360655697,0.000777577,0.004633423,"yes","down",0.494086950395498,0.273594372341195,"constitutive","Leaf_Shoot","shoot_apex_vegetative"
"AT3G09820",4833.168515,-0.117930034,0.048100345,-2.451750287,0.014216328,0.048540194,"yes","down",0.433740773058189,0.272481078161765,"constitutive","Flower","pedicel"
"AT3G09840",6789.950976,0.268089596,0.06601769,4.060875168,4.89e-05,0.000468481,"yes","up",0.345211898781686,0.212362015311679,"constitutive","Leaf_Shoot","senescing_leaf"
"AT3G09890",206.6157339,-0.166373191,0.047346827,-3.513924854,0.000441538,0.002906554,"yes","down",0.390519020603835,0.188180485993904,"constitutive","Flower","inflorescence_apex"
"AT3G09980",587.6427461,-0.259886316,0.041790747,-6.218752522,5.01e-10,2.41e-08,"yes","down",0.425482104986575,0.323173089364882,"constitutive","Flower","inflorescence_apex"
"AT3G10160",742.163737,-0.201611532,0.052704028,-3.825353389,0.000130585,0.001059656,"yes","down",0.446119870198022,0.342076044309027,"constitutive","Leaf_Shoot","shoot_apex_vegetative_with_leaves"
"AT3G10270",816.8191475,-0.156969528,0.052898955,-2.967346471,0.003003823,0.01399113,"yes","down",0.581537578755379,0.328342885565877,"constitutive","Leaf_Shoot","rosette_vegetative"
"AT3G10300",330.4057425,0.569078783,0.104521542,5.444607586,5.19e-08,1.4e-06,"yes","up",0.426755142978739,0.178703485013738,"constitutive","Flower","mature_pollen"
"AT3G10330",302.2487381,0.0838963,0.031011407,2.705336787,0.006823517,0.026983856,"yes","up",0.28420845739347,0.190362202078296,"constitutive","Seed_Silique","seed_stage_8"
"AT3G10380",1181.587555,0.076068859,0.028159903,2.701318206,0.006906523,0.027225327,"yes","up",0.369663756668388,0.187261712894217,"constitutive","Leaf_Shoot","senescing_leaf"
"AT3G10480",387.1198577,0.293890471,0.080659745,3.643582966,0.000268869,0.001914818,"yes","up",0.563835961293208,0.389795667253815,"constitutive","Leaf_Shoot","senescing_leaf"
"AT3G10640",321.4677983,0.421380989,0.094268994,4.469985015,7.82e-06,0.000100054,"yes","up",0.541313675340746,0.378115583505775,"constitutive","Leaf_Shoot","senescing_leaf"
"AT3G10680",44.72151097,0.292018912,0.106592548,2.739580938,0.006151757,0.024784713,"yes","up",0.586162238657167,0.287650264571049,"constitutive","Seed_Silique","silique_stage_3"
"AT3G10750",2.276368806,0.729111079,0.268762976,2.712840478,0.006670921,0.026482591,"yes","up",0.583370017106478,0.259580416522379,"constitutive","Flower","stamen"
"AT3G10800",361.0919643,0.213272065,0.063586695,3.354036037,0.00079642,0.004729466,"yes","up",0.558354398727008,0.334389349500883,"constitutive","Flower","mature_pollen"
"AT3G10960",124.3749002,-0.193088331,0.06002091,-3.217017745,0.001295306,0.007102639,"yes","down",0.472107638521065,0.342162882084898,"constitutive","Flower","petal"
"AT3G11040",71.00372821,0.174333656,0.064014135,2.723361903,0.006462123,0.025762154,"yes","up",0.505915090519309,0.470744846871039,"constitutive","Leaf_Shoot","shoot_apex_transition"
"AT3G11270",304.4229048,0.247283867,0.051409663,4.810065918,1.51e-06,2.46e-05,"yes","up",0.289473725851764,0.218570362575569,"constitutive","Leaf_Shoot","shoot_apex_transition"
"AT3G11400",1768.945948,-0.174787342,0.030154522,-5.796389158,6.78e-09,2.38e-07,"yes","down",0.409536848355346,0.180502622205846,"constitutive","Flower","inflorescence_apex"
"AT3G11510",4705.283856,-0.213532148,0.046337465,-4.60819658,4.06e-06,5.74e-05,"yes","down",0.454547057323399,0.186802998519107,"constitutive","Leaf_Shoot","shoot_apex_vegetative"
"AT3G11600",124.6881987,0.263826526,0.090056561,2.929564749,0.003394371,0.015452975,"yes","up",0.578086707860462,0.446888362693958,"constitutive","Seed_Silique","silique_stage_5"
"AT3G11630",12054.97982,-0.138006301,0.02445659,-5.642908562,1.67e-08,5.23e-07,"yes","down",0.545147930840486,0.473139842280181,"constitutive","Leaf_Shoot","rosette_leaf"
"AT3G11770",229.8792003,0.109053326,0.039760297,2.7427694,0.006092345,0.024612657,"yes","up",0.512120160223699,0.520955576272547,"constitutive","Root","root"
"AT3G11820",493.5017976,0.921628411,0.169277426,5.444485034,5.2e-08,1.4e-06,"yes","up",0.554634254953629,0.475066760786201,"constitutive","Leaf_Shoot","cotyledon"
"AT3G11830",2268.233469,-0.121997367,0.03890566,-3.135722859,0.001714311,0.008848579,"yes","down",0.528770348886516,0.292236601072973,"constitutive","Leaf_Shoot","shoot_apex_vegetative"
"AT3G11880",245.9816793,0.227616956,0.051305686,4.436486003,9.14e-06,0.000114168,"yes","up",0.509986162225317,0.263065864090936,"constitutive","Leaf_Shoot","senescing_leaf"
"AT3G12360",546.5551562,0.276046242,0.06974317,3.958039808,7.56e-05,0.000671954,"yes","up",0.41674958037581,0.141694021555881,"constitutive","Seed_Silique","seed_stage_8"
"AT3G12390",1900.34969,-0.10503973,0.039903842,-2.632321207,0.008480365,0.032160173,"yes","down",0.543003296026987,0.273549476208974,"constitutive","Leaf_Shoot","shoot_apex_vegetative"
"AT3G12685",126.0746828,-0.218862744,0.052318276,-4.183294298,2.87e-05,0.000300483,"yes","down",0.558152671756062,0.479437450804746,"constitutive","Leaf_Shoot","rosette_leaf"
"AT3G12760",598.3653463,0.094420862,0.037621718,2.50974352,0.012081888,0.042629298,"yes","up",0.328857940763371,0.339892294236037,"constitutive","Flower","carpel"
"AT3G12990",130.5185711,0.133498738,0.052354002,2.549924218,0.010774634,0.03891381,"yes","up",0.448077995859311,0.239488367467637,"constitutive","Flower","inflorescence_apex"
"AT3G13030",243.6481236,0.150090431,0.040121492,3.740898525,0.000183364,0.001397036,"yes","up",0.492189568749392,0.167205016271786,"constitutive","Leaf_Shoot","shoot_apex_transition"
"AT3G13070",1005.715284,-0.102863371,0.033947818,-3.030043693,0.002445184,0.011794926,"yes","down",0.384730044427503,0.315924928215578,"constitutive","Leaf_Shoot","rosette_vegetative"
"AT3G13160",349.9974063,-0.177102366,0.06184135,-2.863817914,0.004185685,0.018319563,"yes","down",0.578012865703798,0.23182625937145,"constitutive","Leaf_Shoot","shoot_apex_vegetative"
"AT3G13235",753.2421934,0.61499531,0.102818853,5.9813477,2.21e-09,8.92e-08,"yes","up",0.317977764733627,0.18937464624369,"constitutive","Flower","flower_stage_9"
"AT3G13290",508.2810378,0.132922644,0.040511434,3.281114289,0.001033978,0.005897404,"yes","up",0.304313567838345,0.138181142375334,"constitutive","Seed_Silique","seed_stage_9"
"AT3G13320",465.8331052,0.139237766,0.039066863,3.564088677,0.000365123,0.00246832,"yes","up",0.42206564844857,0.425983447360701,"constitutive","Root","root"
"AT3G13480",131.9019573,0.187430478,0.064954278,2.885575567,0.003906987,0.017292413,"yes","up",0.300407324920549,0.126489719725088,"constitutive","Leaf_Shoot","stem"
"AT3G13490",998.286873,-0.120271068,0.03400102,-3.537278226,0.000404274,0.00269436,"yes","down",0.426160468397153,0.314551417073763,"constitutive","Leaf_Shoot","shoot_apex_vegetative_with_leaves"
"AT3G13520",1066.276125,-0.259439753,0.078099897,-3.321896208,0.000894079,0.005200132,"yes","down",0.415259899507872,0.152040415699843,"constitutive","Leaf_Shoot","stem"
"AT3G13570",503.2199184,-0.177957468,0.054475654,-3.266733963,0.001087959,0.006148532,"yes","down",0.53479180053552,0.387639744091487,"constitutive","Flower","inflorescence_apex"
"AT3G13620",144.1638611,-0.223560281,0.062963178,-3.55065115,0.000384279,0.002582274,"yes","down",0.404894339281719,0.330324675344695,"constitutive","Flower","flower_stage_9"
"AT3G13740",460.5677835,-0.168470285,0.04236584,-3.97655957,6.99e-05,0.000632954,"yes","down",0.555169625120483,0.474312559396298,"constitutive","Leaf_Shoot","rosette_vegetative"
"AT3G13920",8976.98644,-0.104710805,0.03573616,-2.930107884,0.003388443,0.015431951,"yes","down",0.412576018416302,0.0736044323849485,"constitutive","Leaf_Shoot","shoot_apex_vegetative"
"AT3G14000",138.3899281,-0.227111439,0.060703259,-3.741338472,0.000183043,0.001395494,"yes","down",0.584746872983607,0.377944766979685,"constitutive","Seed_Silique","seed_stage_6"
"AT3G14075",250.3401599,0.200419954,0.03799414,5.275022823,1.33e-07,3.12e-06,"yes","up",0.554816388432091,0.296625471463761,"constitutive","Seed_Silique","seed_stage_9"
"AT3G14100",957.4649131,0.07338974,0.029794237,2.46321927,0.013769568,0.04734558,"yes","up",0.527240736718795,0.11459708907026,"constitutive","Leaf_Shoot","senescing_leaf"
"AT3G14290",674.4892098,0.126771228,0.046954703,2.699862223,0.00693682,0.027321913,"yes","up",0.368285132959514,0.263991521935887,"constitutive","Leaf_Shoot","shoot_apex_vegetative"
"AT3G14330",402.1321541,-0.19742213,0.053380296,-3.698408323,0.000216956,0.001607764,"yes","down",0.480552705034368,0.278962954556984,"constitutive","Leaf_Shoot","rosette_vegetative"
"AT3G14600",2325.153033,-0.125639995,0.029906457,-4.201099322,2.66e-05,0.000281416,"yes","down",0.517343587824917,0.194146565557377,"constitutive","Leaf_Shoot","shoot_apex_vegetative"
"AT3G15120",436.5756008,0.094484456,0.034746618,2.71924178,0.006543176,0.026043635,"yes","up",0.383209883455086,0.202153031276148,"constitutive","Leaf_Shoot","senescing_leaf"
"AT3G15150",84.19911454,0.152422946,0.061049505,2.496710605,0.012535121,0.04390645,"yes","up",0.570850020292962,0.285477664991006,"constitutive","Flower","mature_pollen"
"AT3G15350",267.3276919,0.201539273,0.064996748,3.10075933,0.001930251,0.009753871,"yes","up",0.435911048403515,0.301720711088254,"constitutive","Leaf_Shoot","senescing_leaf"
"AT3G15355",178.3587837,0.27229181,0.055013179,4.949574158,7.44e-07,1.36e-05,"yes","up",0.355738467466741,0.129773433245635,"constitutive","Leaf_Shoot","senescing_leaf"
"AT3G15430",521.6149052,0.316306883,0.071837592,4.403083031,1.07e-05,0.000130217,"yes","up",0.490368500863638,0.498421786202248,"constitutive","Root","root"
"AT3G15530",412.1900728,0.417040985,0.147938505,2.819015804,0.004817115,0.020510539,"yes","up",0.379862544872399,0.209831852416077,"constitutive","Flower","petal"
"AT3G15590",534.390742,0.104835271,0.037860345,2.768999323,0.005622875,0.02309591,"yes","up",0.461085334601631,0.316459205068819,"constitutive","Flower","inflorescence_apex"
"AT3G15710",274.8863939,0.214057858,0.039591341,5.406683715,6.42e-08,1.68e-06,"yes","up",0.382174650130615,0.150491647880224,"constitutive","Flower","stamen"
"AT3G15730",6055.829457,0.219014112,0.047710791,4.590452312,4.42e-06,6.18e-05,"yes","up",0.371867315922529,0.250300984585701,"constitutive","Leaf_Shoot","senescing_leaf"
"AT3G15740",3.744236388,0.574005293,0.2282327,2.515000229,0.011903231,0.042163014,"yes","up",0.555808176794288,0.28993394765974,"constitutive","Seed_Silique","seed_stage_10"
"AT3G15810",677.0284188,0.133289446,0.036772401,3.624714221,0.000289281,0.002038632,"yes","up",0.579477678503281,0.436293396324979,"constitutive","Leaf_Shoot","senescing_leaf"
"AT3G15890",72.44732393,-0.300714742,0.067440522,-4.458962235,8.24e-06,0.000104581,"yes","down",0.394867236525863,0.314902301288443,"constitutive","Leaf_Shoot","hypocotyl"
"AT3G16080",1730.38617,-0.279378199,0.057379433,-4.868960615,1.12e-06,1.91e-05,"yes","down",0.504826471101827,0.213584684930577,"constitutive","Leaf_Shoot","shoot_apex_vegetative"
"AT3G16140",6921.594258,-0.143016347,0.038878864,-3.678511512,0.000234599,0.001714792,"yes","down",0.570419473936089,0.539489993594975,"constitutive","Leaf_Shoot","rosette_leaf"
"AT3G16200",241.4334839,-0.092038059,0.032984518,-2.79034116,0.005265253,0.021948392,"yes","down",0.361584799182116,0.174693527016665,"constitutive","Leaf_Shoot","shoot_apex_transition"
"AT3G16240",5903.530965,-0.474467935,0.15661175,-3.029580697,0.002448935,0.011807883,"yes","down",0.498921103447882,0.446157952249037,"constitutive","Flower","pedicel"
"AT3G16260",633.7887417,-0.105045732,0.039007784,-2.692942778,0.007082442,0.027802567,"yes","down",0.440708068454856,0.233845893719137,"constitutive","Leaf_Shoot","shoot_apex_vegetative_with_leaves"
"AT3G16310",481.0424835,0.153459434,0.052512578,2.922336706,0.003474157,0.015728118,"yes","up",0.592328203941015,0.292032467992608,"constitutive","Flower","mature_pollen"
"AT3G16480",812.6009853,-0.113985662,0.037910908,-3.006671937,0.002641246,0.012587852,"yes","down",0.498671080242162,0.246909219709239,"constitutive","Leaf_Shoot","shoot_apex_transition"
"AT3G16710",34.44424513,0.33442683,0.105355597,3.174267343,0.001502153,0.0079987,"yes","up",0.464608587986601,0.087263538590792,"constitutive","Flower","mature_pollen"
"AT3G16785",391.9816406,0.229620073,0.050021591,4.590419265,4.42e-06,6.18e-05,"yes","up",0.500938618152111,0.139477339603533,"constitutive","Leaf_Shoot","senescing_leaf"
"AT3G17250",101.2558566,0.697948661,0.104495924,6.679195063,2.4e-11,1.6e-09,"yes","up",0.381975886954749,0.254420431775504,"constitutive","Seed_Silique","silique_stage_4"
"AT3G17890",51.0902555,0.454357063,0.115832143,3.922547309,8.76e-05,0.000760741,"yes","up",0.384384188443042,0.118270632140395,"constitutive","Seed_Silique","seed_stage_10"
"AT3G18035",1414.844094,-0.275109934,0.052075825,-5.282872299,1.27e-07,3.02e-06,"yes","down",0.515358232285717,0.367777570333197,"constitutive","Seed_Silique","seed_stage_8"
"AT3G18130",1919.123373,-0.224131583,0.089512477,-2.503914442,0.012282773,0.04317653,"yes","down",0.591545037261766,0.234549521576198,"constitutive","Leaf_Shoot","shoot_apex_vegetative"
"AT3G18190",1791.930651,-0.149770301,0.046686037,-3.208031979,0.001336466,0.007302856,"yes","down",0.574794398795102,0.213811820034091,"constitutive","Leaf_Shoot","shoot_apex_vegetative"
"AT3G18240",315.5808976,-0.191568849,0.060001637,-3.192727052,0.001409361,0.007611195,"yes","down",0.550438726202637,0.142198153695556,"constitutive","Leaf_Shoot","shoot_apex_vegetative_with_leaves"
"AT3G18290",2433.478575,0.550056386,0.16051637,3.426793073,0.000610754,0.003800768,"yes","up",0.487347041903912,0.341327742236387,"constitutive","Leaf_Shoot","rosette_leaf"
"AT3G18670",18.73817879,0.298830338,0.11789784,2.534654909,0.011255815,0.040278327,"yes","up",0.52409565036992,0.189196898871184,"constitutive","Seed_Silique","seed_stage_10"
"AT3G18690",85.17603723,0.607088263,0.15902043,3.817674628,0.000134715,0.001087178,"yes","up",0.580623872957472,0.389089761910902,"constitutive","Seedling","seedling_green_parts"
"AT3G18740",2736.490924,-0.183872391,0.040682991,-4.519638005,6.19e-06,8.24e-05,"yes","down",0.408511991692495,0.246187682991754,"constitutive","Seed_Silique","seed_stage_8"
"AT3G18760",260.4325628,-0.15800709,0.041724843,-3.786882825,0.000152549,0.00120782,"yes","down",0.536051685318982,0.295548081092619,"constitutive","Leaf_Shoot","shoot_apex_transition"
"AT3G18770",87.3059482,0.599961843,0.104151927,5.760448793,8.39e-09,2.88e-07,"yes","up",0.532784569317174,0.29604989443975,"constitutive","Seed_Silique","seed_stage_9"
"AT3G18800",148.9622762,-0.332664192,0.087228374,-3.813715377,0.000136893,0.001102111,"yes","down",0.586600708348033,0.38870683428632,"constitutive","Leaf_Shoot","shoot_apex_transition"
"AT3G18860",858.0535617,0.191154507,0.045985505,4.156842625,3.23e-05,0.000330428,"yes","up",0.311055838949196,0.246681808783449,"constitutive","Flower","flower_stage_10_11"
"AT3G18930",182.9425785,0.146959535,0.058850072,2.497185284,0.012518353,0.043873793,"yes","up",0.517519823346301,0.25476385473406,"constitutive","Seed_Silique","seed_stage_6"
"AT3G18940",312.4708218,0.320823,0.065441413,4.902446118,9.47e-07,1.66e-05,"yes","up",0.536293259086694,0.282616566435913,"constitutive","Leaf_Shoot","shoot_apex_transition"
"AT3G18990",505.9874371,-0.112455539,0.036572218,-3.074889745,0.002105804,0.010477019,"yes","down",0.40132907983819,0.390696268917798,"constitutive","Seed_Silique","seed_stage_6"
"AT3G19220",210.6041481,0.430164943,0.086238901,4.988061501,6.1e-07,1.15e-05,"yes","up",0.502406690496675,0.335904929252323,"constitutive","Leaf_Shoot","rosette_vegetative"
"AT3G19300",69.55315172,0.310801702,0.097775886,3.178715282,0.001479293,0.007894811,"yes","up",0.587450368359391,0.499435572462554,"constitutive","Flower","inflorescence_apex"
"AT3G19515",437.8713857,-0.067955342,0.025651353,-2.649191295,0.008068465,0.030901368,"yes","down",0.547174771051528,0.400126586331292,"constitutive","Flower","inflorescence_apex"
"AT3G19570",227.3993529,-0.163585147,0.051651557,-3.16709034,0.001539725,0.008165564,"yes","down",0.512207444693982,0.448119250829004,"constitutive","Flower","flower_stage_9"
"AT3G19640",397.582428,0.205651356,0.047429545,4.335933591,1.45e-05,0.000169463,"yes","up",0.253512055156494,0.2394130360104,"constitutive","Seed_Silique","silique_stage_4"
"AT3G19770",268.1384231,0.138550735,0.036080518,3.840042879,0.000123013,0.001008971,"yes","up",0.502789361373742,0.377401896878851,"constitutive","Leaf_Shoot","senescing_leaf"
"AT3G19820",4986.699465,-0.323043104,0.060614871,-5.329436495,9.85e-08,2.43e-06,"yes","down",0.544843932090591,0.300397083493601,"constitutive","Flower","flower_stage_10_11"
"AT3G20000",1280.857044,-0.122634209,0.042363713,-2.894793672,0.003794078,0.016887803,"yes","down",0.568478914514012,0.331329483093819,"constitutive","Leaf_Shoot","shoot_apex_vegetative"
"AT3G20050",2719.027807,-0.142381575,0.04578715,-3.10964049,0.001873152,0.009524847,"yes","down",0.589046087225658,0.271384488984083,"constitutive","Leaf_Shoot","shoot_apex_transition"
"AT3G20490",212.2582528,1.187755568,0.184064764,6.452922029,1.1e-10,6.28e-09,"yes","up",0.442408075422433,0.181665122760051,"constitutive","Flower","inflorescence_apex"
"AT3G20500",299.4288461,0.388220474,0.060574698,6.40895433,1.47e-10,8.17e-09,"yes","up",0.591034383547258,0.641861007918084,"constitutive","Seed_Silique","seed_stage_7"
"AT3G20740",271.2750242,-0.19213345,0.039457915,-4.869325927,1.12e-06,1.91e-05,"yes","down",0.513262152521319,0.229093933124333,"constitutive","Leaf_Shoot","shoot_apex_transition"
"AT3G20840",38.53493349,-0.50110271,0.122990321,-4.074326398,4.61e-05,0.000447671,"yes","down",0.561457736446038,0.440476241714757,"constitutive","Seed_Silique","seed_stage_9"
"AT3G21200",1368.648051,-0.170382913,0.040548518,-4.201951684,2.65e-05,0.000280737,"yes","down",0.569116990459867,0.442136672532192,"constitutive","Leaf_Shoot","shoot_apex_vegetative_with_leaves"
"AT3G21220",454.4933149,0.179134778,0.054523659,3.285450398,0.001018195,0.005818643,"yes","up",0.41760566714441,0.197937736719142,"constitutive","Flower","mature_pollen"
"AT3G21280",168.4912402,0.236110441,0.058129247,4.061818347,4.87e-05,0.000466781,"yes","up",0.377785805863418,0.244473245531341,"constitutive","Leaf_Shoot","shoot_apex_vegetative"
"AT3G21610",225.0149896,0.461403202,0.090566215,5.094650396,3.49e-07,7.09e-06,"yes","up",0.327221932259231,0.263917418309401,"constitutive","Flower","petal"
"AT3G21630",324.1656805,0.253388475,0.061806271,4.0997211,4.14e-05,0.000406967,"yes","up",0.481760079565393,0.419786816127879,"constitutive","Leaf_Shoot","senescing_leaf"
"AT3G21650",191.9109164,0.138591062,0.049718916,2.787491637,0.005311783,0.022091505,"yes","up",0.577083608438689,0.372706892062435,"constitutive","Seed_Silique","seed_stage_10"
"AT3G21810",146.8529856,0.170437679,0.049743144,3.426355151,0.00061174,0.003805898,"yes","up",0.409527956053042,0.236909540266779,"constitutive","Leaf_Shoot","senescing_leaf"
"AT3G22230",2965.791584,-0.268259022,0.050024932,-5.362506517,8.21e-08,2.06e-06,"yes","down",0.533176004971138,0.120908754804845,"constitutive","Leaf_Shoot","shoot_apex_transition"
"AT3G22430",112.8751907,0.16640051,0.06000561,2.773082556,0.005552803,0.022883956,"yes","up",0.510536028773554,0.197131317375614,"constitutive","Leaf_Shoot","senescing_leaf"
"AT3G22630",720.3214812,0.315516817,0.067976831,4.641534674,3.46e-06,5.02e-05,"yes","up",0.342275431852425,0.254656866192776,"constitutive","Seed_Silique","seed_stage_9"
"AT3G22950",293.7590623,0.152920873,0.037232112,4.107230648,4e-05,0.000396113,"yes","up",0.384489606425203,0.404159878233467,"constitutive","Root","root"
"AT3G23280",851.8902656,0.23065755,0.046986038,4.909065785,9.15e-07,1.62e-05,"yes","up",0.565036021988764,0.209192675051183,"constitutive","Leaf_Shoot","senescing_leaf"
"AT3G23390",2196.292062,-0.253753157,0.044204787,-5.740399917,9.45e-09,3.18e-07,"yes","down",0.500293095914591,0.117119208561858,"constitutive","Leaf_Shoot","shoot_apex_vegetative"
"AT3G23590",532.161555,-0.118333274,0.032944427,-3.591905685,0.000328269,0.002263978,"yes","down",0.437997038431604,0.203425485455528,"constitutive","Seed_Silique","seed_stage_6"
"AT3G23600",1877.19491,0.11747281,0.044957275,2.612987778,0.008975451,0.033626559,"yes","up",0.530653582783579,0.54034622497424,"constitutive","Leaf_Shoot","senescing_leaf"
"AT3G23710",219.222333,0.166979276,0.046341627,3.603224263,0.000314294,0.002183571,"yes","up",0.45845392304708,0.246452186324274,"constitutive","Leaf_Shoot","shoot_apex_vegetative_with_leaves"
"AT3G24430",1783.863296,-0.141923241,0.033124443,-4.28454724,1.83e-05,0.000205151,"yes","down",0.596576098013869,0.545280874771792,"constitutive","Leaf_Shoot","rosette_vegetative"
"AT3G24506",307.0155723,-0.165731426,0.034144084,-4.85388406,1.21e-06,2.04e-05,"yes","down",0.493094060419541,0.420522527534191,"constitutive","Seed_Silique","seed_stage_9"
"AT3G24630",67.63362629,-0.232619638,0.065763717,-3.537203312,0.000404388,0.00269436,"yes","down",0.540663493374209,0.454127089499731,"constitutive","Flower","carpel"
"AT3G24780",19.28859218,0.647327003,0.130726626,4.951760969,7.35e-07,1.35e-05,"yes","up",0.556855939569631,0.242676967392953,"constitutive","Flower","mature_pollen"
"AT3G24830",5514.430883,-0.214113689,0.037277263,-5.743814677,9.26e-09,3.13e-07,"yes","down",0.383721109983722,0.110365990606611,"constitutive","Flower","inflorescence_apex"
"AT3G24890",48.49460218,0.640808022,0.137798093,4.650340287,3.31e-06,4.83e-05,"yes","up",0.418600730818397,0.281499447660566,"constitutive","Leaf_Shoot","shoot_apex_transition"
"AT3G25410",510.7122283,-0.148473247,0.058726395,-2.52822,0.011464249,0.040859804,"yes","down",0.576955609792162,0.382903983540924,"constitutive","Seed_Silique","silique_stage_5"
"AT3G25500",977.0800944,0.153898982,0.050910746,3.022917461,0.002503505,0.012024272,"yes","up",0.454877290113647,0.184617467730397,"constitutive","Flower","inflorescence_apex"
"AT3G25520",9858.395693,-0.169408178,0.038271868,-4.426441345,9.58e-06,0.000118608,"yes","down",0.513926768910363,0.161837553038524,"constitutive","Leaf_Shoot","shoot_apex_vegetative"
"AT3G25540",425.9676069,-0.072391919,0.028783171,-2.515077988,0.011900606,0.042163014,"yes","down",0.421996871179437,0.416378453385185,"constitutive","Root","root"
"AT3G25545",281.7085922,0.503143816,0.088735648,5.670143036,1.43e-08,4.59e-07,"yes","up",0.399973106711159,0.0699084943648089,"constitutive","Leaf_Shoot","shoot_apex_transition"
"AT3G25660",2488.393968,-0.161226239,0.042395764,-3.80288555,0.00014302,0.001145962,"yes","down",0.594253210780007,0.484138096434571,"constitutive","Leaf_Shoot","rosette_vegetative"
"AT3G25805",320.2057765,-0.165068709,0.04818385,-3.425809901,0.000612969,0.003811495,"yes","down",0.580290749497181,0.503383873801426,"constitutive","Leaf_Shoot","rosette_leaf"
"AT3G26350",17.16868868,0.386673797,0.117364974,3.294626877,0.000985524,0.005663522,"yes","up",0.498215584846253,0.227241854214656,"constitutive","Flower","carpel"
"AT3G26370",506.3767734,-0.069938214,0.025170752,-2.778550809,0.005460197,0.022565433,"yes","down",0.356794534032051,0.165142100680093,"constitutive","Flower","inflorescence_apex"
"AT3G26400",459.9784459,0.086668592,0.033297824,2.602830483,0.009245766,0.03442591,"yes","up",0.294740775838635,0.24126451078038,"constitutive","Leaf_Shoot","shoot_apex_transition"
"AT3G26520",14243.24598,-0.211544687,0.073957451,-2.860356657,0.004231648,0.018488045,"yes","down",0.54565345042096,0.333201901405562,"constitutive","Leaf_Shoot","rosette_vegetative"
"AT3G26630",291.3509685,-0.157373103,0.045161409,-3.484680983,0.000492724,0.003181316,"yes","down",0.483981308769588,0.334374803125548,"constitutive","Leaf_Shoot","cotyledon"
"AT3G26650",29750.65742,-0.176805273,0.045944066,-3.848272227,0.000118954,0.000982171,"yes","down",0.488798528372435,0.493980842314398,"constitutive","Seedling","whole_plant_pre_bolting"
"AT3G26720",917.9131486,0.245089433,0.069889106,3.506833132,0.000453473,0.002972672,"yes","up",0.523610926550785,0.526966158648579,"constitutive","Root","root"
"AT3G26750",59.63701075,-0.222035227,0.061609287,-3.603924627,0.000313448,0.002179619,"yes","down",0.473840991538661,0.39270873070133,"constitutive","Leaf_Shoot","shoot_apex_transition"
"AT3G26910",208.9566655,0.544904404,0.128008472,4.256783912,2.07e-05,0.000228127,"yes","up",0.52523475605829,0.362341357105244,"constitutive","Seedling","seedling_green_parts"
"AT3G26980",223.855114,0.476677371,0.084426791,5.646043954,1.64e-08,5.15e-07,"yes","up",0.467779107784926,0.253636582413984,"constitutive","Seedling","seedling_green_parts"
"AT3G27000",102.2030005,0.204672049,0.04964732,4.122519578,3.75e-05,0.000374798,"yes","up",0.518849629306175,0.40653645966745,"constitutive","Leaf_Shoot","senescing_leaf"
"AT3G27010",142.0420893,0.744697573,0.131858868,5.647686701,1.63e-08,5.11e-07,"yes","up",0.366479979553934,0.166654815793428,"constitutive","Leaf_Shoot","senescing_leaf"
"AT3G27090",2019.534181,0.378445909,0.083072683,4.555599904,5.22e-06,7.13e-05,"yes","up",0.490582729432412,0.223528822400696,"constitutive","Flower","mature_pollen"
"AT3G27320",316.0546766,0.148616142,0.042744762,3.476826964,0.000507385,0.003256355,"yes","up",0.348984345568702,0.305470279269077,"constitutive","Seed_Silique","seed_stage_8"
"AT3G27520",79.22314023,-0.22633351,0.069151632,-3.273003147,0.001064113,0.006035692,"yes","down",0.455132764438637,0.178978399027602,"constitutive","Flower","inflorescence_apex"
"AT3G27560",199.386907,0.352780676,0.078688956,4.483229839,7.35e-06,9.48e-05,"yes","up",0.552145210382341,0.357612185109425,"constitutive","Leaf_Shoot","senescing_leaf"
"AT3G27610",128.6991701,0.3002416,0.065876421,4.557648974,5.17e-06,7.07e-05,"yes","up",0.342296568373103,0.340266893133403,"constitutive","Leaf_Shoot","senescing_leaf"
"AT3G27670",371.7402447,0.127013124,0.039791785,3.191943368,0.00141319,0.007626634,"yes","up",0.581635569621568,0.225399737949964,"constitutive","Leaf_Shoot","senescing_leaf"
"AT3G27830",8985.450418,-0.1428751,0.032331571,-4.419058323,9.91e-06,0.000122156,"yes","down",0.520056071643757,0.473265316679617,"constitutive","Leaf_Shoot","rosette_leaf"
"AT3G27880",156.557455,0.261422737,0.091816968,2.847215953,0.004410343,0.019073641,"yes","up",0.569447953308899,0.614456209101039,"constitutive","Root","root"
"AT3G28030",224.7433803,0.198405175,0.046664964,4.251694627,2.12e-05,0.000232723,"yes","up",0.396090045413452,0.219936803230606,"constitutive","Seed_Silique","seed_stage_9"
"AT3G28420",26.90843488,-0.481578222,0.157088113,-3.065656678,0.002171925,0.010741183,"yes","down",0.527192193089674,0.222446087878076,"constitutive","Leaf_Shoot","hypocotyl"
"AT3G28450",256.1778352,0.334733125,0.072471398,4.618830801,3.86e-06,5.51e-05,"yes","up",0.588092342558444,0.397276870104352,"constitutive","Leaf_Shoot","senescing_leaf"
"AT3G28480",246.8512457,0.213539185,0.062825102,3.398946867,0.000676459,0.004131129,"yes","up",0.383331542198453,0.186707975000522,"constitutive","Leaf_Shoot","shoot_apex_transition"
"AT3G28690",554.411548,0.103817164,0.035355193,2.936404987,0.003320405,0.015192529,"yes","up",0.464126497407826,0.485147780329911,"constitutive","Leaf_Shoot","senescing_leaf"
"AT3G28900",1146.795475,-0.266156945,0.051170882,-5.201335864,1.98e-07,4.36e-06,"yes","down",0.538170474681826,0.139179472949441,"constitutive","Leaf_Shoot","shoot_apex_vegetative"
"AT3G29075",418.3030193,0.203970819,0.046377871,4.398020331,1.09e-05,0.000133015,"yes","up",0.488425090808297,0.462974368913795,"constitutive","Flower","inflorescence_apex"
"AT3G29375",202.3031223,-0.206007063,0.081956267,-2.513621857,0.011949849,0.042290014,"yes","down",0.486837062093457,0.295281507939497,"constitutive","Leaf_Shoot","shoot_apex_transition"
"AT3G29400",215.0277334,0.192123904,0.041410837,4.639459562,3.49e-06,5.06e-05,"yes","up",0.50122113472765,0.348526859742049,"constitutive","Leaf_Shoot","senescing_leaf"
"AT3G32930",912.165181,-0.105617099,0.034318007,-3.077600041,0.002086748,0.010404168,"yes","down",0.470056282834081,0.418629805105678,"constitutive","Leaf_Shoot","rosette_vegetative"
"AT3G43540",612.6698278,-0.090834953,0.035020308,-2.593779378,0.009492738,0.035151164,"yes","down",0.518760007256743,0.449394795027959,"constitutive","Leaf_Shoot","cauline_leaf"
"AT3G43610",549.3435397,-0.086086462,0.03190122,-2.698531974,0.006964605,0.027403877,"yes","down",0.466268792833249,0.330384934300268,"constitutive","Leaf_Shoot","shoot_apex_transition"
"AT3G43700",121.7118586,0.138788198,0.048162094,2.88168944,0.003955494,0.017448139,"yes","up",0.570892970787495,0.176234559315978,"constitutive","Flower","mature_pollen"
"AT3G43740",209.054557,0.123539883,0.04791976,2.578057193,0.009935755,0.03644811,"yes","up",0.447942332997291,0.256850946244541,"constitutive","Flower","carpel"
"AT3G43810",1373.517492,-0.153487291,0.033744722,-4.548482836,5.4e-06,7.34e-05,"yes","down",0.443280793352044,0.434736443821561,"constitutive","Leaf_Shoot","shoot_apex_transition"
"AT3G43980",360.9845339,-0.153420001,0.045155678,-3.397579403,0.000679849,0.004148607,"yes","down",0.375421760384378,0.148230533308541,"constitutive","Leaf_Shoot","shoot_apex_vegetative_with_leaves"
"AT3G44300",381.028363,0.506106367,0.096093694,5.26680103,1.39e-07,3.24e-06,"yes","up",0.478635655139196,0.322334387597269,"constitutive","Leaf_Shoot","senescing_leaf"
"AT3G44330",1323.841682,-0.082386969,0.027147962,-3.034738641,0.002407442,0.011645933,"yes","down",0.493528079123517,0.489073195430856,"constitutive","Root","root"
"AT3G44620",690.9894476,0.137899889,0.03898539,3.537219661,0.000404363,0.00269436,"yes","up",0.545915882099994,0.481086988008365,"constitutive","Flower","sepal"
"AT3G44720",519.190292,0.228468989,0.086523079,2.64055546,0.008277024,0.031587536,"yes","up",0.57539862450426,0.320252361612212,"constitutive","Seed_Silique","seed_stage_6"
"AT3G45030",1658.794716,-0.24656043,0.047063802,-5.238854918,1.62e-07,3.7e-06,"yes","down",0.42707351385395,0.155960171786711,"constitutive","Flower","inflorescence_apex"
"AT3G45230",154.7638307,-0.342285612,0.068133514,-5.023748074,5.07e-07,9.82e-06,"yes","down",0.411992964561391,0.142878833383942,"constitutive","Seed_Silique","silique_stage_3"
"AT3G45740",180.7406336,-0.201071816,0.071810667,-2.800027157,0.005109831,0.021448369,"yes","down",0.402047274741806,0.186046478124763,"constitutive","Leaf_Shoot","shoot_apex_transition"
"AT3G45750",118.0734728,-0.14335606,0.056839779,-2.522107973,0.01166539,0.04148527,"yes","down",0.45836295662991,0.161917262527224,"constitutive","Flower","mature_pollen"
"AT3G45830",402.3963184,0.126392855,0.050278285,2.513865686,0.01194159,0.042273481,"yes","up",0.480396846097604,0.252682909912767,"constitutive","Leaf_Shoot","senescing_leaf"
"AT3G45980",1570.22651,-0.459248475,0.067946027,-6.759018855,1.39e-11,9.83e-10,"yes","down",0.592542370133665,0.245231107742686,"constitutive","Leaf_Shoot","shoot_apex_transition"
"AT3G46000",852.7408256,0.109925014,0.039882621,2.756213398,0.005847483,0.023798813,"yes","up",0.445534141697353,0.236433044060122,"constitutive","Flower","petal"
"AT3G46040",1295.466628,-0.165811301,0.034031645,-4.872268175,1.1e-06,1.89e-05,"yes","down",0.400912887544065,0.20197611626654,"constitutive","Leaf_Shoot","shoot_apex_vegetative_with_leaves"
"AT3G46430",774.2921707,-0.108283703,0.034062851,-3.178938301,0.001478156,0.007894101,"yes","down",0.284190016123074,0.239278142618111,"constitutive","Flower","sepal"
"AT3G46450",348.3253708,0.244928009,0.05258708,4.657570017,3.2e-06,4.7e-05,"yes","up",0.496643952346562,0.269429793042373,"constitutive","Flower","petal"
"AT3G46460",307.8619792,0.105983959,0.032979449,3.213636487,0.001310655,0.007176787,"yes","up",0.478422742213394,0.258741071731947,"constitutive","Flower","petal"
"AT3G46510",848.8679679,0.158693455,0.043925337,3.612799944,0.000302908,0.002118333,"yes","up",0.502673335187547,0.196299848308122,"constitutive","Leaf_Shoot","senescing_leaf"
"AT3G46600",704.1286859,1.135751763,0.185057316,6.137297291,8.39e-10,3.72e-08,"yes","up",0.568247781833696,0.391334236052014,"constitutive","Leaf_Shoot","cotyledon"
"AT3G46620",437.0548076,0.824953883,0.135138431,6.104509834,1.03e-09,4.46e-08,"yes","up",0.592376035435963,0.41733548904355,"constitutive","Seed_Silique","seed_stage_8"
"AT3G46630",398.8462512,-0.152048015,0.041149923,-3.694976902,0.000219907,0.001625545,"yes","down",0.543536955344691,0.467582883723228,"constitutive","Leaf_Shoot","rosette_vegetative"
"AT3G46760",7.069638292,-0.6735268,0.202073242,-3.333082571,0.000858894,0.005033993,"yes","down",0.573604658394151,0.423624668412599,"constitutive","Seed_Silique","seed_stage_10"
"AT3G46790",305.8856543,0.137085768,0.052067878,2.632828021,0.008467721,0.032132903,"yes","up",0.367139860422703,0.173802922743217,"constitutive","Leaf_Shoot","senescing_leaf"
"AT3G47180",15.39356578,0.329417498,0.129756526,2.538735486,0.01112539,0.039926058,"yes","up",0.586753579065696,0.582002178180676,"constitutive","Root","root"
"AT3G47390",289.7380534,-0.095149715,0.03241289,-2.935551692,0.003329551,0.015216656,"yes","down",0.27418181732451,0.142845432643665,"constitutive","Leaf_Shoot","shoot_apex_transition"
"AT3G47620",668.0825216,-0.229224502,0.085067335,-2.694624227,0.007046805,0.027671888,"yes","down",0.48973461281686,0.344415718465701,"constitutive","Leaf_Shoot","hypocotyl"
"AT3G47670",326.5455689,0.158514036,0.050090344,3.164562709,0.001553162,0.008203604,"yes","up",0.474859606192263,0.41089117923464,"constitutive","Seed_Silique","seed_stage_10"
"AT3G47990",312.9435029,0.229288116,0.051749173,4.430759002,9.39e-06,0.000116503,"yes","up",0.298517595459008,0.34787058429083,"constitutive","Root","root"
"AT3G48090",454.5162391,0.927698715,0.137362521,6.753652376,1.44e-11,1.02e-09,"yes","up",0.59007096931296,0.384771119833966,"constitutive","Leaf_Shoot","senescing_leaf"
"AT3G48110",1418.533904,-0.185184168,0.04961776,-3.732215429,0.000189803,0.001436932,"yes","down",0.577444947676085,0.46606497851296,"constitutive","Leaf_Shoot","rosette_vegetative"
"AT3G48170",1247.948719,0.072229943,0.024932963,2.896965927,0.003767907,0.01678716,"yes","up",0.414087519040112,0.437239166478621,"constitutive","Root","root"
"AT3G48610",705.9532809,0.294583486,0.101213881,2.910504792,0.003608454,0.016214658,"yes","up",0.519035584248382,0.419590234924589,"constitutive","Seed_Silique","silique_stage_3"
"AT3G48680",625.0325174,0.078684285,0.032063259,2.454032661,0.014126415,0.048308298,"yes","up",0.407459273103939,0.419272319058824,"constitutive","Root","root"
"AT3G48750",552.3449046,0.100875636,0.034479086,2.925705031,0.003436766,0.01558878,"yes","up",0.416326336387115,0.236191033388385,"constitutive","Leaf_Shoot","stem"
"AT3G48760",541.4503232,0.130320325,0.041230066,3.160808067,0.001573321,0.008279577,"yes","up",0.540427306121879,0.260129539762365,"constitutive","Leaf_Shoot","senescing_leaf"
"AT3G48930",4202.808418,-0.220256134,0.043511272,-5.062047628,4.15e-07,8.25e-06,"yes","down",0.509146184834335,0.138556042552097,"constitutive","Leaf_Shoot","shoot_apex_vegetative"
"AT3G48960",3.859007557,2.036735194,0.396597166,5.135526348,2.81e-07,5.88e-06,"yes","up",0.389775928106204,0.209389104704407,"constitutive","Leaf_Shoot","shoot_apex_vegetative"
"AT3G49010",6861.373231,-0.263789301,0.055942918,-4.715329668,2.41e-06,3.69e-05,"yes","down",0.41759918159051,0.0695859855759883,"constitutive","Leaf_Shoot","shoot_apex_vegetative_with_leaves"
"AT3G49060",294.6988431,0.095565247,0.036972958,2.584733628,0.009745426,0.035889535,"yes","up",0.306486756490679,0.133000656640029,"constitutive","Leaf_Shoot","senescing_leaf"
"AT3G49080",782.692242,-0.156390929,0.049436586,-3.163465384,0.001559029,0.008225025,"yes","down",0.557222998012992,0.268327367719082,"constitutive","Leaf_Shoot","shoot_apex_vegetative"
"AT3G49100",137.6401311,-0.130860298,0.047382002,-2.761814456,0.005748113,0.02349172,"yes","down",0.439864535707893,0.271537578198739,"constitutive","Seed_Silique","seed_stage_6"
"AT3G49140",1178.205346,-0.112926328,0.037802539,-2.98726833,0.002814825,0.013260398,"yes","down",0.553706439181876,0.441333645268334,"constitutive","Leaf_Shoot","shoot_apex_vegetative_with_leaves"
"AT3G49180",207.4616913,-0.13552003,0.048122484,-2.816147872,0.004860329,0.020636212,"yes","down",0.568608881768505,0.220821422428366,"constitutive","Leaf_Shoot","shoot_apex_transition"
"AT3G49350",292.4509346,0.300209156,0.061765877,4.860437049,1.17e-06,1.98e-05,"yes","up",0.406377703136933,0.313380469619206,"constitutive","Leaf_Shoot","senescing_leaf"
"AT3G49390",542.7507123,0.236669982,0.051543985,4.591612058,4.4e-06,6.15e-05,"yes","up",0.383445295225572,0.409093909795467,"constitutive","Flower","carpel"
"AT3G49470",1035.486852,-0.170921939,0.039800427,-4.294475054,1.75e-05,0.000198115,"yes","down",0.492086150672955,0.374156551327798,"constitutive","Leaf_Shoot","shoot_apex_vegetative_with_leaves"
"AT3G49490",768.6088256,0.156462711,0.045027099,3.474856604,0.000511126,0.003274126,"yes","up",0.509270358741564,0.368583592717335,"constitutive","Seed_Silique","seed_stage_10"
"AT3G49530",439.2589981,1.073562083,0.180821498,5.937137409,2.9e-09,1.11e-07,"yes","up",0.544414403535144,0.373870677328152,"constitutive","Seed_Silique","seed_stage_10"
"AT3G49560",1136.687273,-0.083953159,0.034413757,-2.439523221,0.014706657,0.049946699,"yes","down",0.467522448590145,0.276766666675758,"constitutive","Leaf_Shoot","shoot_apex_vegetative_with_leaves"
"AT3G49725",188.7038252,0.164196452,0.053667061,3.059538765,0.002216781,0.010916269,"yes","up",0.399981948979503,0.209817729037094,"constitutive","Flower","flower_stage_9"
"AT3G49890",99.66823617,-0.173159005,0.061441208,-2.818287762,0.004828052,0.020536208,"yes","down",0.579117864376174,0.327521601055249,"constitutive","Leaf_Shoot","shoot_apex_transition"
"AT3G49910",6597.889054,-0.289320425,0.048558912,-5.958132351,2.55e-09,1e-07,"yes","down",0.402566349280782,0.0693968839590953,"constitutive","Leaf_Shoot","shoot_apex_vegetative"
"AT3G50340",207.7588376,-0.257270325,0.093192119,-2.760644634,0.005768741,0.023563772,"yes","down",0.373394504155811,0.143278219411013,"constitutive","Flower","petal"
"AT3G50360",341.8897765,0.174789481,0.038281415,4.565909653,4.97e-06,6.84e-05,"yes","up",0.319294226911609,0.312596611663219,"constitutive","Seed_Silique","silique_stage_4"
"AT3G50380",656.6068962,0.096558947,0.034697392,2.782887778,0.005387744,0.022313594,"yes","up",0.52655643792523,0.258819842624011,"constitutive","Seed_Silique","seed_stage_9"
"AT3G50760",61.80731289,0.384762714,0.125881021,3.056558566,0.002238937,0.011004685,"yes","up",0.561262201787921,0.24939676408709,"constitutive","Flower","sepal"
"AT3G50780",225.9788178,-0.23688819,0.036504314,-6.489320412,8.62e-11,5.07e-09,"yes","down",0.463195599606947,0.453399966052487,"constitutive","Flower","inflorescence_apex"
"AT3G51010",555.0198071,-0.10219997,0.026084407,-3.918048473,8.93e-05,0.000773367,"yes","down",0.417916028164291,0.201833274108245,"constitutive","Leaf_Shoot","shoot_apex_transition"
"AT3G51140",1171.438959,-0.074504176,0.02904752,-2.564906621,0.010320358,0.03761314,"yes","down",0.564283673136166,0.437126552730117,"constitutive","Leaf_Shoot","rosette_vegetative"
"AT3G51260",1607.57326,0.303798379,0.064369445,4.71960537,2.36e-06,3.62e-05,"yes","up",0.396114705974013,0.206164306599516,"constitutive","Leaf_Shoot","shoot_apex_vegetative"
"AT3G51320",120.6312679,-0.211161805,0.065254729,-3.235961745,0.001212336,0.006713273,"yes","down",0.500869856218231,0.307351025910651,"constitutive","Leaf_Shoot","shoot_apex_transition"
"AT3G51450",88.11205893,0.581490853,0.138896468,4.186505689,2.83e-05,0.000296923,"yes","up",0.587741560868549,0.451194569953811,"constitutive","Leaf_Shoot","cotyledon"
"AT3G51800",2902.039039,-0.149244803,0.052788547,-2.827219355,0.004695415,0.020084381,"yes","down",0.537413603940711,0.159181504207588,"constitutive","Leaf_Shoot","shoot_apex_vegetative"
"AT3G51850",780.4771176,-0.088774827,0.025357187,-3.500972987,0.000463563,0.003024513,"yes","down",0.410812127962207,0.291945950185047,"constitutive","Leaf_Shoot","shoot_apex_transition"
"AT3G52110",172.2985811,-0.977795308,0.213238668,-4.585450265,4.53e-06,6.31e-05,"yes","down",0.544754471567421,0.547076491136728,"constitutive","Seed_Silique","seed_stage_8"
"AT3G52220",635.9867115,0.141453565,0.043919166,3.220770778,0.001278464,0.007026631,"yes","up",0.32731129836057,0.139545667286124,"constitutive","Flower","mature_pollen"
"AT3G52240",316.2962824,0.182728005,0.07428737,2.459745254,0.013903567,0.047721138,"yes","up",0.504223648854675,0.20253392119758,"constitutive","Leaf_Shoot","senescing_leaf"
"AT3G52490",124.2570635,-0.156533691,0.059741656,-2.620176638,0.008788423,0.033052835,"yes","down",0.547676504879782,0.544688646890815,"constitutive","Root","root"
"AT3G52580",1392.510303,-0.242224418,0.050455589,-4.800745033,1.58e-06,2.56e-05,"yes","down",0.519963738957119,0.231047741738605,"constitutive","Leaf_Shoot","shoot_apex_vegetative"
"AT3G52590",5733.473331,-0.194856074,0.035286348,-5.522137716,3.35e-08,9.54e-07,"yes","down",0.407614247337363,0.186701487705474,"constitutive","Seed_Silique","seed_stage_6"
"AT3G52730",1165.142729,-0.084436015,0.029864796,-2.827275789,0.004694588,0.020084381,"yes","down",0.326883390711514,0.321114481043705,"constitutive","Leaf_Shoot","shoot_apex_vegetative"
"AT3G52850",1604.432025,0.194103634,0.048904179,3.969060228,7.22e-05,0.000648969,"yes","up",0.556103771495104,0.493053801640218,"constitutive","Seed_Silique","seed_stage_7"
"AT3G52880",4623.742912,0.236953328,0.054839387,4.320860277,1.55e-05,0.000179333,"yes","up",0.49336435527294,0.262389559742651,"constitutive","Flower","sepal"
"AT3G52940",418.1920562,-0.175938664,0.042460004,-4.143632797,3.42e-05,0.000347044,"yes","down",0.403338580353284,0.287558497831003,"constitutive","Leaf_Shoot","shoot_apex_vegetative"
"AT3G52960",6345.428148,-0.128823879,0.035511573,-3.627659079,0.000286003,0.002020359,"yes","down",0.577216721826603,0.315486050593221,"constitutive","Seed_Silique","seed_stage_6"
"AT3G53020",5494.047555,-0.228277616,0.041059984,-5.559612896,2.7e-08,7.94e-07,"yes","down",0.429167393888048,0.121182902881806,"constitutive","Leaf_Shoot","shoot_apex_vegetative"
"AT3G53160",17.50955346,0.388307824,0.129938946,2.988386753,0.002804544,0.013223765,"yes","up",0.36674382975163,0.302006528043163,"constitutive","Leaf_Shoot","shoot_apex_vegetative"
"AT3G53270",194.1316663,0.156196883,0.045294273,3.448490761,0.000563729,0.003547458,"yes","up",0.515723026473335,0.0723463191246554,"constitutive","Leaf_Shoot","senescing_leaf"
"AT3G53390",303.2468279,0.132572092,0.036709835,3.611350764,0.000304606,0.002128182,"yes","up",0.429478407716754,0.195766016178084,"constitutive","Leaf_Shoot","senescing_leaf"
"AT3G53420",7115.239297,-0.350144301,0.085088608,-4.115054981,3.87e-05,0.000385338,"yes","down",0.52256691078878,0.321709682495293,"constitutive","Leaf_Shoot","stem"
"AT3G53430",4841.227653,-0.241065383,0.049760235,-4.84453871,1.27e-06,2.13e-05,"yes","down",0.485153764537472,0.11807992463037,"constitutive","Leaf_Shoot","shoot_apex_vegetative"
"AT3G53440",86.20722762,-0.143255963,0.053777395,-2.663869526,0.007724752,0.029837059,"yes","down",0.587080689855909,0.175537756100508,"constitutive","Leaf_Shoot","shoot_apex_transition"
"AT3G53520",780.3429253,0.080254327,0.030839205,2.602347426,0.0092588,0.034452676,"yes","up",0.438444481655063,0.279819045221138,"constitutive","Flower","stamen"
"AT3G53540",458.2974328,0.151102198,0.060166882,2.511384894,0.01202585,0.042482445,"yes","up",0.536001827463984,0.296632253174652,"constitutive","Flower","inflorescence_apex"
"AT3G53560",1240.414875,-0.103443233,0.040400389,-2.560451385,0.010453629,0.037951877,"yes","down",0.561667248637234,0.362458711052192,"constitutive","Leaf_Shoot","shoot_apex_vegetative_with_leaves"
"AT3G53570",238.2060568,0.142266638,0.038944449,3.653065901,0.000259128,0.001863459,"yes","up",0.3252027838584,0.241687033049543,"constitutive","Flower","petal"
"AT3G53580",1490.965762,-0.108842785,0.021399183,-5.08630554,3.65e-07,7.39e-06,"yes","down",0.394831346614403,0.116973062914961,"constitutive","Leaf_Shoot","shoot_apex_vegetative"
"AT3G53700",410.6439875,-0.18205654,0.06297595,-2.890889956,0.003841526,0.017063557,"yes","down",0.542432717769799,0.383682047095782,"constitutive","Leaf_Shoot","rosette_vegetative"
"AT3G53740",3060.317077,-0.16528136,0.041991848,-3.936034426,8.28e-05,0.000726746,"yes","down",0.46128153410865,0.141382612792728,"constitutive","Leaf_Shoot","shoot_apex_vegetative"
"AT3G53890",2202.299713,-0.238414483,0.040708353,-5.856647746,4.72e-09,1.74e-07,"yes","down",0.453802440337931,0.228476090677002,"constitutive","Leaf_Shoot","shoot_apex_vegetative"
"AT3G54000",84.10115384,0.328796948,0.09512204,3.456580059,0.000547077,0.00346022,"yes","up",0.596863039451619,0.498549724486536,"constitutive","Seed_Silique","seed_stage_10"
"AT3G54010",664.230386,0.178211581,0.033919318,5.253984874,1.49e-07,3.46e-06,"yes","up",0.338903756859172,0.247796795093215,"constitutive","Flower","carpel"
"AT3G54080",311.743585,-0.186943563,0.044380544,-4.212286449,2.53e-05,0.000270505,"yes","down",0.584160321648608,0.482625244879984,"constitutive","Flower","inflorescence_apex"
"AT3G54110",1100.300257,0.082892561,0.025670443,3.22910523,0.001241782,0.006856998,"yes","up",0.553755506150956,0.338160983738245,"constitutive","Flower","mature_pollen"
"AT3G54210",6740.870966,-0.151525265,0.032188727,-4.707401601,2.51e-06,3.8e-05,"yes","down",0.589243962263127,0.531607514904963,"constitutive","Leaf_Shoot","rosette_leaf"
"AT3G54250",184.771535,-0.163331797,0.049669279,-3.288386685,0.001007633,0.005769583,"yes","down",0.576783801163474,0.513255954931352,"constitutive","Flower","flower_stage_9"
"AT3G54810",569.8148464,0.305449595,0.092890541,3.288274494,0.001008035,0.005769583,"yes","up",0.569470470040319,0.390981849853372,"constitutive","Seedling","seedling_green_parts"
"AT3G54890",25943.05218,-0.32806917,0.113087288,-2.901026077,0.003719429,0.016611994,"yes","down",0.580268227387363,0.522042647484428,"constitutive","Leaf_Shoot","rosette_vegetative"
"AT3G55005",254.3536778,0.616827215,0.109086162,5.654495553,1.56e-08,4.95e-07,"yes","up",0.506744061729898,0.278827202562129,"constitutive","Leaf_Shoot","stem"
"AT3G55060",158.7304661,-0.236296383,0.094715386,-2.494804626,0.01260265,0.044103662,"yes","down",0.473073564940835,0.274691555600808,"constitutive","Seed_Silique","silique_stage_4"
"AT3G55250",793.8910356,-0.129602376,0.034826612,-3.721360414,0.000198152,0.001489492,"yes","down",0.58105301330294,0.573798081641392,"constitutive","Leaf_Shoot","cotyledon"
"AT3G55280",1811.272066,-0.301840632,0.062848197,-4.802693611,1.57e-06,2.54e-05,"yes","down",0.499418927640269,0.233217243471105,"constitutive","Leaf_Shoot","shoot_apex_vegetative"
"AT3G55640",130.3841239,0.391273006,0.087445647,4.474470935,7.66e-06,9.83e-05,"yes","up",0.52373752607569,0.0869293499781898,"constitutive","Flower","sepal"
"AT3G55700",11.89050655,1.207848493,0.253960214,4.756054001,1.97e-06,3.1e-05,"yes","up",0.463409983402067,0.219541428914961,"constitutive","Seed_Silique","seed_stage_9"
"AT3G55760",401.480938,0.216013867,0.069016013,3.129909412,0.001748602,0.008997365,"yes","up",0.545056842069284,0.586802819854401,"constitutive","Leaf_Shoot","senescing_leaf"
"AT3G55960",497.1522286,0.227169907,0.064516073,3.521136636,0.000429701,0.002841331,"yes","up",0.573202310011618,0.346333971929431,"constitutive","Leaf_Shoot","senescing_leaf"
"AT3G56050",908.3008279,0.178538678,0.059081967,3.021881074,0.002512092,0.012053354,"yes","up",0.526296645499242,0.314097252820647,"constitutive","Leaf_Shoot","cauline_leaf"
"AT3G56110",407.4681305,-0.110690486,0.041988173,-2.636230079,0.008383287,0.031879209,"yes","down",0.450082606050502,0.253348659645221,"constitutive","Flower","inflorescence_apex"
"AT3G56120",265.344084,-0.156628415,0.041079872,-3.812777612,0.000137414,0.001105925,"yes","down",0.562100459786499,0.382473439426532,"constitutive","Flower","inflorescence_apex"
"AT3G56130",1052.775901,-0.153975868,0.039863427,-3.86258483,0.000112194,0.000935957,"yes","down",0.46012243019027,0.186886071002347,"constitutive","Flower","petal"
"AT3G56160",662.8436635,-0.235002922,0.072512424,-3.240864256,0.001191679,0.006622219,"yes","down",0.497504797899791,0.321027951815194,"constitutive","Flower","pedicel"
"AT3G56190",1314.690425,0.112499388,0.030127841,3.734067363,0.000188412,0.001429494,"yes","up",0.428916017040742,0.381116036843505,"constitutive","Leaf_Shoot","stem"
"AT3G56250",36.10311794,0.922854604,0.17641991,5.231011639,1.69e-07,3.84e-06,"yes","up",0.497018605835419,0.430584516985054,"constitutive","Flower","mature_pollen"
"AT3G56310",975.2247603,0.10661127,0.037732036,2.825484174,0.004720922,0.020178839,"yes","up",0.47724430385142,0.352935348014569,"constitutive","Seed_Silique","seed_stage_10"
"AT3G56340",3052.159899,-0.192431814,0.050276678,-3.827456836,0.000129474,0.001052446,"yes","down",0.505140454117178,0.129173857555034,"constitutive","Leaf_Shoot","shoot_apex_vegetative"
"AT3G56490",648.1724878,0.087160555,0.028798288,3.026588071,0.002473308,0.011898629,"yes","up",0.469235617697229,0.362531769039663,"constitutive","Flower","carpel"
"AT3G56760",340.0770354,0.161246442,0.04945768,3.260291252,0.001112979,0.00625119,"yes","up",0.416190842147974,0.306707957771111,"constitutive","Seed_Silique","silique_stage_3"
"AT3G56810",137.3662808,-0.269767504,0.060478284,-4.46056807,8.17e-06,0.000103989,"yes","down",0.563470642135903,0.321515101872805,"constitutive","Flower","inflorescence_apex"
"AT3G57070",325.664476,0.188572703,0.043794435,4.305859925,1.66e-05,0.000189872,"yes","up",0.45874467450573,0.0677604235158389,"constitutive","Seed_Silique","silique_stage_4"
"AT3G57090",442.3861587,0.248209261,0.049106049,5.054555707,4.31e-07,8.52e-06,"yes","up",0.519417438430612,0.186240515996106,"constitutive","Flower","sepal"
"AT3G57120",115.7468315,0.291778178,0.109017541,2.676433297,0.007441038,0.028940369,"yes","up",0.490421765078151,0.362570102810589,"constitutive","Seed_Silique","seed_stage_10"
"AT3G57280",473.8051491,0.302813783,0.060684643,4.989957406,6.04e-07,1.14e-05,"yes","up",0.453165731615829,0.325665655562733,"constitutive","Leaf_Shoot","cauline_leaf"
"AT3G57290",2027.273966,-0.089906113,0.030409851,-2.956479932,0.003111725,0.01439417,"yes","down",0.41492503146393,0.176277292077207,"constitutive","Leaf_Shoot","shoot_apex_vegetative"
"AT3G57560",810.6650086,-0.073690868,0.029053794,-2.536359583,0.011201165,0.040135068,"yes","down",0.506033091815714,0.30506490276088,"constitutive","Leaf_Shoot","shoot_apex_vegetative_with_leaves"
"AT3G57570",276.7397663,0.197016277,0.047583148,4.140463286,3.47e-05,0.000350666,"yes","up",0.514324839835894,0.149861764733038,"constitutive","Leaf_Shoot","senescing_leaf"
"AT3G57610",2144.619386,-0.128683369,0.033166409,-3.879930699,0.000104486,0.000881551,"yes","down",0.510810851373695,0.322447838641038,"constitutive","Leaf_Shoot","shoot_apex_vegetative_with_leaves"
"AT3G57870",1359.562087,0.11638827,0.031847088,3.654596932,0.000257586,0.001856338,"yes","up",0.341626896874203,0.134541548629013,"constitutive","Leaf_Shoot","cotyledon"
"AT3G58090",45.92469468,-0.182407975,0.063813228,-2.858466523,0.00425694,0.018576241,"yes","down",0.307049521110793,0.12132420788575,"constitutive","Leaf_Shoot","cauline_leaf"
"AT3G58610",10442.86736,-0.145979781,0.031416278,-4.646628755,3.37e-06,4.91e-05,"yes","down",0.480582599907844,0.209544452674887,"constitutive","Leaf_Shoot","shoot_apex_vegetative_with_leaves"
"AT3G58620",227.6360717,-0.282668341,0.109087675,-2.591203267,0.009564098,0.035359863,"yes","down",0.490782909193729,0.129233579891793,"constitutive","Leaf_Shoot","hypocotyl"
"AT3G58700",979.1359755,-0.204650685,0.049525168,-4.132256252,3.59e-05,0.000361566,"yes","down",0.564203082984589,0.338217324083004,"constitutive","Leaf_Shoot","shoot_apex_vegetative"
"AT3G59050",438.9943905,0.169698604,0.059641969,2.845288427,0.004437123,0.019167361,"yes","up",0.530468724552059,0.190825274588253,"constitutive","Flower","stamen"
"AT3G59100",359.1541221,0.192362308,0.057926673,3.320789858,0.000897631,0.005216927,"yes","up",0.536856049852604,0.547371309715454,"constitutive","Root","root"
"AT3G59410",295.4044116,0.216338269,0.051484844,4.201979719,2.65e-05,0.000280737,"yes","up",0.472215696425017,0.277109015493062,"constitutive","Leaf_Shoot","senescing_leaf"
"AT3G59430",80.53611464,-0.1686711,0.053518008,-3.15166998,0.001623396,0.008492748,"yes","down",0.538646590947733,0.401518901390561,"constitutive","Flower","petal"
"AT3G59540",2060.363411,-0.218244124,0.042778717,-5.101698639,3.37e-07,6.87e-06,"yes","down",0.410581034023055,0.172417268730027,"constitutive","Leaf_Shoot","shoot_apex_vegetative"
"AT3G59630",189.6269037,-0.128658906,0.046887089,-2.744015679,0.006069264,0.024532023,"yes","down",0.535851653539721,0.390785547457227,"constitutive","Flower","inflorescence_apex"
"AT3G59870",334.5159829,-0.158644505,0.035112008,-4.518240816,6.24e-06,8.28e-05,"yes","down",0.450199085710772,0.416466426888416,"constitutive","Leaf_Shoot","rosette_leaf"
"AT3G59950",343.0938147,0.101972352,0.034804829,2.92983344,0.003391437,0.015442602,"yes","up",0.465531864049003,0.306604544174522,"constitutive","Leaf_Shoot","senescing_leaf"
"AT3G59980",1007.352456,-0.184313247,0.035039685,-5.260128525,1.44e-07,3.35e-06,"yes","down",0.574072242607644,0.491488398763445,"constitutive","Leaf_Shoot","rosette_vegetative"
"AT3G60070",120.6455252,0.527679864,0.113616816,4.644381721,3.41e-06,4.96e-05,"yes","up",0.587572464668685,0.460893592683225,"constitutive","Seed_Silique","seed_stage_6"
"AT3G60120",1.973697722,1.165602054,0.384390996,3.032334439,0.002426702,0.011724665,"yes","up",0.582697445927991,0.209947734998114,"constitutive","Leaf_Shoot","senescing_leaf"
"AT3G60210",628.572514,-0.15654433,0.041766386,-3.74809377,0.000178184,0.001367293,"yes","down",0.555802889335145,0.324091197334597,"constitutive","Leaf_Shoot","shoot_apex_vegetative_with_leaves"
"AT3G60245",5705.641082,-0.254162654,0.051139556,-4.969981639,6.7e-07,1.24e-05,"yes","down",0.32081194921137,0.0937688679129043,"constitutive","Flower","inflorescence_apex"
"AT3G60620",397.8222014,-0.12182111,0.037336,-3.262832365,0.001103047,0.006210207,"yes","down",0.371350854507573,0.273492955890395,"constitutive","Leaf_Shoot","shoot_apex_vegetative_with_leaves"
"AT3G60630",589.1751371,-0.216222043,0.044444826,-4.864954258,1.14e-06,1.95e-05,"yes","down",0.453073060451322,0.228044938395033,"constitutive","Seed_Silique","seed_stage_6"
"AT3G60750",40189.82741,-0.127385467,0.046417254,-2.744355967,0.006062975,0.024510808,"yes","down",0.50951423976173,0.432483183780556,"constitutive","Leaf_Shoot","rosette_leaf"
"AT3G60770",3507.223019,-0.226873241,0.04220588,-5.375394167,7.64e-08,1.93e-06,"yes","down",0.447368936924157,0.202642696461193,"constitutive","Flower","inflorescence_apex"
"AT3G60800",279.0030728,0.093405354,0.036205943,2.579834818,0.009884758,0.036294924,"yes","up",0.45833270373848,0.201282831877146,"constitutive","Leaf_Shoot","senescing_leaf"
"AT3G60830",316.7681586,-0.126335345,0.033465507,-3.775091276,0.000159949,0.001253484,"yes","down",0.560375895457969,0.396744947695111,"constitutive","Flower","inflorescence_apex"
"AT3G61110",2169.283184,-0.162715449,0.035963029,-4.524520146,6.05e-06,8.07e-05,"yes","down",0.375058330308268,0.310153434068626,"constitutive","Leaf_Shoot","shoot_apex_vegetative"
"AT3G61130",1372.342463,-0.130812194,0.03612074,-3.621525876,0.000292871,0.002060232,"yes","down",0.417383898952961,0.25458643988845,"constitutive","Flower","petal"
"AT3G61470",29373.6462,-0.196040999,0.062455668,-3.138882444,0.001695935,0.008789613,"yes","down",0.536099922779452,0.510716668789553,"constitutive","Seedling","whole_plant_pre_bolting"
"AT3G61690",901.3268185,0.140634071,0.049031414,2.868244259,0.004127567,0.018092069,"yes","up",0.30761300322781,0.24531184619096,"constitutive","Flower","stamen"
"AT3G61780",567.7226886,-0.148062116,0.060518461,-2.446561155,0.014422633,0.049123641,"yes","down",0.587952105753322,0.260210201270787,"constitutive","Leaf_Shoot","shoot_apex_vegetative_with_leaves"
"AT3G61960",416.2789383,0.477749895,0.115808139,4.12535682,3.7e-05,0.000370837,"yes","up",0.57191371864723,0.299761393277975,"constitutive","Leaf_Shoot","senescing_leaf"
"AT3G62120",2588.250482,-0.077535177,0.024337792,-3.185793388,0.001443577,0.007747878,"yes","down",0.450521980554649,0.284231506009638,"constitutive","Leaf_Shoot","shoot_apex_vegetative"
"AT3G62390",149.9388372,-0.279824602,0.058606588,-4.774627062,1.8e-06,2.87e-05,"yes","down",0.568392036010207,0.2548271554838,"constitutive","Seed_Silique","silique_stage_3"
"AT3G62620",101.029238,-0.13935038,0.050272201,-2.771917254,0.00557272,0.022941972,"yes","down",0.458718121795904,0.306891647197578,"constitutive","Seed_Silique","seed_stage_9"
"AT3G62630",371.0897059,-0.20219601,0.059864132,-3.37758193,0.000731262,0.004405324,"yes","down",0.588264853695075,0.574911336353468,"constitutive","Flower","carpel"
"AT3G62870",6303.217245,-0.203268548,0.044161617,-4.602832995,4.17e-06,5.86e-05,"yes","down",0.446911802877494,0.126986642387747,"constitutive","Leaf_Shoot","shoot_apex_vegetative"
"AT3G62940",512.7924695,-0.124947839,0.035568361,-3.512892783,0.000443256,0.002916238,"yes","down",0.482526698859246,0.187014496048852,"constitutive","Leaf_Shoot","shoot_apex_transition"
"AT3G62980",1129.189296,-0.114637396,0.04622911,-2.479766428,0.013146847,0.045615201,"yes","down",0.409294403625568,0.116699113729144,"constitutive","Leaf_Shoot","rosette_vegetative"
"AT3G63080",303.0003944,0.138531213,0.054629876,2.535814149,0.011218626,0.040164871,"yes","up",0.484503347801955,0.453725989413827,"constitutive","Root","root"
"AT3G63290",69.57842681,-0.222153316,0.069569917,-3.193238188,0.001406868,0.00760728,"yes","down",0.430448424765462,0.275014920079714,"constitutive","Flower","inflorescence_apex"
"AT3G63410",6265.518489,-0.088358685,0.029146165,-3.031571613,0.002432842,0.011751923,"yes","down",0.482350416456699,0.418371673449308,"constitutive","Leaf_Shoot","cotyledon"
"AT3G63420",121.9172951,0.273636871,0.094311143,2.901426736,0.003714676,0.01659391,"yes","up",0.424515200194206,0.222927358266831,"constitutive","Leaf_Shoot","cauline_leaf"
"AT3G63490",7237.119094,-0.154411732,0.03908746,-3.95041606,7.8e-05,0.000690337,"yes","down",0.590821134859932,0.552885367781588,"constitutive","Leaf_Shoot","rosette_vegetative"
"AT3G63500",985.9395698,0.31485063,0.061885248,5.087652391,3.63e-07,7.35e-06,"yes","up",0.409454602267421,0.0909994562012957,"constitutive","Seed_Silique","seed_stage_10"
"AT4G00100",3804.345704,-0.200193536,0.042069603,-4.758626726,1.95e-06,3.07e-05,"yes","down",0.428536565257134,0.138840029960578,"constitutive","Leaf_Shoot","shoot_apex_vegetative"
"AT4G00150",451.0422289,0.422396986,0.099648439,4.238872098,2.25e-05,0.000244486,"yes","up",0.431357395966812,0.280938823922726,"constitutive","Leaf_Shoot","cotyledon"
"AT4G00200",58.90294745,-0.328448072,0.087815105,-3.740222955,0.000183857,0.001399439,"yes","down",0.565471009998278,0.386489272031506,"constitutive","Flower","inflorescence_apex"
"AT4G00400",632.6959048,-0.176368794,0.062789539,-2.808888159,0.004971291,0.021009009,"yes","down",0.582490931563667,0.439338306422524,"constitutive","Leaf_Shoot","shoot_apex_vegetative"
"AT4G00430",2785.3082,-0.381675841,0.072318889,-5.277678455,1.31e-07,3.08e-06,"yes","down",0.505066136270947,0.442207394987512,"constitutive","Flower","inflorescence_apex"
"AT4G00450",861.6299404,0.101976391,0.038446425,2.652428428,0.007991507,0.030676403,"yes","up",0.437067916137121,0.202069537734166,"constitutive","Seed_Silique","seed_stage_9"
"AT4G00500",157.8713049,0.200654628,0.069254185,2.897364647,0.003763121,0.016769007,"yes","up",0.575661176795243,0.279315852045374,"constitutive","Leaf_Shoot","senescing_leaf"
"AT4G00570",1399.031087,0.134253317,0.024901064,5.391469025,6.99e-08,1.79e-06,"yes","up",0.286431729975654,0.187614223357801,"constitutive","Leaf_Shoot","shoot_apex_transition"
"AT4G00755",260.139031,-0.150140405,0.05525459,-2.71724765,0.006582733,0.026180997,"yes","down",0.468919196013201,0.291252580471731,"constitutive","Seed_Silique","seed_stage_10"
"AT4G00760",203.0125071,0.270787521,0.081536169,3.321072414,0.000896723,0.005214219,"yes","up",0.491632778153046,0.228956895072552,"constitutive","Leaf_Shoot","cauline_leaf"
"AT4G00810",1795.988072,-0.210991887,0.038177773,-5.526563437,3.27e-08,9.33e-07,"yes","down",0.488660611203036,0.172687695537068,"constitutive","Leaf_Shoot","shoot_apex_vegetative_with_leaves"
"AT4G00850",45.7708628,0.332596301,0.08150973,4.080449042,4.49e-05,0.000436939,"yes","up",0.462040764820755,0.105313722141857,"constitutive","Flower","mature_pollen"
"AT4G01020",200.2507107,0.178995839,0.048572849,3.685100702,0.000228612,0.001677272,"yes","up",0.541522029327284,0.317954479414901,"constitutive","Leaf_Shoot","senescing_leaf"
"AT4G01026",113.4786632,0.21058982,0.081502766,2.583836495,0.00977081,0.035960548,"yes","up",0.418028343966641,0.226720609347096,"constitutive","Flower","pedicel"
"AT4G01050",7400.416219,-0.131127098,0.032509887,-4.033452954,5.5e-05,0.000518466,"yes","down",0.565782110320387,0.525955031047352,"constitutive","Leaf_Shoot","cotyledon"
"AT4G01090",359.1532737,0.347484811,0.07093065,4.898937361,9.64e-07,1.68e-05,"yes","up",0.355566491175989,0.237334872442754,"constitutive","Leaf_Shoot","senescing_leaf"
"AT4G01290",1624.652891,0.099962016,0.033432885,2.989930952,0.002790405,0.013173861,"yes","up",0.47399147842488,0.261026584322776,"constitutive","Seed_Silique","seed_stage_9"
"AT4G01370",770.6239606,0.126873773,0.036624338,3.464192934,0.000531825,0.003382814,"yes","up",0.255350213099744,0.112310855509994,"constitutive","Flower","pedicel"
"AT4G01510",44.66760425,0.229048901,0.080367604,2.850015299,0.004371713,0.018950787,"yes","up",0.47897790512178,0.345618321623876,"constitutive","Seed_Silique","silique_stage_3"
"AT4G02010",481.8359742,0.354336759,0.091644885,3.866410655,0.000110449,0.000924578,"yes","up",0.499718531862359,0.223673379340695,"constitutive","Seed_Silique","seed_stage_6"
"AT4G02020",504.2267441,0.075607359,0.030732077,2.460209826,0.013885581,0.047673288,"yes","up",0.588472241280499,0.29085710398993,"constitutive","Seed_Silique","silique_stage_4"
"AT4G02150",703.8860617,-0.225506114,0.069901572,-3.226052112,0.001255105,0.00692084,"yes","down",0.557442835559845,0.411289985339161,"constitutive","Leaf_Shoot","shoot_apex_transition"
"AT4G02200",189.2788477,0.695095673,0.144671464,4.804649464,1.55e-06,2.52e-05,"yes","up",0.565250556493236,0.308583584819238,"constitutive","Leaf_Shoot","cotyledon"
"AT4G02340",377.1361655,0.171979795,0.035331138,4.867655144,1.13e-06,1.92e-05,"yes","up",0.510694812927558,0.456582606602729,"constitutive","Seed_Silique","seed_stage_7"
"AT4G02450",2598.776661,-0.088023839,0.033863765,-2.599351829,0.009339999,0.034700202,"yes","down",0.552431773549078,0.210324287837105,"constitutive","Leaf_Shoot","shoot_apex_transition"
"AT4G02460",122.7819877,0.187793445,0.06565663,2.860235839,0.004233261,0.018488526,"yes","up",0.563792390970294,0.392472159388913,"constitutive","Flower","inflorescence_apex"
"AT4G02550",105.0934714,0.377991812,0.076216421,4.959453711,7.07e-07,1.3e-05,"yes","up",0.551439407889586,0.029334922717985,"constitutive","Leaf_Shoot","senescing_leaf"
"AT4G02580",1697.368272,-0.083905183,0.022600176,-3.712589734,0.000205149,0.001536388,"yes","down",0.295008463531488,0.242915163368658,"constitutive","Flower","inflorescence_apex"
"AT4G02840",412.8573141,-0.115793966,0.036594418,-3.164252146,0.00155482,0.008208685,"yes","down",0.476988678273144,0.158950535224244,"constitutive","Leaf_Shoot","shoot_apex_transition"
"AT4G02930",2047.02044,-0.184866674,0.046765157,-3.953085684,7.71e-05,0.000684733,"yes","down",0.594055523524009,0.390815763578624,"constitutive","Leaf_Shoot","shoot_apex_vegetative"
"AT4G02980",155.1885766,0.126846415,0.046200058,2.74558995,0.006040221,0.024452365,"yes","up",0.415208279479724,0.192962451137336,"constitutive","Seed_Silique","seed_stage_6"
"AT4G03020",1259.686789,0.146663872,0.0397245,3.692025659,0.000222475,0.001639901,"yes","up",0.528350288960241,0.211521472616249,"constitutive","Leaf_Shoot","senescing_leaf"
"AT4G03090",285.4051944,-0.21120693,0.048898346,-4.31930618,1.57e-05,0.000180335,"yes","down",0.572681102299166,0.394037939134795,"constitutive","Flower","inflorescence_apex"
"AT4G03140",64.85860535,-0.278171804,0.073555652,-3.781786955,0.000155707,0.001225124,"yes","down",0.458048096566949,0.266149676769119,"constitutive","Seed_Silique","seed_stage_8"
"AT4G03280",16501.12265,-0.159992174,0.035119035,-4.555710997,5.22e-06,7.13e-05,"yes","down",0.525359480273984,0.510931728793194,"constitutive","Leaf_Shoot","cotyledon"
"AT4G03430",903.4998098,0.161117427,0.036323632,4.435608886,9.18e-06,0.000114425,"yes","up",0.543325414843471,0.228202944897243,"constitutive","Flower","mature_pollen"
"AT4G03520",4244.729384,-0.058698635,0.023896944,-2.456323963,0.014036655,0.048065961,"yes","down",0.475409876974979,0.393969129403796,"constitutive","Leaf_Shoot","rosette_leaf"
"AT4G03550",1106.4276,0.091777015,0.036256194,2.531347237,0.01136253,0.040558589,"yes","up",0.420835878273742,0.208544837707059,"constitutive","Flower","mature_pollen"
"AT4G03940",29.39598183,0.445333433,0.126976181,3.507220258,0.000452814,0.002969176,"yes","up",0.516264787205667,0.395070225768504,"constitutive","Seed_Silique","seed_stage_10"
"AT4G03960",69.59218481,0.364752226,0.131377282,2.776372155,0.005496925,0.022703532,"yes","up",0.52024956631411,0.249295011488372,"constitutive","Seed_Silique","seed_stage_7"
"AT4G04320",290.9596487,0.147040294,0.044587561,3.297787338,0.000974499,0.005605629,"yes","up",0.592801811841317,0.388312273898695,"constitutive","Flower","stamen"
"AT4G04350",919.260565,-0.216458881,0.037602371,-5.756522066,8.59e-09,2.93e-07,"yes","down",0.558764959592939,0.424176932683658,"constitutive","Flower","pedicel"
"AT4G04620",102.0250238,0.54600932,0.09172378,5.952756436,2.64e-09,1.03e-07,"yes","up",0.554566759487738,0.455796419898774,"constitutive","Leaf_Shoot","senescing_leaf"
"AT4G04640",17041.19172,-0.114680935,0.037660231,-3.045146858,0.002325667,0.011348158,"yes","down",0.568779760041614,0.551000405312566,"constitutive","Leaf_Shoot","cotyledon"
"AT4G04800",207.8166054,0.167783156,0.055549505,3.020425743,0.002524196,0.01209408,"yes","up",0.556557052854669,0.449912280511441,"constitutive","Flower","sepal"
"AT4G04960",172.1982759,0.362525066,0.11511874,3.149140322,0.001637515,0.008547642,"yes","up",0.524218733972879,0.417479169770661,"constitutive","Leaf_Shoot","senescing_leaf"
"AT4G04970",437.5687087,-0.247210985,0.060008528,-4.119597562,3.8e-05,0.000378779,"yes","down",0.462417598866412,0.355531021019272,"constitutive","Flower","inflorescence_apex"
"AT4G05040",169.6928831,-0.143474217,0.05131015,-2.796215113,0.005170497,0.02163588,"yes","down",0.376015006611467,0.205130962253066,"constitutive","Leaf_Shoot","shoot_apex_transition"
"AT4G05050",6497.49156,0.282392115,0.060707698,4.651668982,3.29e-06,4.81e-05,"yes","up",0.580702147247714,0.338126054436879,"constitutive","Seed_Silique","seed_stage_9"
"AT4G05090",269.2387975,-0.105297106,0.040835345,-2.578577577,0.009920802,0.036404959,"yes","down",0.455414513813707,0.325616603237746,"constitutive","Flower","pedicel"
"AT4G05180",12903.67906,-0.199685377,0.054262808,-3.679967652,0.000233264,0.001706088,"yes","down",0.581556641087097,0.542448642027175,"constitutive","Seedling","whole_plant_pre_bolting"
"AT4G05530",529.5356826,0.254112148,0.055036348,4.61716949,3.89e-06,5.54e-05,"yes","up",0.476554607501473,0.222734078905183,"constitutive","Leaf_Shoot","senescing_leaf"
"AT4G07390",422.6939257,0.078972568,0.029201575,2.704394156,0.006842907,0.027046921,"yes","up",0.362032553822069,0.22576121760609,"constitutive","Leaf_Shoot","senescing_leaf"
"AT4G08390",1832.333402,-0.235490199,0.060520067,-3.891109347,9.98e-05,0.000849198,"yes","down",0.567661609537882,0.28005315920522,"constitutive","Flower","sepal"
"AT4G09020",608.5148602,0.257301763,0.073171729,3.516409514,0.000437426,0.002883511,"yes","up",0.582368141076734,0.433760086345138,"constitutive","Leaf_Shoot","senescing_leaf"
"AT4G09320",4643.453561,-0.13814467,0.036499522,-3.784835004,0.000153811,0.001213852,"yes","down",0.323510394871355,0.110797159959359,"constitutive","Flower","inflorescence_apex"
"AT4G09550",92.97582752,-0.168668384,0.052087941,-3.238146467,0.00120309,0.006676188,"yes","down",0.485929605659957,0.276083571830569,"constitutive","Flower","inflorescence_apex"
"AT4G09570",484.9685714,0.633345869,0.075418916,8.397705789,4.55e-17,1.04e-14,"yes","up",0.350434202482726,0.25950538151936,"constitutive","Leaf_Shoot","rosette_leaf"
"AT4G09800",2468.159319,-0.106461165,0.025283565,-4.210686521,2.55e-05,0.000272057,"yes","down",0.396757838523277,0.129955465770886,"constitutive","Leaf_Shoot","shoot_apex_vegetative"
"AT4G10050",192.2357897,0.140228801,0.05040137,2.782241845,0.005398479,0.022345629,"yes","up",0.5869789063195,0.345827040406943,"constitutive","Leaf_Shoot","senescing_leaf"
"AT4G10140",149.1903248,0.162564875,0.059050864,2.752963533,0.005905847,0.023999059,"yes","up",0.564932352212909,0.287643073434745,"constitutive","Flower","mature_pollen"
"AT4G10330",94.7462202,0.185074409,0.060177125,3.075494354,0.002101539,0.010468645,"yes","up",0.506875295258063,0.440175050193958,"constitutive","Seed_Silique","seed_stage_10"
"AT4G10340",43949.49727,-0.21895537,0.07214683,-3.03485782,0.002406491,0.011643722,"yes","down",0.492844689174956,0.474476365705573,"constitutive","Seedling","whole_plant_pre_bolting"
"AT4G10420",29.81998429,0.367512932,0.091378643,4.02186899,5.77e-05,0.000540748,"yes","up",0.470606974688813,0.324584239750295,"constitutive","Flower","inflorescence_apex"
"AT4G10470",139.008232,-0.121737566,0.046106618,-2.6403491,0.008282067,0.031596238,"yes","down",0.461341721056619,0.350843809363249,"constitutive","Leaf_Shoot","shoot_apex_transition"
"AT4G10480",3801.974605,-0.205144997,0.051164843,-4.009491349,6.08e-05,0.000565396,"yes","down",0.58336642873298,0.219761082728952,"constitutive","Leaf_Shoot","shoot_apex_vegetative"
"AT4G10790",649.7723725,0.135322462,0.038988287,3.470849088,0.000518815,0.003312578,"yes","up",0.440786680415941,0.317720437237358,"constitutive","Seed_Silique","seed_stage_9"
"AT4G10930",276.7595951,0.127952805,0.04007976,3.192454401,0.001410692,0.007616639,"yes","up",0.34691034243552,0.381235459363235,"constitutive","Flower","inflorescence_apex"
"AT4G10970",244.6085349,0.183764619,0.056639236,3.244475596,0.001176671,0.00654808,"yes","up",0.361129104594318,0.1563187797798,"constitutive","Leaf_Shoot","senescing_leaf"
"AT4G11170",7.711500818,2.148489532,0.333337908,6.445380134,1.15e-10,6.55e-09,"yes","up",0.431560422340528,0.413026302050505,"constitutive","Root","root"
"AT4G11175",648.5239752,-0.130514329,0.052168931,-2.501763524,0.012357644,0.043381494,"yes","down",0.574013299965096,0.544646422852036,"constitutive","Leaf_Shoot","rosette_leaf"
"AT4G11220",589.9599774,0.193721841,0.055762682,3.47404093,0.000512683,0.00328053,"yes","up",0.578654042106786,0.354239296647446,"constitutive","Seed_Silique","seed_stage_9"
"AT4G11560",518.2385927,0.088325469,0.029210903,3.023715764,0.002496909,0.011995035,"yes","up",0.523652494592516,0.36935911047723,"constitutive","Flower","mature_pollen"
"AT4G11670",262.1783169,0.220016246,0.05469901,4.022307655,5.76e-05,0.000539956,"yes","up",0.470604459710962,0.135419835873088,"constitutive","Leaf_Shoot","senescing_leaf"
"AT4G11740",490.1860611,0.80177895,0.127473989,6.289745509,3.18e-10,1.61e-08,"yes","up",0.501581503204988,0.345080023626355,"constitutive","Seed_Silique","seed_stage_10"
"AT4G11820",1038.044157,-0.255048953,0.048244706,-5.286568671,1.25e-07,2.96e-06,"yes","down",0.556992792025428,0.300958357261523,"constitutive","Flower","flower_stage_10_11"
"AT4G11830",808.299448,0.203765317,0.063294081,3.219342365,0.00128485,0.007058048,"yes","up",0.48397799849482,0.101124773348743,"constitutive","Flower","stamen"
"AT4G11980",172.5264303,-0.120423311,0.045503971,-2.646435215,0.008134509,0.031113868,"yes","down",0.5920405505145,0.566893486758753,"constitutive","Seed_Silique","seed_stage_8"
"AT4G12340",432.3346917,0.084939199,0.031878354,2.664478779,0.007710773,0.029800467,"yes","up",0.598315349093831,0.286496209393494,"constitutive","Seed_Silique","seed_stage_10"
"AT4G12420",2867.758358,-0.359439904,0.097817753,-3.674587636,0.000238234,0.001737051,"yes","down",0.558304788375076,0.372312503587259,"constitutive","Leaf_Shoot","hypocotyl"
"AT4G12720",564.9850237,1.299119919,0.163117149,7.964336859,1.66e-15,2.82e-13,"yes","up",0.584516389536993,0.38550610924093,"constitutive","Leaf_Shoot","cotyledon"
"AT4G12790",557.9691083,0.097442659,0.039554248,2.463519468,0.013758042,0.047331922,"yes","up",0.30327184396092,0.0796235790043545,"constitutive","Seed_Silique","seed_stage_7"
"AT4G12800",24589.926,-0.183149819,0.048363824,-3.786917698,0.000152528,0.00120782,"yes","down",0.531707404587432,0.528724213339462,"constitutive","Seedling","whole_plant_pre_bolting"
"AT4G13000",26.37711155,0.406900412,0.131422727,3.096119064,0.001960716,0.009871841,"yes","up",0.381012336182729,0.188310145606866,"constitutive","Flower","petal"
"AT4G13100",247.6567506,-0.236582828,0.077868999,-3.03821587,0.002379834,0.01154555,"yes","down",0.47208728567254,0.41892487289092,"constitutive","Flower","flower_stage_10_11"
"AT4G13360",679.3669166,0.148837874,0.039407138,3.776926733,0.000158775,0.001245943,"yes","up",0.284666346489385,0.0834130053932899,"constitutive","Flower","sepal"
"AT4G13480",2.245437072,1.257729164,0.303174513,4.148531983,3.35e-05,0.000341318,"yes","up",0.575943956349576,0.31085347474135,"constitutive","Flower","mature_pollen"
"AT4G13820",8.116579713,1.43320728,0.248679916,5.763261067,8.25e-09,2.84e-07,"yes","up",0.544968193921423,0.210197349660204,"constitutive","Flower","mature_pollen"
"AT4G13940",20225.17815,-0.103575011,0.035267708,-2.9368229,0.003315934,0.015177964,"yes","down",0.333864692976513,0.273130240717968,"constitutive","Leaf_Shoot","stem"
"AT4G14110",314.2900397,0.12087459,0.038974921,3.101342759,0.001926452,0.009740936,"yes","up",0.441419920534562,0.258482830283687,"constitutive","Leaf_Shoot","shoot_apex_transition"
"AT4G14220",339.4933594,0.381435782,0.07123494,5.354616474,8.57e-08,2.15e-06,"yes","up",0.437958193184106,0.195281444513392,"constitutive","Flower","sepal"
"AT4G14300",809.9194049,-0.076307465,0.028358456,-2.690818726,0.007127691,0.027956916,"yes","down",0.442066756166715,0.126834032718168,"constitutive","Leaf_Shoot","rosette_vegetative"
"AT4G14320",2773.959824,-0.204346644,0.039082408,-5.228609351,1.71e-07,3.87e-06,"yes","down",0.466225018604045,0.219123457964575,"constitutive","Flower","inflorescence_apex"
"AT4G14340",323.6998015,0.105233465,0.039654396,2.653765413,0.007959914,0.030599977,"yes","up",0.36818919314632,0.143463520173544,"constitutive","Leaf_Shoot","senescing_leaf"
"AT4G14430",575.5289413,0.196407823,0.036115282,5.438357713,5.38e-08,1.44e-06,"yes","up",0.512509209589256,0.476294702010922,"constitutive","Seed_Silique","seed_stage_6"
"AT4G14540",328.50123,-0.199538791,0.070349789,-2.836380818,0.0045628,0.019613219,"yes","down",0.532374498933674,0.503005057068754,"constitutive","Flower","petal"
"AT4G14590",38.94112707,0.193285396,0.077225674,2.502864469,0.012319271,0.043272564,"yes","up",0.462488850175474,0.0769069426653157,"constitutive","Seed_Silique","seed_stage_10"
"AT4G14615",253.2511653,0.130985565,0.035362314,3.704100522,0.000212142,0.001579042,"yes","up",0.463746654701112,0.216132557533624,"constitutive","Seed_Silique","seed_stage_8"
"AT4G14650",69.24432643,-0.276596364,0.088615345,-3.121314535,0.001800456,0.009228561,"yes","down",0.531685744316895,0.548317517053255,"constitutive","Root","root"
"AT4G14710",970.1522338,0.200795629,0.043956535,4.568049522,4.92e-06,6.79e-05,"yes","up",0.494414738775065,0.198753685501144,"constitutive","Leaf_Shoot","senescing_leaf"
"AT4G14800",723.9636834,0.291684707,0.070999011,4.108292557,3.99e-05,0.000394627,"yes","up",0.373817472566519,0.22894142445417,"constitutive","Leaf_Shoot","shoot_apex_vegetative"
"AT4G14840",48.78398722,0.167591751,0.065384438,2.563174923,0.010371978,0.03774292,"yes","up",0.514127087109162,0.494501609754686,"constitutive","Seed_Silique","seed_stage_6"
"AT4G15000",5523.451917,-0.285135697,0.047425987,-6.012224856,1.83e-09,7.49e-08,"yes","down",0.543199325634202,0.135281704019497,"constitutive","Leaf_Shoot","shoot_apex_vegetative"
"AT4G15410",393.1581928,0.32678189,0.066131546,4.941391937,7.76e-07,1.41e-05,"yes","up",0.574336645619693,0.481592364668722,"constitutive","Seed_Silique","seed_stage_10"
"AT4G15730",67.59049054,0.21400928,0.0712922,3.001861074,0.002683346,0.012749447,"yes","up",0.433490420824556,0.273062288297756,"constitutive","Seed_Silique","seed_stage_10"
"AT4G15955",91.04949802,0.192520216,0.058771599,3.275735527,0.001053872,0.005990327,"yes","up",0.515579014104704,0.40037318648465,"constitutive","Leaf_Shoot","senescing_leaf"
"AT4G16120",365.2389472,-0.273836171,0.064280086,-4.260046739,2.04e-05,0.000225454,"yes","down",0.433870394597149,0.298463828353233,"constitutive","Flower","inflorescence_apex"
"AT4G16143",1731.311157,0.105493058,0.041399265,2.54818673,0.010828449,0.039072254,"yes","up",0.470893305868501,0.199876687668748,"constitutive","Leaf_Shoot","senescing_leaf"
"AT4G16155",1368.051545,-0.12718227,0.03434894,-3.702654888,0.000213355,0.001586497,"yes","down",0.520928914893198,0.293759533700641,"constitutive","Leaf_Shoot","rosette_vegetative"
"AT4G16340",1222.711476,-0.132603769,0.044073855,-3.00867188,0.002623923,0.012518467,"yes","down",0.557102523987771,0.346697920667577,"constitutive","Flower","inflorescence_apex"
"AT4G16410",1053.401671,-0.119157003,0.043036753,-2.768726563,0.005627584,0.02309591,"yes","down",0.530892018463999,0.575300575980454,"constitutive","Leaf_Shoot","rosette_leaf"
"AT4G16610",30.42394687,0.948039071,0.199152036,4.760378492,1.93e-06,3.04e-05,"yes","up",0.579008108323697,0.505161641807034,"constitutive","Seed_Silique","seed_stage_7"
"AT4G16650",482.172155,-0.082100988,0.029477053,-2.78525086,0.005348633,0.02222124,"yes","down",0.530039881627756,0.27426766535831,"constitutive","Seed_Silique","seed_stage_7"
"AT4G16720",6351.106088,-0.241802766,0.047729736,-5.066082204,4.06e-07,8.11e-06,"yes","down",0.447740322736605,0.116897121454216,"constitutive","Leaf_Shoot","shoot_apex_vegetative"
"AT4G16840",42.97715924,0.230392892,0.086883015,2.651759872,0.008007347,0.030698955,"yes","up",0.417587538492078,0.350906933618868,"constitutive","Seedling","seedling_green_parts"
"AT4G17300",939.8735847,-0.188545084,0.034028093,-5.540865485,3.01e-08,8.69e-07,"yes","down",0.557341833748747,0.443164668276727,"constitutive","Leaf_Shoot","rosette_vegetative"
"AT4G17310",77.72270741,0.1596388,0.063959949,2.495918178,0.012563158,0.043985046,"yes","up",0.41707538209361,0.0850295194144343,"constitutive","Flower","mature_pollen"
"AT4G17390",5743.226468,-0.251043007,0.049061253,-5.116930222,3.11e-07,6.41e-06,"yes","down",0.471611017179545,0.157110149679282,"constitutive","Leaf_Shoot","shoot_apex_vegetative"
"AT4G17510",345.8305663,0.168256876,0.043879713,3.834502691,0.000125819,0.001027693,"yes","up",0.280912673767404,0.257398171681869,"constitutive","Leaf_Shoot","shoot_apex_transition"
"AT4G17615",155.5946924,0.230967396,0.061173419,3.775616955,0.000159612,0.001251259,"yes","up",0.504914508475526,0.243685801438709,"constitutive","Seed_Silique","seed_stage_6"
"AT4G17730",365.1188379,0.217737932,0.075889328,2.869150865,0.004115754,0.018047001,"yes","up",0.362787098184345,0.197150672622599,"constitutive","Flower","mature_pollen"
"AT4G17905",37.62602941,0.88989689,0.132608778,6.710693673,1.94e-11,1.32e-09,"yes","up",0.430616689361464,0.136734923671759,"constitutive","Leaf_Shoot","hypocotyl"
"AT4G18060",418.0196862,-0.093452405,0.029934416,-3.121905125,0.001796848,0.009212072,"yes","down",0.307559087258705,0.211490128144415,"constitutive","Leaf_Shoot","stem"
"AT4G18100",4678.11907,-0.241932598,0.052748753,-4.586508363,4.51e-06,6.28e-05,"yes","down",0.378835313811252,0.240165720716615,"constitutive","Seed_Silique","seed_stage_6"
"AT4G18300",109.0634264,0.180702929,0.056764167,3.183397858,0.001455575,0.007801698,"yes","up",0.374830959318348,0.431236525512823,"constitutive","Seed_Silique","seed_stage_10"
"AT4G18730",3427.552707,-0.206961479,0.044050687,-4.698257672,2.62e-06,3.94e-05,"yes","down",0.497005453565782,0.169092250456785,"constitutive","Leaf_Shoot","shoot_apex_vegetative"
"AT4G18820",491.7868233,-0.164725154,0.031221705,-5.275982003,1.32e-07,3.11e-06,"yes","down",0.570592539508389,0.515396826935574,"constitutive","Flower","inflorescence_apex"
"AT4G18890",164.5396115,0.36565019,0.083422758,4.38309879,1.17e-05,0.000140707,"yes","up",0.549957261108017,0.0979852796509848,"constitutive","Leaf_Shoot","shoot_apex_vegetative"
"AT4G19140",199.6024327,0.273539697,0.07561127,3.617710672,0.00029722,0.002084611,"yes","up",0.39011770960109,0.254625058290538,"constitutive","Seedling","seedling_green_parts"
"AT4G19210",1954.687435,-0.088545913,0.034829209,-2.542288928,0.01101291,0.039592392,"yes","down",0.338381117821189,0.184539392791047,"constitutive","Seed_Silique","seed_stage_10"
"AT4G19350",205.0556447,0.254634344,0.063940052,3.982391886,6.82e-05,0.000621434,"yes","up",0.299936359476894,0.14288763970313,"constitutive","Leaf_Shoot","shoot_apex_transition"
"AT4G19510",426.3958621,0.223064269,0.065508728,3.405107623,0.00066138,0.004053746,"yes","up",0.438022278489618,0.476011424765688,"constitutive","Seedling","seedling_green_parts"
"AT4G19640",666.5720728,0.170493463,0.04598872,3.707288719,0.00020949,0.001564737,"yes","up",0.550601242599427,0.328584690977966,"constitutive","Flower","mature_pollen"
"AT4G19670",497.9188998,0.500848543,0.088405199,5.6653743,1.47e-08,4.69e-07,"yes","up",0.518622908194608,0.296511436616841,"constitutive","Leaf_Shoot","senescing_leaf"
"AT4G19710",1400.623183,-0.205454585,0.043745334,-4.69660575,2.65e-06,3.97e-05,"yes","down",0.48306319467928,0.276134402038936,"constitutive","Leaf_Shoot","rosette_vegetative"
"AT4G19980",12.54141197,-0.430771696,0.164999094,-2.610751886,0.009034341,0.033788121,"yes","down",0.553983915949379,0.491716876431773,"constitutive","Seed_Silique","seed_stage_6"
"AT4G20010",406.1984022,0.101572799,0.037830957,2.684912224,0.007254886,0.028356727,"yes","up",0.482114668092485,0.32623550843555,"constitutive","Leaf_Shoot","shoot_apex_vegetative_with_leaves"
"AT4G20350",45.10422291,0.243423797,0.070285154,3.463374296,0.000533446,0.003391294,"yes","up",0.44137680685674,0.305089639100965,"constitutive","Leaf_Shoot","shoot_apex_transition"
"AT4G20360",25494.38837,-0.160871769,0.03626106,-4.436488278,9.14e-06,0.000114168,"yes","down",0.499093777317398,0.476436033920055,"constitutive","Leaf_Shoot","rosette_vegetative"
"AT4G20400",625.3052432,0.091398534,0.034021344,2.686505664,0.007220372,0.028264336,"yes","up",0.524043998077159,0.472426327358836,"constitutive","Seed_Silique","seed_stage_9"
"AT4G20450",16.17488416,-0.540483745,0.151787893,-3.560782968,0.000369751,0.0024946,"yes","down",0.583947367535317,0.419952312910101,"constitutive","Flower","mature_pollen"
"AT4G20480",418.0452725,0.118061192,0.038416065,3.073224469,0.002117591,0.010528998,"yes","up",0.559173451889893,0.48603618457816,"constitutive","Seed_Silique","seed_stage_8"
"AT4G20930",85.91172648,0.238809066,0.060282355,3.961508534,7.45e-05,0.000664269,"yes","up",0.57448422479305,0.498850239875722,"constitutive","Leaf_Shoot","senescing_leaf"
"AT4G20960",591.8069113,-0.15661121,0.036659619,-4.272035962,1.94e-05,0.000215276,"yes","down",0.51088015427154,0.364249545444376,"constitutive","Leaf_Shoot","shoot_apex_vegetative_with_leaves"
"AT4G21190",264.6618573,-0.104930775,0.038682377,-2.712624813,0.006675264,0.026490908,"yes","down",0.509254246736308,0.393093427381278,"constitutive","Leaf_Shoot","rosette_vegetative"
"AT4G21280",21637.32742,-0.176888427,0.039038707,-4.531103646,5.87e-06,7.86e-05,"yes","down",0.585033831205018,0.567039176625386,"constitutive","Seedling","whole_plant_pre_bolting"
"AT4G21560",236.7920659,0.181084558,0.065242929,2.775543072,0.00551096,0.022747305,"yes","up",0.404302603233896,0.240954641281965,"constitutive","Seed_Silique","silique_stage_4"
"AT4G21700",142.1262216,0.306939468,0.054164911,5.66675849,1.46e-08,4.66e-07,"yes","up",0.386435318399097,0.178200961506754,"constitutive","Seed_Silique","seed_stage_10"
"AT4G21710",967.5389479,0.079848258,0.032461299,2.459798618,0.0139015,0.047720991,"yes","up",0.379129983096006,0.317408441875035,"constitutive","Flower","inflorescence_apex"
"AT4G21750",1220.459939,-0.108727255,0.043603827,-2.493525525,0.012648149,0.044223497,"yes","down",0.570389778496699,0.550404212473941,"constitutive","Flower","carpel"
"AT4G21800",408.2501909,0.131305913,0.044964189,2.920233081,0.003497697,0.015808821,"yes","up",0.526619310645584,0.264157207965503,"constitutive","Leaf_Shoot","senescing_leaf"
"AT4G21940",37.75760389,0.320195414,0.1276362,2.508656744,0.012119119,0.042728684,"yes","up",0.537617089953503,0.255464338042649,"constitutive","Leaf_Shoot","senescing_leaf"
"AT4G22120",428.2364151,-0.332991513,0.063562196,-5.238829609,1.62e-07,3.7e-06,"yes","down",0.571234203765227,0.472468220575954,"constitutive","Flower","flower_stage_9"
"AT4G22280",24.66269462,0.336841456,0.094917241,3.548791066,0.000387004,0.002596882,"yes","up",0.435558398424895,0.334807701039941,"constitutive","Leaf_Shoot","shoot_apex_transition"
"AT4G22285",547.1420361,0.098065262,0.037453707,2.618305913,0.008836755,0.033191334,"yes","up",0.492051598902029,0.237971478510976,"constitutive","Leaf_Shoot","shoot_apex_transition"
"AT4G22340",119.3044177,-0.117202554,0.043824049,-2.674388971,0.007486556,0.029079023,"yes","down",0.503183919568033,0.254818824756845,"constitutive","Seed_Silique","seed_stage_7"
"AT4G22540",499.9876672,-0.17852163,0.064867937,-2.752078125,0.005921839,0.024047462,"yes","down",0.457309930186685,0.269623912938247,"constitutive","Flower","carpel"
"AT4G22820",308.4911867,0.282198642,0.058985492,4.784204245,1.72e-06,2.76e-05,"yes","up",0.549655628462043,0.431974873684106,"constitutive","Seed_Silique","seed_stage_9"
"AT4G22830",265.9027645,-0.121392308,0.036939295,-3.286264898,0.001015255,0.005804657,"yes","down",0.573732164585296,0.513184543352938,"constitutive","Leaf_Shoot","cotyledon"
"AT4G23100",4148.634594,0.079953344,0.028166125,2.838634816,0.004530698,0.019507239,"yes","up",0.555661484129407,0.2116458476888,"constitutive","Leaf_Shoot","hypocotyl"
"AT4G23460",722.2539642,0.168577501,0.039881716,4.226937028,2.37e-05,0.000256161,"yes","up",0.454807945728112,0.140557848037731,"constitutive","Leaf_Shoot","senescing_leaf"
"AT4G23570",412.2725302,0.535202135,0.095423604,5.608697543,2.04e-08,6.2e-07,"yes","up",0.596891621183826,0.484527098958043,"constitutive","Leaf_Shoot","senescing_leaf"
"AT4G23740",702.2882245,-0.319110199,0.060301162,-5.291941101,1.21e-07,2.9e-06,"yes","down",0.492084583870577,0.278184572034385,"constitutive","Flower","inflorescence_apex"
"AT4G23840",109.9580964,0.304898179,0.06205195,4.913595457,8.94e-07,1.59e-05,"yes","up",0.452093702531666,0.302690842196651,"constitutive","Seed_Silique","seed_stage_10"
"AT4G23850",2830.303891,0.224176678,0.052235785,4.291630317,1.77e-05,0.000199764,"yes","up",0.507945626197496,0.185711374107252,"constitutive","Leaf_Shoot","senescing_leaf"
"AT4G23910",150.6085369,0.387744038,0.072523767,5.346440971,8.97e-08,2.23e-06,"yes","up",0.531472531602463,0.265210150242551,"constitutive","Seed_Silique","seed_stage_9"
"AT4G23940",1047.011674,-0.195618666,0.049365588,-3.962652377,7.41e-05,0.000661594,"yes","down",0.493128750174548,0.290196368341063,"constitutive","Leaf_Shoot","shoot_apex_vegetative_with_leaves"
"AT4G23980",354.634812,-0.116329843,0.043792151,-2.656408534,0.007897787,0.030405771,"yes","down",0.535035861595599,0.537183540053652,"constitutive","Root","root"
"AT4G24280",7544.017852,-0.10525566,0.036420698,-2.889995667,0.003852471,0.01710895,"yes","down",0.539077534098363,0.363797928267257,"constitutive","Leaf_Shoot","shoot_apex_vegetative_with_leaves"
"AT4G24290",705.0392647,0.181308344,0.044569971,4.067948396,4.74e-05,0.000457651,"yes","up",0.529806937965185,0.214670324986048,"constitutive","Leaf_Shoot","senescing_leaf"
"AT4G24330",1290.791615,-0.070856274,0.02450878,-2.891056804,0.003839487,0.017057714,"yes","down",0.364360708794143,0.365518094725626,"constitutive","Root","root"
"AT4G24530",140.1094589,-0.12060125,0.03878393,-3.109567531,0.001873614,0.009524847,"yes","down",0.306629792000716,0.281377322249607,"constitutive","Flower","inflorescence_apex"
"AT4G24610",504.6054907,0.438855719,0.112308334,3.907597075,9.32e-05,0.000801694,"yes","up",0.513374219966604,0.302546835816001,"constitutive","Flower","inflorescence_apex"
"AT4G24620",2981.784128,-0.092060974,0.036467162,-2.524489695,0.01158664,0.041239902,"yes","down",0.470071513198802,0.453202928291977,"constitutive","Root","root"
"AT4G24690",3153.990456,0.556224738,0.090033201,6.177995806,6.49e-10,2.99e-08,"yes","up",0.553898150293469,0.373302571573778,"constitutive","Seed_Silique","seed_stage_10"
"AT4G24760",240.9111623,-0.121891111,0.036854958,-3.307319195,0.000941935,0.005443548,"yes","down",0.438517341133123,0.40172407503579,"constitutive","Leaf_Shoot","shoot_apex_transition"
"AT4G24790",172.495493,-0.255784439,0.071216266,-3.591657554,0.000328581,0.002265472,"yes","down",0.570137494401112,0.425282790183467,"constitutive","Flower","inflorescence_apex"
"AT4G24840",540.5564146,0.081048009,0.032610412,2.485341429,0.012942723,0.045046334,"yes","up",0.343560978707312,0.310549207663204,"constitutive","Leaf_Shoot","stem"
"AT4G25160",25.67951565,-0.261309953,0.091633717,-2.851679071,0.004348898,0.018891601,"yes","down",0.516329483982787,0.568401857250479,"constitutive","Root","root"
"AT4G25300",76.56292322,0.333447137,0.09208777,3.620970905,0.0002935,0.002063425,"yes","up",0.526068049067663,0.280416213035835,"constitutive","Leaf_Shoot","cauline_leaf"
"AT4G25330",50.64272441,5.074992952,0.451849572,11.23159844,2.85e-29,6.72e-26,"yes","up",0.4804084797927,0.289367939448114,"constitutive","Leaf_Shoot","shoot_apex_vegetative_with_leaves"
"AT4G25370",1607.503029,-0.090964795,0.024424672,-3.724299515,0.000195858,0.001476132,"yes","down",0.518624593857732,0.430291063389111,"constitutive","Leaf_Shoot","shoot_apex_vegetative_with_leaves"
"AT4G25500",675.9884026,-0.14418019,0.04226933,-3.41098829,0.000647279,0.003985972,"yes","down",0.338654275759027,0.185389887419778,"constitutive","Seed_Silique","seed_stage_7"
"AT4G25570",1760.199734,-0.12449977,0.037949777,-3.28064564,0.001035698,0.005904354,"yes","down",0.581008953105074,0.534920433498057,"constitutive","Root","root"
"AT4G25740",2132.925819,-0.162761741,0.043589519,-3.733965088,0.000188489,0.001429615,"yes","down",0.551771886328762,0.206316398761003,"constitutive","Leaf_Shoot","shoot_apex_vegetative"
"AT4G25870",333.8612821,-0.111435899,0.043123776,-2.584094192,0.009763513,0.035939301,"yes","down",0.549397922560182,0.536214245321486,"constitutive","Leaf_Shoot","hypocotyl"
"AT4G25890",832.8581664,-0.192391862,0.04773128,-4.030729156,5.56e-05,0.000523883,"yes","down",0.538255644039104,0.406567181018186,"constitutive","Leaf_Shoot","shoot_apex_vegetative"
"AT4G25970",637.7647443,0.13174857,0.038059544,3.461643409,0.000536888,0.003409499,"yes","up",0.566667263224948,0.220792641219422,"constitutive","Leaf_Shoot","senescing_leaf"
"AT4G26070",97.67454676,0.619294947,0.134384371,4.608385187,4.06e-06,5.74e-05,"yes","up",0.585366000731735,0.479044294554882,"constitutive","Leaf_Shoot","cauline_leaf"
"AT4G26230",1836.795451,-0.151900148,0.044609468,-3.405110045,0.000661374,0.004053746,"yes","down",0.487180633659122,0.247339690391882,"constitutive","Leaf_Shoot","shoot_apex_vegetative"
"AT4G26240",106.9939471,0.126911701,0.045284627,2.802533877,0.005070289,0.021347013,"yes","up",0.408055092926672,0.241027969313652,"constitutive","Leaf_Shoot","senescing_leaf"
"AT4G26300",1238.012252,-0.150879343,0.033255726,-4.53694327,5.71e-06,7.68e-05,"yes","down",0.393772115882238,0.110100636763772,"constitutive","Leaf_Shoot","shoot_apex_vegetative"
"AT4G26410",602.8233176,-0.090476285,0.028502787,-3.174296122,0.001502004,0.0079987,"yes","down",0.277254122431233,0.0820735854098117,"constitutive","Leaf_Shoot","shoot_apex_transition"
"AT4G26480",693.5134209,0.089446909,0.034238702,2.612450363,0.008989575,0.033657439,"yes","up",0.464607165720433,0.296440617068265,"constitutive","Leaf_Shoot","cauline_leaf"
"AT4G26520",312.2052781,-0.272361069,0.083721848,-3.253165993,0.001141268,0.006385738,"yes","down",0.546405015982714,0.428177452207069,"constitutive","Flower","pedicel"
"AT4G26640",473.5997056,0.26247783,0.054300311,4.833818202,1.34e-06,2.24e-05,"yes","up",0.205127106929392,0.1371674532217,"constitutive","Leaf_Shoot","stem"
"AT4G26750",317.9662949,0.2445823,0.064815778,3.773499406,0.000160974,0.001259419,"yes","up",0.517792806601724,0.329994652538753,"constitutive","Seed_Silique","seed_stage_10"
"AT4G26840",877.0528338,-0.208235815,0.041892204,-4.970753439,6.67e-07,1.24e-05,"yes","down",0.598954248819749,0.544584089098552,"constitutive","Flower","inflorescence_apex"
"AT4G26900",940.640984,-0.080254953,0.02958104,-2.713053805,0.006666628,0.026470006,"yes","down",0.456590470114383,0.151423052229408,"constitutive","Leaf_Shoot","shoot_apex_vegetative_with_leaves"
"AT4G26910",908.0325225,0.15141692,0.046135845,3.281979979,0.001030809,0.00588078,"yes","up",0.581975588289824,0.541191160764892,"constitutive","Leaf_Shoot","senescing_leaf"
"AT4G27040",323.1556822,0.110940157,0.044602324,2.487317849,0.012871035,0.044836545,"yes","up",0.426146202458456,0.143171781338955,"constitutive","Leaf_Shoot","senescing_leaf"
"AT4G27050",255.2620497,0.455950904,0.087533578,5.20886861,1.9e-07,4.23e-06,"yes","up",0.399517192550745,0.362208793455353,"constitutive","Flower","inflorescence_apex"
"AT4G27090",6570.541202,-0.207965926,0.037883526,-5.489613821,4.03e-08,1.12e-06,"yes","down",0.363506037382174,0.103380190769572,"constitutive","Leaf_Shoot","shoot_apex_vegetative"
"AT4G27230",599.6154194,-0.280768435,0.053177355,-5.279849568,1.29e-07,3.05e-06,"yes","down",0.587307117843027,0.428715478692683,"constitutive","Flower","inflorescence_apex"
"AT4G27600",1601.945831,-0.165187837,0.047833071,-3.453423169,0.00055352,0.003492539,"yes","down",0.537029221355135,0.470951500211292,"constitutive","Leaf_Shoot","rosette_vegetative"
"AT4G27690",185.5586276,0.171477835,0.045480022,3.770399092,0.000162987,0.001271723,"yes","up",0.38198948256957,0.256916527684711,"constitutive","Seed_Silique","seed_stage_6"
"AT4G27720",895.5218946,0.198615805,0.046690417,4.253888011,2.1e-05,0.000230884,"yes","up",0.552016912419484,0.354994813016133,"constitutive","Seed_Silique","silique_stage_3"
"AT4G27900",154.4562762,0.252219609,0.096602267,2.610907757,0.009030225,0.033778084,"yes","up",0.558057958956257,0.455792423781577,"constitutive","Flower","carpel"
"AT4G27960",1004.169867,0.137773707,0.033359642,4.129951625,3.63e-05,0.000364587,"yes","up",0.59222250694388,0.149153036565103,"constitutive","Flower","mature_pollen"
"AT4G27990",444.8424732,0.181601381,0.038854695,4.67385943,2.96e-06,4.37e-05,"yes","up",0.534709078509259,0.403296551287284,"constitutive","Seed_Silique","seed_stage_10"
"AT4G28010",108.8783318,-0.15601233,0.061726001,-2.527497793,0.011487855,0.040937747,"yes","down",0.485962675563906,0.206144136808824,"constitutive","Leaf_Shoot","shoot_apex_vegetative"
"AT4G28050",314.269367,-0.178208231,0.036651507,-4.862234795,1.16e-06,1.97e-05,"yes","down",0.535075094091883,0.286382898020473,"constitutive","Seed_Silique","seed_stage_6"
"AT4G28210",561.2525762,-0.151029736,0.046237529,-3.266388568,0.001089287,0.006153308,"yes","down",0.586549744524897,0.387674278064566,"constitutive","Leaf_Shoot","rosette_vegetative"
"AT4G28440",807.3847446,-0.126873467,0.037377784,-3.39435497,0.000687905,0.004189092,"yes","down",0.580373817331144,0.430790290753028,"constitutive","Flower","inflorescence_apex"
"AT4G28600",445.5278255,0.245800387,0.065697597,3.741390845,0.000183005,0.001395494,"yes","up",0.316259871601013,0.188396091480852,"constitutive","Seed_Silique","seed_stage_10"
"AT4G28660",3009.992234,-0.180411067,0.038975894,-4.628785881,3.68e-06,5.3e-05,"yes","down",0.594193718229318,0.482825286713164,"constitutive","Leaf_Shoot","rosette_vegetative"
"AT4G28706",616.3764533,-0.116918849,0.02829515,-4.132116267,3.59e-05,0.000361632,"yes","down",0.5526236239484,0.465884792355531,"constitutive","Leaf_Shoot","rosette_vegetative"
"AT4G29040",2049.802177,0.274045427,0.068425191,4.005037066,6.2e-05,0.000574345,"yes","up",0.483919901395794,0.21091467904973,"constitutive","Leaf_Shoot","senescing_leaf"
"AT4G29070",239.2180974,0.219201306,0.07562085,2.898688717,0.003747267,0.016714159,"yes","up",0.589494545582594,0.536622356656482,"constitutive","Seed_Silique","seed_stage_7"
"AT4G29160",831.3499096,0.228588364,0.042520292,5.375982979,7.62e-08,1.93e-06,"yes","up",0.502092330969947,0.157341891497697,"constitutive","Flower","sepal"
"AT4G29260",360.4312082,-0.147226802,0.03647267,-4.036633468,5.42e-05,0.000511695,"yes","down",0.524279407602286,0.447896054049402,"constitutive","Flower","mature_pollen"
"AT4G29390",1444.281807,-0.194790316,0.039073909,-4.98517609,6.19e-07,1.16e-05,"yes","down",0.422457688695185,0.316079335061382,"constitutive","Leaf_Shoot","shoot_apex_vegetative"
"AT4G29410",2066.950829,-0.203409784,0.043703021,-4.654364327,3.25e-06,4.76e-05,"yes","down",0.559543393417941,0.282288306469906,"constitutive","Leaf_Shoot","shoot_apex_vegetative"
"AT4G29480",1232.730385,-0.081556205,0.026673587,-3.057564194,0.002231438,0.010979273,"yes","down",0.341075699171929,0.352465496192932,"constitutive","Root","root"
"AT4G29590",656.6659155,-0.120621339,0.04255162,-2.834706182,0.004586785,0.019701946,"yes","down",0.542330505276647,0.339921230617162,"constitutive","Leaf_Shoot","cotyledon"
"AT4G29790",365.0886421,0.088437244,0.034795683,2.541615385,0.011034152,0.039656665,"yes","up",0.569662362166693,0.285754232026717,"constitutive","Seed_Silique","seed_stage_10"
"AT4G29810",485.5642464,0.242134845,0.05523458,4.383754595,1.17e-05,0.00014044,"yes","up",0.493930861255923,0.346263867453154,"constitutive","Leaf_Shoot","senescing_leaf"
"AT4G29830",314.5778591,-0.086320655,0.034346583,-2.513223925,0.011963337,0.042319413,"yes","down",0.514283099824792,0.239212651211799,"constitutive","Leaf_Shoot","shoot_apex_transition"
"AT4G29960",287.0408944,0.17721626,0.042469062,4.17283199,3.01e-05,0.000312131,"yes","up",0.390563741668056,0.291921880345168,"constitutive","Seed_Silique","seed_stage_7"
"AT4G30010",1955.898325,-0.075171177,0.028799788,-2.610129556,0.009050794,0.033833549,"yes","down",0.353475461802804,0.359590598310095,"constitutive","Flower","stamen"
"AT4G30210",2305.248609,0.426293022,0.103204238,4.130576704,3.62e-05,0.000363752,"yes","up",0.569411873209143,0.44152454060633,"constitutive","Seedling","seedling_green_parts"
"AT4G30220",503.0459645,-0.151404211,0.040946993,-3.697566021,0.000217677,0.001612599,"yes","down",0.545024845094505,0.281250674270268,"constitutive","Leaf_Shoot","shoot_apex_vegetative"
"AT4G30360",247.1077037,0.215671375,0.052595593,4.100559814,4.12e-05,0.000405664,"yes","up",0.38547175644708,0.297280653994469,"constitutive","Leaf_Shoot","senescing_leaf"
"AT4G30580",745.4784107,-0.09491921,0.030259961,-3.136792203,0.001708071,0.008829905,"yes","down",0.534779880896759,0.409311625032148,"constitutive","Flower","pedicel"
"AT4G30630",124.4810543,0.192768446,0.064700644,2.979389908,0.00288823,0.013543713,"yes","up",0.574265266348728,0.233436158508193,"constitutive","Flower","petal"
"AT4G30700",82.36243524,-0.248326638,0.064308955,-3.861462812,0.00011271,0.00093788,"yes","down",0.497038721976749,0.194817873145256,"constitutive","Leaf_Shoot","shoot_apex_transition"
"AT4G30910",351.6139524,0.301299447,0.071767352,4.198280107,2.69e-05,0.000284175,"yes","up",0.538125880969696,0.394453078740974,"constitutive","Leaf_Shoot","rosette_vegetative"
"AT4G30950",5943.646901,-0.115699997,0.025019011,-4.624483255,3.76e-06,5.39e-05,"yes","down",0.557677344990533,0.486505429315151,"constitutive","Leaf_Shoot","rosette_vegetative"
"AT4G31040",890.3511972,-0.137052284,0.044755479,-3.062245971,0.002196829,0.010836124,"yes","down",0.432072086485325,0.337982405273391,"constitutive","Leaf_Shoot","rosette_vegetative"
"AT4G31120",662.4969715,-0.160392505,0.055580667,-2.885760728,0.003904689,0.017285489,"yes","down",0.567923037274068,0.292904629428881,"constitutive","Leaf_Shoot","shoot_apex_transition"
"AT4G31170",674.2762229,0.236916332,0.056337749,4.205285733,2.61e-05,0.000277379,"yes","up",0.550353470419542,0.107285169000688,"constitutive","Leaf_Shoot","senescing_leaf"
"AT4G31180",1797.08004,0.357699354,0.067468611,5.301715089,1.15e-07,2.77e-06,"yes","up",0.296613243773893,0.198031198356998,"constitutive","Leaf_Shoot","shoot_apex_transition"
"AT4G31300",1563.821471,0.216122588,0.057085252,3.785961901,0.000153115,0.001209984,"yes","up",0.325645152707716,0.215569786357443,"constitutive","Flower","inflorescence_apex"
"AT4G31310",291.8942576,-0.112722905,0.042710093,-2.639256842,0.0083088,0.031682846,"yes","down",0.580497547442385,0.233528050784425,"constitutive","Leaf_Shoot","cauline_leaf"
"AT4G31460",354.9380706,-0.1076122,0.029456285,-3.653284807,0.000258907,0.001863007,"yes","down",0.47464294623525,0.355398344000193,"constitutive","Leaf_Shoot","shoot_apex_transition"
"AT4G31550",438.0387938,0.34898215,0.094353019,3.698685559,0.000216719,0.001607019,"yes","up",0.568163539667865,0.379252670123391,"constitutive","Seedling","seedling_green_parts"
"AT4G31700",7420.737663,-0.218007128,0.047753365,-4.565272602,4.99e-06,6.86e-05,"yes","down",0.545575526264748,0.170390581159363,"constitutive","Leaf_Shoot","shoot_apex_vegetative"
"AT4G31770",146.9586124,0.126462788,0.050369909,2.510681296,0.012049843,0.042535096,"yes","up",0.336899852853438,0.162796267391408,"constitutive","Flower","flower_stage_9"
"AT4G31980",148.1642984,0.276190529,0.063914281,4.32126473,1.55e-05,0.000179092,"yes","up",0.411858688294057,0.109926276847753,"constitutive","Flower","carpel"
"AT4G31985",1362.864858,-0.197422668,0.046197333,-4.273464615,1.92e-05,0.000214103,"yes","down",0.517113840645565,0.252778948143468,"constitutive","Leaf_Shoot","shoot_apex_vegetative"
"AT4G31990",3097.359502,-0.081386959,0.031593313,-2.576081817,0.0099927,0.036605736,"yes","down",0.407741988961007,0.205421717164701,"constitutive","Flower","sepal"
"AT4G32020",3173.569128,0.727575413,0.094483259,7.700574919,1.35e-14,1.88e-12,"yes","up",0.593687964657796,0.136335674595223,"constitutive","Leaf_Shoot","senescing_leaf"
"AT4G32040",445.1903346,0.115388504,0.037796329,3.052902436,0.002266396,0.011104111,"yes","up",0.523530769654233,0.427974103912565,"constitutive","Seed_Silique","seed_stage_10"
"AT4G32120",206.7814327,-0.090556493,0.036723182,-2.465921719,0.01366612,0.04706376,"yes","down",0.373819594804284,0.260303241576001,"constitutive","Flower","flower_stage_9"
"AT4G32400",585.9427611,-0.114691023,0.039779427,-2.883174313,0.003936895,0.017392135,"yes","down",0.531523222467987,0.372030329245359,"constitutive","Leaf_Shoot","shoot_apex_vegetative"
"AT4G32551",960.7845499,-0.083912155,0.032608039,-2.573357924,0.010071699,0.036832169,"yes","down",0.539226045543933,0.388409729924099,"constitutive","Flower","inflorescence_apex"
"AT4G32570",524.4812355,-0.243781982,0.056483203,-4.316008496,1.59e-05,0.000182781,"yes","down",0.552992090249045,0.346579812556784,"constitutive","Flower","inflorescence_apex"
"AT4G32900",201.2895213,-0.136511373,0.044016723,-3.101352465,0.001926388,0.009740936,"yes","down",0.433289265337171,0.26997300079522,"constitutive","Leaf_Shoot","shoot_apex_vegetative_with_leaves"
"AT4G33160",121.9357163,0.718657745,0.153041481,4.695836312,2.66e-06,3.98e-05,"yes","up",0.555914847699816,0.524342185611984,"constitutive","Root","root"
"AT4G33250",1493.450918,-0.080080373,0.021757152,-3.680645911,0.000232644,0.001702612,"yes","down",0.393452881437915,0.0838962730221733,"constitutive","Leaf_Shoot","shoot_apex_vegetative"
"AT4G33430",846.2335249,0.219883957,0.063769804,3.448088939,0.000564568,0.003551792,"yes","up",0.427323844912071,0.400116406619998,"constitutive","Root","root"
"AT4G33530",1052.539364,-0.127975216,0.037288781,-3.432003164,0.000599141,0.003738364,"yes","down",0.566954794361877,0.219850530619395,"constitutive","Flower","mature_pollen"
"AT4G33580",920.2523826,-0.132467718,0.050883099,-2.603373654,0.009231129,0.034387704,"yes","down",0.527296185308978,0.254396068944639,"constitutive","Flower","petal"
"AT4G33680",2632.470265,-0.133407205,0.027780496,-4.802189383,1.57e-06,2.55e-05,"yes","down",0.532501403044715,0.307623781231372,"constitutive","Leaf_Shoot","shoot_apex_vegetative_with_leaves"
"AT4G33760",755.9668875,-0.159931218,0.044709515,-3.577118157,0.000347403,0.002370285,"yes","down",0.582174039887722,0.366681742363326,"constitutive","Leaf_Shoot","shoot_apex_vegetative_with_leaves"
"AT4G33865",1682.004966,-0.194878045,0.040950796,-4.758834089,1.95e-06,3.07e-05,"yes","down",0.337131861306457,0.0510176698514722,"constitutive","Leaf_Shoot","shoot_apex_vegetative"
"AT4G33910",208.0819745,0.168502453,0.050410329,3.342617577,0.000829922,0.004886051,"yes","up",0.391488909788366,0.247742969800461,"constitutive","Leaf_Shoot","senescing_leaf"
"AT4G33920",411.7256669,0.612641877,0.133081551,4.603507186,4.15e-06,5.85e-05,"yes","up",0.537589342569115,0.212693844351907,"constitutive","Leaf_Shoot","senescing_leaf"
"AT4G33940",195.921653,0.435260257,0.135891591,3.202996266,0.001360057,0.007400885,"yes","up",0.275565184624252,0.137952296306362,"constitutive","Flower","sepal"
"AT4G34030",705.3970155,0.395002011,0.106102395,3.722837853,0.000196996,0.001483164,"yes","up",0.504803600384252,0.3580250798945,"constitutive","Seedling","seedling_green_parts"
"AT4G34090",761.6635053,-0.123195756,0.040785263,-3.020594882,0.002522787,0.012091389,"yes","down",0.581889199598178,0.479617890043115,"constitutive","Leaf_Shoot","rosette_vegetative"
"AT4G34265",596.1805643,-0.131195412,0.047630492,-2.754441673,0.005879237,0.023911534,"yes","down",0.437258754280529,0.140320417866272,"constitutive","Leaf_Shoot","shoot_apex_vegetative"
"AT4G34460",663.196735,0.188568438,0.057417731,3.28414996,0.001022905,0.00584029,"yes","up",0.501917610109877,0.215401086272514,"constitutive","Leaf_Shoot","senescing_leaf"
"AT4G34480",455.4423953,0.246165,0.076672052,3.210622289,0.001324479,0.00724239,"yes","up",0.528384103244516,0.333115674852203,"constitutive","Leaf_Shoot","cauline_leaf"
"AT4G34500",169.6889762,-0.144117044,0.051688372,-2.788190812,0.005300331,0.022055554,"yes","down",0.575420555772579,0.375576907007395,"constitutive","Seed_Silique","silique_stage_4"
"AT4G34555",420.3916074,-0.151504163,0.044413066,-3.411252026,0.000646653,0.003985242,"yes","down",0.499674656001622,0.312925277333672,"constitutive","Leaf_Shoot","shoot_apex_transition"
"AT4G34630",353.1270442,0.362593113,0.123833817,2.928062153,0.003410819,0.0155039,"yes","up",0.599529062685371,0.451074270383507,"constitutive","Seed_Silique","seed_stage_7"
"AT4G34640",1018.847649,-0.135190427,0.024986972,-5.410436524,6.29e-08,1.64e-06,"yes","down",0.442910989379254,0.473857702905899,"constitutive","Root","root"
"AT4G34670",5016.153602,-0.145676014,0.033206377,-4.386989159,1.15e-05,0.000138581,"yes","down",0.439043724958523,0.179647915964677,"constitutive","Flower","inflorescence_apex"
"AT4G34870",6327.955385,-0.112056399,0.032664055,-3.43057217,0.00060231,0.003755157,"yes","down",0.383124951135527,0.229667412554539,"constitutive","Seed_Silique","seed_stage_10"
"AT4G35000",2321.19926,0.165526976,0.047870885,3.457779702,0.000544647,0.003447624,"yes","up",0.410164953985879,0.309667350113446,"constitutive","Leaf_Shoot","cotyledon"
"AT4G35020",203.5734579,0.17254075,0.051341136,3.360672632,0.000777529,0.004633423,"yes","up",0.504756423429601,0.442851233781662,"constitutive","Flower","carpel"
"AT4G35220",354.1632392,0.145505282,0.038525718,3.776835056,0.000158834,0.001245987,"yes","up",0.281180925900818,0.164532216136593,"constitutive","Flower","flower_stage_15"
"AT4G35310",1356.059686,0.165706087,0.055808834,2.969173068,0.002986024,0.013916645,"yes","up",0.420823824605848,0.269713379869771,"constitutive","Leaf_Shoot","cauline_leaf"
"AT4G35335",223.0362261,-0.100044191,0.036171227,-2.765850089,0.005677463,0.023271575,"yes","down",0.515759496339264,0.167228022547249,"constitutive","Seed_Silique","silique_stage_3"
"AT4G35410",105.3746659,-0.132102131,0.053547129,-2.467025451,0.013624067,0.046960102,"yes","down",0.375817513409465,0.313041360355608,"constitutive","Leaf_Shoot","stem"
"AT4G35450",4148.923731,-0.091198216,0.025351502,-3.597349597,0.000321476,0.002226252,"yes","down",0.433219917138445,0.39644499788985,"constitutive","Leaf_Shoot","rosette_vegetative"
"AT4G35550",151.3908202,-0.106953023,0.043257735,-2.472460077,0.01341867,0.046374184,"yes","down",0.459011293228857,0.454244898603203,"constitutive","Flower","flower_stage_9"
"AT4G35730",215.5302324,-0.790877521,0.186277078,-4.245704998,2.18e-05,0.000238032,"yes","down",0.536934589090321,0.319514247146035,"constitutive","Flower","inflorescence_apex"
"AT4G35740",214.9707795,1.287038953,0.190908246,6.741662444,1.57e-11,1.09e-09,"yes","up",0.343257598184071,0.170588725092411,"constitutive","Leaf_Shoot","shoot_apex_transition"
"AT4G35800",2077.184663,0.118900436,0.041421638,2.87049092,0.00409835,0.017990763,"yes","up",0.366422989415181,0.237747745851633,"constitutive","Seed_Silique","seed_stage_10"
"AT4G35860",420.8749572,0.140948001,0.047470516,2.96916933,0.00298606,0.013916645,"yes","up",0.554878788706698,0.476864956565394,"constitutive","Seed_Silique","seed_stage_9"
"AT4G36050",114.6478371,-0.243172894,0.098338446,-2.47281611,0.01340531,0.046341601,"yes","down",0.342908236670873,0.34277071086023,"constitutive","Flower","flower_whole"
"AT4G36105",3.492975845,-0.613245267,0.232425725,-2.638456934,0.008328428,0.031737153,"yes","down",0.582085201487304,0.216492931508605,"constitutive","Flower","mature_pollen"
"AT4G36140",254.7668096,0.142559142,0.051978507,2.742655576,0.006094457,0.024616971,"yes","up",0.466161264877036,0.132057605760426,"constitutive","Leaf_Shoot","senescing_leaf"
"AT4G36390",1549.386482,-0.103099397,0.030430349,-3.388045119,0.000703927,0.004273414,"yes","down",0.597569567426944,0.489056918769911,"constitutive","Leaf_Shoot","rosette_vegetative"
"AT4G36540",499.2601622,-0.341393242,0.10606114,-3.218834364,0.001287128,0.007066016,"yes","down",0.584810322689952,0.583681955063506,"constitutive","Flower","petal"
"AT4G36550",137.9177979,0.569094079,0.135686553,4.194181849,2.74e-05,0.000288715,"yes","up",0.476176828179408,0.38587649192157,"constitutive","Leaf_Shoot","cauline_leaf"
"AT4G36710",216.5013784,0.430152009,0.085440124,5.034543373,4.79e-07,9.35e-06,"yes","up",0.592325307176526,0.158035388060828,"constitutive","Flower","sepal"
"AT4G36800",1210.547963,0.180813063,0.05522651,3.274026582,0.001060266,0.006016769,"yes","up",0.422397863011387,0.158597282220682,"constitutive","Flower","mature_pollen"
"AT4G36970",414.3838165,0.302729452,0.078962141,3.833855688,0.00012615,0.001030044,"yes","up",0.410960696278731,0.209005276142751,"constitutive","Seed_Silique","seed_stage_9"
"AT4G37040",925.8851654,-0.085764929,0.03000867,-2.85800505,0.004263136,0.018582638,"yes","down",0.546011028766887,0.475155460638561,"constitutive","Leaf_Shoot","cotyledon"
"AT4G37110",206.0922426,-0.221592675,0.062828952,-3.526919805,0.000420424,0.002787024,"yes","down",0.576143487059466,0.350408392558965,"constitutive","Flower","inflorescence_apex"
"AT4G37120",1113.650914,0.167068286,0.03338554,5.004210973,5.61e-07,1.07e-05,"yes","up",0.55490693785134,0.231846073073661,"constitutive","Leaf_Shoot","senescing_leaf"
"AT4G37330",426.3718877,-0.168715106,0.043754313,-3.855965139,0.000115274,0.000956141,"yes","down",0.471320179218623,0.317123837903247,"constitutive","Flower","flower_stage_10_11"
"AT4G37590",901.3558904,-0.246026928,0.058933561,-4.174648942,2.98e-05,0.00031006,"yes","down",0.479769254946826,0.288915734887522,"constitutive","Flower","petal"
"AT4G37630",89.95003566,0.14003927,0.057376596,2.44070367,0.014658678,0.049805276,"yes","up",0.509478635726572,0.206088312194406,"constitutive","Leaf_Shoot","shoot_apex_transition"
"AT4G37640",734.972802,0.194082057,0.053563741,3.623385045,0.000290772,0.002047306,"yes","up",0.463848365021547,0.261573687170806,"constitutive","Flower","mature_pollen"
"AT4G37650",283.0417536,-0.156376723,0.039910522,-3.918182847,8.92e-05,0.000773221,"yes","down",0.581638442263501,0.359869036083472,"constitutive","Flower","inflorescence_apex"
"AT4G37820",577.8067491,0.213149184,0.056716933,3.758122531,0.000171193,0.001321826,"yes","up",0.327821260712951,0.0745327790835118,"constitutive","Leaf_Shoot","stem"
"AT4G37890",65.36719988,-0.381507321,0.076277157,-5.001593324,5.69e-07,1.08e-05,"yes","down",0.450292076621086,0.473017627024364,"constitutive","Flower","carpel"
"AT4G38225",830.4205145,0.24914971,0.066419411,3.751158093,0.00017602,0.001353331,"yes","up",0.53907908943301,0.478618099659343,"constitutive","Leaf_Shoot","rosette_vegetative"
"AT4G38430",1165.890053,-0.18868801,0.044714743,-4.219816477,2.45e-05,0.000262612,"yes","down",0.590219857909323,0.473099044832534,"constitutive","Flower","inflorescence_apex"
"AT4G38440",307.8483316,0.195592256,0.058856155,3.323225168,0.000889831,0.005180532,"yes","up",0.509163040859024,0.276704487861341,"constitutive","Seed_Silique","seed_stage_10"
"AT4G38520",1169.657453,-0.096613033,0.030971398,-3.119427576,0.001812028,0.009275155,"yes","down",0.491019486486773,0.345069596109095,"constitutive","Flower","petal"
"AT4G38590",2.323562397,0.910593205,0.318733189,2.856913669,0.004277822,0.018639758,"yes","up",0.469564357852311,0.204855895584299,"constitutive","Flower","mature_pollen"
"AT4G38600",2309.658626,0.100758944,0.03752127,2.685382024,0.007244695,0.02832159,"yes","up",0.362171881634895,0.159992730159133,"constitutive","Seed_Silique","seed_stage_10"
"AT4G38630",1796.338216,0.197895697,0.058559676,3.379385112,0.000726482,0.004384371,"yes","up",0.355819432626081,0.241933224226112,"constitutive","Flower","inflorescence_apex"
"AT4G38920",2662.223267,-0.088277949,0.020896879,-4.224456092,2.4e-05,0.000258288,"yes","down",0.313068003681369,0.307650360818689,"constitutive","Root","root"
"AT4G38930",285.9151,0.151061219,0.037174229,4.063600578,4.83e-05,0.000464932,"yes","up",0.308528269827749,0.210595319037484,"constitutive","Flower","stamen"
"AT4G38970",41224.26544,-0.150582469,0.043703747,-3.445527653,0.000569946,0.003580845,"yes","down",0.572153774938629,0.547420229989501,"constitutive","Leaf_Shoot","rosette_leaf"
"AT4G39200",4725.598223,-0.223831115,0.039140455,-5.718664153,1.07e-08,3.57e-07,"yes","down",0.583623118121015,0.34690092411053,"constitutive","Leaf_Shoot","shoot_apex_transition"
"AT4G39570",120.8559173,0.469777281,0.07948364,5.910364456,3.41e-09,1.29e-07,"yes","up",0.397370141259002,0.151833437032131,"constitutive","Seed_Silique","seed_stage_6"
"AT4G39680",1535.855636,-0.101749509,0.033585209,-3.029592846,0.002448836,0.011807883,"yes","down",0.442938856562525,0.329420210167833,"constitutive","Flower","inflorescence_apex"
"AT4G39740",80.07676194,0.41419667,0.109091746,3.796773688,0.000146592,0.001169625,"yes","up",0.598369617336054,0.349855391301495,"constitutive","Flower","flower_stage_9"
"AT4G39990",507.9176696,-0.080516217,0.032803125,-2.454528899,0.014106932,0.048264039,"yes","down",0.422389958224662,0.210146124858838,"constitutive","Leaf_Shoot","stem"
"AT4G40000",105.8034444,-0.274676401,0.077848439,-3.528348229,0.000418162,0.002775929,"yes","down",0.561652471969491,0.406791917185621,"constitutive","Flower","inflorescence_apex"
"AT4G40030",2636.495065,-0.097134849,0.029577127,-3.284120453,0.001023012,0.00584029,"yes","down",0.329313886935878,0.230434299923121,"constitutive","Seed_Silique","seed_stage_9"
"AT5G01030",301.6477741,0.24460744,0.04113911,5.945861184,2.75e-09,1.07e-07,"yes","up",0.560260806921971,0.398541987328533,"constitutive","Seed_Silique","seed_stage_10"
"AT5G01270",418.8578293,0.107497568,0.039225048,2.740533785,0.006133948,0.024738331,"yes","up",0.340509624446476,0.19450348494555,"constitutive","Leaf_Shoot","senescing_leaf"
"AT5G01340",256.3241969,-0.177508446,0.053088093,-3.343658327,0.000826815,0.00487141,"yes","down",0.566291427011797,0.394119854890518,"constitutive","Seed_Silique","seed_stage_6"
"AT5G01530",32804.72159,-0.205506611,0.058431411,-3.51705713,0.00043636,0.002878095,"yes","down",0.567393307738214,0.553653603751578,"constitutive","Leaf_Shoot","rosette_leaf"
"AT5G01810",1104.846042,-0.20041406,0.074017495,-2.707657956,0.006775982,0.026824014,"yes","down",0.547036006211319,0.056931163262904,"constitutive","Flower","petal"
"AT5G01950",316.0756529,0.25475448,0.067130312,3.794924731,0.000147688,0.001176167,"yes","up",0.562140068447889,0.216969808547955,"constitutive","Leaf_Shoot","senescing_leaf"
"AT5G01960",419.8512308,0.101312943,0.039079047,2.592513135,0.009527754,0.035258518,"yes","up",0.416891633079324,0.326493531454802,"constitutive","Seed_Silique","seed_stage_9"
"AT5G02200",10.6548332,0.489082546,0.182379552,2.681674241,0.007325475,0.028592255,"yes","up",0.575266645638479,0.300555221523342,"constitutive","Leaf_Shoot","senescing_leaf"
"AT5G02310",978.0208995,0.113525454,0.040000565,2.83809626,0.004538349,0.019528389,"yes","up",0.516994280678974,0.195421753514743,"constitutive","Leaf_Shoot","senescing_leaf"
"AT5G02450",2959.087088,-0.156253847,0.037718759,-4.14260305,3.43e-05,0.000348156,"yes","down",0.519554068558227,0.17659312174238,"constitutive","Leaf_Shoot","shoot_apex_vegetative"
"AT5G02470",127.2674184,0.168024517,0.054986895,3.055719314,0.002245213,0.011025595,"yes","up",0.258104809694691,0.133321841028949,"constitutive","Flower","inflorescence_apex"
"AT5G02530",990.2432082,-0.102906559,0.033400063,-3.081028859,0.002062867,0.0103069,"yes","down",0.552432201514169,0.319658755087111,"constitutive","Leaf_Shoot","shoot_apex_transition"
"AT5G02610",1364.797825,-0.178611697,0.043495442,-4.106446301,4.02e-05,0.000397101,"yes","down",0.536580973051981,0.139820969771761,"constitutive","Leaf_Shoot","shoot_apex_vegetative"
"AT5G02870",8933.308518,-0.209922292,0.05435393,-3.86213645,0.0001124,0.000936916,"yes","down",0.453139237803202,0.19814114998174,"constitutive","Flower","inflorescence_apex"
"AT5G02880",564.9753458,0.23000205,0.058927196,3.903156188,9.49e-05,0.000813585,"yes","up",0.56955536068284,0.362208830609166,"constitutive","Leaf_Shoot","senescing_leaf"
"AT5G03030",221.027542,0.241763555,0.045158042,5.353720952,8.62e-08,2.16e-06,"yes","up",0.402222561374705,0.138771982857577,"constitutive","Seed_Silique","seed_stage_10"
"AT5G03300",2112.927668,-0.136028862,0.044692883,-3.043635857,0.002337379,0.01138645,"yes","down",0.53926325330196,0.406115156130599,"constitutive","Leaf_Shoot","stem"
"AT5G03320",265.8298915,0.298056288,0.066011852,4.51519353,6.33e-06,8.36e-05,"yes","up",0.442788995188505,0.410957913088714,"constitutive","Root","root"
"AT5G03340",529.4427431,0.176603435,0.039582957,4.46160287,8.13e-06,0.0001036,"yes","up",0.46143517775938,0.254963752251068,"constitutive","Seed_Silique","seed_stage_10"
"AT5G03420",532.8957638,-0.096117784,0.035435256,-2.712490206,0.006677975,0.026497208,"yes","down",0.40700769261863,0.231365221507476,"constitutive","Leaf_Shoot","senescing_leaf"
"AT5G03455",291.7438541,0.110417962,0.042095654,2.623025217,0.008715282,0.032855485,"yes","up",0.503424423487768,0.249619013365658,"constitutive","Flower","sepal"
"AT5G03730",834.1604666,0.220734345,0.073788533,2.991445084,0.002776605,0.013122074,"yes","up",0.52133278892716,0.167011688627953,"constitutive","Seed_Silique","seed_stage_10"
"AT5G03780",437.3852744,3.258901499,0.295290528,11.03625477,2.55e-28,5.02e-25,"yes","up",0.553010913473853,0.462095936875254,"constitutive","Flower","inflorescence_apex"
"AT5G03850",1682.569335,-0.207741467,0.043226333,-4.805900734,1.54e-06,2.51e-05,"yes","down",0.395444474056463,0.140117929759364,"constitutive","Flower","inflorescence_apex"
"AT5G03970",124.2728461,0.214109477,0.056907113,3.762437838,0.000168265,0.001302632,"yes","up",0.559225492132369,0.525238616496276,"constitutive","Seed_Silique","seed_stage_6"
"AT5G04020",350.0440367,0.316947796,0.089540495,3.53971458,0.00040056,0.002675685,"yes","up",0.563423046748511,0.347927278019721,"constitutive","Leaf_Shoot","cotyledon"
"AT5G04060",263.5756512,-0.12181934,0.04501528,-2.70617755,0.006806265,0.026929183,"yes","down",0.398181366987254,0.269682436024558,"constitutive","Seed_Silique","seed_stage_10"
"AT5G04070",72.8823544,-0.191757229,0.058522556,-3.276637988,0.00105051,0.005978673,"yes","down",0.334639583754639,0.197079144759937,"constitutive","Flower","inflorescence_apex"
"AT5G04170",647.1688324,0.196278905,0.053743719,3.652127366,0.000260077,0.001867686,"yes","up",0.404471752022157,0.311499237489017,"constitutive","Leaf_Shoot","stem"
"AT5G04360",477.8448864,-0.140099271,0.04681857,-2.992386798,0.002768053,0.013086906,"yes","down",0.445211275230355,0.393427141121183,"constitutive","Flower","pedicel"
"AT5G04430",2623.590755,-0.18876378,0.03768959,-5.008379712,5.49e-07,1.05e-05,"yes","down",0.424445192526422,0.0952680116188231,"constitutive","Leaf_Shoot","shoot_apex_vegetative_with_leaves"
"AT5G04550",1006.703494,0.194275156,0.059585292,3.260454889,0.001112337,0.006250563,"yes","up",0.345370051003788,0.297536996380787,"constitutive","Leaf_Shoot","cotyledon"
"AT5G04620",207.2014505,-0.243656406,0.066779213,-3.648686411,0.000263585,0.001888596,"yes","down",0.596344961612139,0.386061279483483,"constitutive","Seed_Silique","seed_stage_6"
"AT5G04810",1167.509611,-0.163592943,0.060894411,-2.686501756,0.007220457,0.028264336,"yes","down",0.454274645891338,0.418300000934397,"constitutive","Leaf_Shoot","cauline_leaf"
"AT5G04820",116.9561238,-0.410055953,0.079904131,-5.131849226,2.87e-07,5.98e-06,"yes","down",0.500081424670283,0.274811109543038,"constitutive","Flower","petal"
"AT5G04850",264.3843967,0.115367662,0.047268139,2.440706657,0.014658556,0.049805276,"yes","up",0.513197835122512,0.164516051398926,"constitutive","Leaf_Shoot","senescing_leaf"
"AT5G04870",1031.341019,0.280624784,0.060718116,4.621763681,3.8e-06,5.45e-05,"yes","up",0.567133699285409,0.369284257184341,"constitutive","Leaf_Shoot","hypocotyl"
"AT5G04890",112.0375335,0.271092436,0.075436219,3.593664172,0.00032606,0.002253667,"yes","up",0.51375835983095,0.51047684993167,"constitutive","Root","root"
"AT5G04900",283.9314287,-0.12417464,0.038211704,-3.24964938,0.001155474,0.006451441,"yes","down",0.576874827567777,0.392470462403475,"constitutive","Leaf_Shoot","senescing_leaf"
"AT5G04910",187.6166238,0.363436622,0.086435047,4.204736781,2.61e-05,0.000277802,"yes","up",0.517862496651462,0.286155877176897,"constitutive","Seed_Silique","seed_stage_10"
"AT5G04920",489.3702544,0.062581224,0.022371265,2.797393111,0.005151681,0.021585598,"yes","up",0.336503741403972,0.0489852795507669,"constitutive","Leaf_Shoot","senescing_leaf"
"AT5G05000",416.0864886,-0.099206122,0.038192781,-2.597509768,0.009390245,0.034837306,"yes","down",0.482276407351473,0.207600583365717,"constitutive","Leaf_Shoot","shoot_apex_transition"
"AT5G05080",808.2202832,-0.225372896,0.062848732,-3.585957752,0.000335843,0.002305427,"yes","down",0.437217169303934,0.319719010874056,"constitutive","Leaf_Shoot","shoot_apex_transition"
"AT5G05190",102.8531495,0.591755152,0.121049639,4.888532959,1.02e-06,1.76e-05,"yes","up",0.586308345852997,0.281190015564214,"constitutive","Seed_Silique","seed_stage_10"
"AT5G05210",754.3727623,-0.120261255,0.045992776,-2.614785728,0.008928345,0.03349799,"yes","down",0.502003130302618,0.134333225638771,"constitutive","Leaf_Shoot","shoot_apex_transition"
"AT5G05670",262.1667827,-0.136565057,0.038274765,-3.568018157,0.000359692,0.002437898,"yes","down",0.549351984638865,0.450625477570419,"constitutive","Flower","inflorescence_apex"
"AT5G05760",110.6337561,0.161155276,0.056514504,2.851573721,0.00435034,0.018892881,"yes","up",0.52074361449128,0.387656896823576,"constitutive","Seed_Silique","silique_stage_4"
"AT5G05800",255.1374989,-0.11964174,0.042053949,-2.844958506,0.004441721,0.019180195,"yes","down",0.270505848121329,0.109849885277628,"constitutive","Seed_Silique","seed_stage_10"
"AT5G05980",476.4627117,-0.075046264,0.029972568,-2.503831598,0.012285649,0.043180202,"yes","down",0.581714415915964,0.542658034696432,"constitutive","Leaf_Shoot","stem"
"AT5G06260",390.8633073,0.218524174,0.045453622,4.80762953,1.53e-06,2.49e-05,"yes","up",0.511532572178575,0.0951195871012111,"constitutive","Flower","mature_pollen"
"AT5G06280",159.4067147,0.135969346,0.055043632,2.47021028,0.013503365,0.046619043,"yes","up",0.565246384525473,0.504307845997687,"constitutive","Leaf_Shoot","senescing_leaf"
"AT5G06660",361.3434772,-0.081578403,0.030175206,-2.703491138,0.006861528,0.027079657,"yes","down",0.375756919806762,0.344438327437526,"constitutive","Leaf_Shoot","shoot_apex_vegetative"
"AT5G06670",177.0915584,-0.130974401,0.04262601,-3.072640447,0.00212174,0.010542953,"yes","down",0.575416114558936,0.475578467416835,"constitutive","Flower","flower_stage_9"
"AT5G06910",234.6562604,0.128880179,0.044874253,2.872029502,0.004078449,0.017913411,"yes","up",0.487573212545152,0.260159291913399,"constitutive","Leaf_Shoot","shoot_apex_transition"
"AT5G07070",58.64562302,0.302604686,0.0734226,4.121410644,3.77e-05,0.000376288,"yes","up",0.557704769336699,0.144457597168806,"constitutive","Seed_Silique","seed_stage_10"
"AT5G07090",6301.029051,-0.21250567,0.041200824,-5.15780144,2.5e-07,5.32e-06,"yes","down",0.550822338942266,0.159157768430156,"constitutive","Leaf_Shoot","shoot_apex_vegetative"
"AT5G07270",301.4693431,0.099151984,0.037661788,2.632694539,0.00847105,0.032135187,"yes","up",0.439639990473499,0.165691753161675,"constitutive","Seed_Silique","seed_stage_7"
"AT5G07400",88.13624996,0.252578881,0.083513806,3.024396714,0.002491295,0.011970506,"yes","up",0.521323613993038,0.408521374289019,"constitutive","Leaf_Shoot","shoot_apex_transition"
"AT5G07620",84.30537599,1.270806969,0.208543639,6.093722044,1.1e-09,4.73e-08,"yes","up",0.306289839013419,0.0851936328044634,"constitutive","Leaf_Shoot","hypocotyl"
"AT5G07840",184.2223714,0.172159664,0.055370922,3.10920711,0.001875902,0.009532774,"yes","up",0.447173015328951,0.169561794661349,"constitutive","Leaf_Shoot","cauline_leaf"
"AT5G07910",183.8861467,0.233753483,0.051180578,4.567230271,4.94e-06,6.8e-05,"yes","up",0.446820371697887,0.31647654031698,"constitutive","Leaf_Shoot","stem"
"AT5G07960",272.977716,-0.099748162,0.040573125,-2.458478689,0.013952706,0.047847997,"yes","down",0.408513741667285,0.396762400507267,"constitutive","Leaf_Shoot","shoot_apex_transition"
"AT5G08060",1277.015748,-0.086293999,0.024660029,-3.49934699,0.000466399,0.003039654,"yes","down",0.317751768173929,0.336656242772064,"constitutive","Flower","petal"
"AT5G08139",103.118046,0.176639426,0.072013038,2.452881196,0.014171714,0.048422931,"yes","up",0.565848067181488,0.218717124038152,"constitutive","Leaf_Shoot","senescing_leaf"
"AT5G08320",82.04392699,0.164319127,0.059842517,2.74585924,0.006035265,0.024436501,"yes","up",0.424813185503196,0.218276312303283,"constitutive","Seed_Silique","seed_stage_10"
"AT5G08380",292.6506799,0.433745027,0.084079245,5.158764546,2.49e-07,5.3e-06,"yes","up",0.478492880256758,0.349625706562071,"constitutive","Leaf_Shoot","senescing_leaf"
"AT5G08580",312.3407964,-0.092830538,0.036401387,-2.550192323,0.010766351,0.038889854,"yes","down",0.519688710122909,0.346645323453528,"constitutive","Leaf_Shoot","shoot_apex_transition"
"AT5G08650",2327.221354,-0.101674609,0.030920795,-3.288227555,0.001008203,0.005769583,"yes","down",0.57418401944915,0.555141756890786,"constitutive","Leaf_Shoot","rosette_leaf"
"AT5G09330",1078.59635,0.172849535,0.042454824,4.071375612,4.67e-05,0.000451893,"yes","up",0.453053485556574,0.218046219794071,"constitutive","Seed_Silique","seed_stage_9"
"AT5G09510",2207.705418,-0.225880981,0.054634143,-4.134428948,3.56e-05,0.000358622,"yes","down",0.569981331102835,0.102260004405511,"constitutive","Leaf_Shoot","shoot_apex_vegetative"
"AT5G09690",61.20062769,0.373317787,0.100703661,3.707092508,0.000209652,0.001565128,"yes","up",0.481288883861257,0.551991596502491,"constitutive","Root","root"
"AT5G09760",471.9338522,0.349798304,0.074484169,4.696277199,2.65e-06,3.97e-05,"yes","up",0.487784190439176,0.314394232538941,"constitutive","Seed_Silique","silique_stage_3"
"AT5G09920",370.145747,0.1286312,0.046729457,2.7526791,0.00591098,0.024011639,"yes","up",0.379043048229731,0.190632429474922,"constitutive","Seed_Silique","seed_stage_10"
"AT5G10020",510.3283103,-0.175543915,0.038310962,-4.582080538,4.6e-06,6.4e-05,"yes","down",0.511542405792258,0.398357515947746,"constitutive","Flower","inflorescence_apex"
"AT5G10270",223.2733634,0.124389577,0.038154486,3.26015604,0.001113509,0.006252681,"yes","up",0.346094927572916,0.276612787784066,"constitutive","Flower","flower_stage_9"
"AT5G10290",458.4615397,0.142001594,0.039788379,3.568921352,0.000358454,0.002431608,"yes","up",0.574868111205831,0.451837993637281,"constitutive","Leaf_Shoot","hypocotyl"
"AT5G10360",5937.020062,-0.174279482,0.042863216,-4.065945114,4.78e-05,0.000461034,"yes","down",0.40784612511609,0.126387380477698,"constitutive","Flower","inflorescence_apex"
"AT5G10440",25.98801212,0.403871589,0.104977049,3.847237013,0.000119457,0.000985638,"yes","up",0.310583228828667,0.119610934926191,"constitutive","Seed_Silique","silique_stage_3"
"AT5G10480",1166.995897,-0.192368897,0.041981189,-4.5822641,4.6e-06,6.39e-05,"yes","down",0.513387719046936,0.323208264300742,"constitutive","Seed_Silique","silique_stage_3"
"AT5G10620",76.73324416,-0.179670399,0.056843836,-3.160771916,0.001573517,0.008279577,"yes","down",0.594963997784613,0.322293779132624,"constitutive","Flower","pedicel"
"AT5G10710",140.8989998,0.131317918,0.046490109,2.824642079,0.004733346,0.020224352,"yes","up",0.395670580852757,0.129363245553386,"constitutive","Seed_Silique","seed_stage_10"
"AT5G10870",120.9480477,0.19753584,0.048532216,4.070200271,4.7e-05,0.000453807,"yes","up",0.355318138087716,0.33984971854465,"constitutive","Root","root"
"AT5G11030",200.9347949,0.178086274,0.041876352,4.252669189,2.11e-05,0.000232036,"yes","up",0.483802568595939,0.110968039264521,"constitutive","Leaf_Shoot","senescing_leaf"
"AT5G11090",642.1227328,0.226493999,0.080851224,2.801367611,0.005088652,0.021382314,"yes","up",0.587670305514193,0.472692101115397,"constitutive","Seed_Silique","silique_stage_4"
"AT5G11250",182.539225,0.541587232,0.103318598,5.24191424,1.59e-07,3.64e-06,"yes","up",0.477902189794376,0.412919317784129,"constitutive","Leaf_Shoot","senescing_leaf"
"AT5G11270",599.2415166,-0.138741513,0.046464467,-2.985970181,0.002826802,0.013311267,"yes","down",0.594675909728956,0.354791719689136,"constitutive","Leaf_Shoot","shoot_apex_vegetative_with_leaves"
"AT5G11280",348.6227259,-0.138609576,0.044464679,-3.117296249,0.001825181,0.009322856,"yes","down",0.337688199286478,0.374412443339238,"constitutive","Root","root"
"AT5G11340",374.9465642,-0.089890219,0.036230011,-2.481098343,0.013097823,0.045481717,"yes","down",0.468225820482593,0.339039645819066,"constitutive","Leaf_Shoot","shoot_apex_vegetative"
"AT5G11460",287.2014375,2.080163935,0.240432624,8.651754082,5.07e-18,1.39e-15,"yes","up",0.46541438672342,0.335809129508227,"constitutive","Seed_Silique","seed_stage_6"
"AT5G11630",147.7725929,-0.152993237,0.051935094,-2.945854633,0.003220637,0.014805008,"yes","down",0.515424745331477,0.243345186718633,"constitutive","Leaf_Shoot","shoot_apex_transition"
"AT5G11690",133.1139093,-0.333943746,0.054128811,-6.169426932,6.85e-10,3.14e-08,"yes","down",0.536184608653969,0.309105575143235,"constitutive","Leaf_Shoot","shoot_apex_transition"
"AT5G11850",532.3080484,0.452077849,0.089671299,5.04149996,4.62e-07,9.07e-06,"yes","up",0.453184059836132,0.477711070336429,"constitutive","Root","root"
"AT5G11860",291.4292883,0.231884978,0.053767775,4.312712893,1.61e-05,0.000185257,"yes","up",0.403254967542075,0.181300200495903,"constitutive","Seed_Silique","seed_stage_10"
"AT5G11900",484.0430898,-0.074865082,0.029820623,-2.510513655,0.012055566,0.042542793,"yes","down",0.450779869902244,0.256279984805794,"constitutive","Flower","inflorescence_apex"
"AT5G12140",1252.390672,0.129145519,0.0324044,3.985431544,6.74e-05,0.000614958,"yes","up",0.453693024887052,0.243493631268023,"constitutive","Leaf_Shoot","hypocotyl"
"AT5G12440",390.9092361,-0.170129882,0.045353774,-3.751173611,0.000176009,0.001353331,"yes","down",0.587418527374571,0.47701467445317,"constitutive","Flower","inflorescence_apex"
"AT5G12470",1740.443236,-0.184834769,0.042802443,-4.318322865,1.57e-05,0.000181052,"yes","down",0.464094273565313,0.189133998660038,"constitutive","Leaf_Shoot","cauline_leaf"
"AT5G12480",573.6412921,0.157477664,0.047811797,3.29369889,0.000988784,0.005676716,"yes","up",0.487888420611683,0.219094298339354,"constitutive","Leaf_Shoot","cauline_leaf"
"AT5G12850",655.538453,-0.190790054,0.055031296,-3.466937345,0.000526425,0.003352987,"yes","down",0.246828713180511,0.0784069351534128,"constitutive","Flower","inflorescence_apex"
"AT5G13120",2044.336462,-0.172048973,0.031582176,-5.447660526,5.1e-08,1.38e-06,"yes","down",0.558458477070836,0.374885662743872,"constitutive","Leaf_Shoot","rosette_vegetative"
"AT5G13160",376.7618546,0.156053192,0.041435524,3.766169165,0.000165771,0.001286875,"yes","up",0.466724277517087,0.126984675350172,"constitutive","Leaf_Shoot","senescing_leaf"
"AT5G13530",646.0612925,0.118145718,0.032256719,3.662670044,0.0002496,0.00180707,"yes","up",0.487338716009981,0.235846459850037,"constitutive","Leaf_Shoot","senescing_leaf"
"AT5G13590",693.2383621,0.166960345,0.046971011,3.554540161,0.000378641,0.002550199,"yes","up",0.571697326163166,0.256186248873763,"constitutive","Leaf_Shoot","senescing_leaf"
"AT5G13710",1837.286855,-0.198212034,0.067674498,-2.928902916,0.003401606,0.015473962,"yes","down",0.420514988248665,0.27400409505717,"constitutive","Flower","petal"
"AT5G13850",1443.698073,-0.112655812,0.026276304,-4.287353815,1.81e-05,0.000202779,"yes","down",0.568086222674646,0.349281915912693,"constitutive","Leaf_Shoot","shoot_apex_vegetative"
"AT5G13970",187.5932065,-0.107422776,0.035288525,-3.04412766,0.002333561,0.011372552,"yes","down",0.492873384440246,0.409208985340325,"constitutive","Seed_Silique","seed_stage_10"
"AT5G14100",179.7037142,-0.165317275,0.049569744,-3.335043949,0.000852859,0.005007335,"yes","down",0.472440887662522,0.34912006976526,"constitutive","Leaf_Shoot","shoot_apex_vegetative_with_leaves"
"AT5G14220",458.5317123,0.098682919,0.036800003,2.681600844,0.007327083,0.028592255,"yes","up",0.508265205965027,0.285718743722164,"constitutive","Leaf_Shoot","rosette_vegetative"
"AT5G14320",4293.475081,-0.148069504,0.033962454,-4.359799867,1.3e-05,0.000154132,"yes","down",0.582842684645456,0.515871174229967,"constitutive","Leaf_Shoot","rosette_vegetative"
"AT5G14530",114.9318352,0.263962023,0.058569428,4.506822625,6.58e-06,8.64e-05,"yes","up",0.513093668005926,0.316093383906351,"constitutive","Leaf_Shoot","senescing_leaf"
"AT5G14790",267.4210502,-0.099006943,0.032421203,-3.053771395,0.002259842,0.011077409,"yes","down",0.513186110927047,0.258119481460304,"constitutive","Leaf_Shoot","stem"
"AT5G14910",2258.315787,-0.132482984,0.039811708,-3.327739285,0.000875538,0.005109308,"yes","down",0.599338732695915,0.554106828361963,"constitutive","Leaf_Shoot","rosette_vegetative"
"AT5G14950",622.0200263,0.097378708,0.034922965,2.788386048,0.005297138,0.022055554,"yes","up",0.406664789202995,0.187029850731695,"constitutive","Leaf_Shoot","senescing_leaf"
"AT5G15010",74.95351784,-0.25841072,0.056180499,-4.599651514,4.23e-06,5.94e-05,"yes","down",0.572319486728611,0.500534737219572,"constitutive","Flower","flower_stage_9"
"AT5G15020",795.8055121,0.155281255,0.033077333,4.694491319,2.67e-06,4e-05,"yes","up",0.546460345310495,0.304173553643881,"constitutive","Leaf_Shoot","senescing_leaf"
"AT5G15090",2637.740021,-0.106120701,0.033884734,-3.131814501,0.001737296,0.008946256,"yes","down",0.325397748212465,0.206412688522914,"constitutive","Seed_Silique","seed_stage_9"
"AT5G15170",130.1333939,-0.141523547,0.046537091,-3.041091401,0.002357223,0.011463456,"yes","down",0.375332249866557,0.242476867456014,"constitutive","Flower","flower_stage_9"
"AT5G15200",9228.75744,-0.211982366,0.037620297,-5.634787168,1.75e-08,5.47e-07,"yes","down",0.400467902890623,0.130481561867018,"constitutive","Flower","inflorescence_apex"
"AT5G15210",281.281322,-0.236355536,0.053906389,-4.384555169,1.16e-05,0.000139996,"yes","down",0.51744897580655,0.502070854829644,"constitutive","Seed_Silique","seed_stage_10"
"AT5G15280",209.2070969,-0.138606417,0.052893685,-2.620471925,0.008780816,0.033040491,"yes","down",0.422759199753327,0.326771610144327,"constitutive","Seed_Silique","seed_stage_10"
"AT5G15380",26.34379859,3.983220281,0.403612321,9.868926373,5.68e-23,3.49e-20,"yes","up",0.53223608226604,0.295201925595528,"constitutive","Flower","mature_pollen"
"AT5G15390",304.2681389,-0.113129847,0.033814936,-3.345558526,0.00082117,0.00484906,"yes","down",0.542593349280724,0.325457953427611,"constitutive","Leaf_Shoot","rosette_vegetative"
"AT5G15540",745.5599514,0.891989767,0.152477337,5.849982594,4.92e-09,1.8e-07,"yes","up",0.384119873825805,0.137033507544952,"constitutive","Leaf_Shoot","senescing_leaf"
"AT5G15640",387.4770972,0.088397528,0.034764307,2.542766844,0.010997859,0.039556382,"yes","up",0.575634763211934,0.2265317989965,"constitutive","Flower","mature_pollen"
"AT5G15710",103.6738268,0.20205181,0.056057052,3.604395951,0.00031288,0.002177595,"yes","up",0.465767903375709,0.0936112327682998,"constitutive","Leaf_Shoot","senescing_leaf"
"AT5G15730",299.0011177,0.301460144,0.063297577,4.762585799,1.91e-06,3.02e-05,"yes","up",0.420178478326012,0.378685907746793,"constitutive","Leaf_Shoot","senescing_leaf"
"AT5G15810",589.1644714,-0.119600658,0.045112182,-2.65118317,0.008021033,0.030734689,"yes","down",0.481246198282112,0.273091638694887,"constitutive","Leaf_Shoot","shoot_apex_vegetative"
"AT5G15870",348.360663,0.423093225,0.09435775,4.483926572,7.33e-06,9.46e-05,"yes","up",0.474378933855303,0.1941372126693,"constitutive","Seed_Silique","seed_stage_10"
"AT5G15920",294.3399907,0.178725724,0.054254138,3.294232113,0.00098691,0.005669054,"yes","up",0.45207771973662,0.259995858775485,"constitutive","Leaf_Shoot","shoot_apex_transition"
"AT5G16000",367.552419,-0.419614649,0.054467259,-7.703979484,1.32e-14,1.85e-12,"yes","down",0.590766647354468,0.348191872601901,"constitutive","Leaf_Shoot","hypocotyl"
"AT5G16050",1396.017678,-0.064078851,0.024630477,-2.601608223,0.009278778,0.034516118,"yes","down",0.416327165579371,0.357415946845194,"constitutive","Flower","inflorescence_apex"
"AT5G16130",4198.524095,-0.23892555,0.048340764,-4.942527361,7.71e-07,1.4e-05,"yes","down",0.466186722103352,0.154920619311833,"constitutive","Leaf_Shoot","shoot_apex_vegetative"
"AT5G16390",1472.391592,-0.112099611,0.0378638,-2.960601167,0.003070393,0.0142337,"yes","down",0.59077186466733,0.160999798079548,"constitutive","Seed_Silique","seed_stage_6"
"AT5G16520",166.2416423,0.130961407,0.047145138,2.777834848,0.005472242,0.022611248,"yes","up",0.390661304045951,0.212818778513235,"constitutive","Leaf_Shoot","senescing_leaf"
"AT5G16590",637.4424387,-0.23325755,0.057111134,-4.084274524,4.42e-05,0.000430158,"yes","down",0.535114653629308,0.50255830142474,"constitutive","Root","root"
"AT5G16640",27.20126991,-0.255577601,0.091050427,-2.806989603,0.005000686,0.021102965,"yes","down",0.45189212411837,0.139422601129325,"constitutive","Leaf_Shoot","shoot_apex_vegetative"
"AT5G16680",556.6142689,0.171563768,0.029737533,5.769266931,7.96e-09,2.76e-07,"yes","up",0.539175311076357,0.384485942959948,"constitutive","Seed_Silique","seed_stage_9"
"AT5G16710",1951.064491,-0.099117069,0.02566833,-3.861453798,0.000112714,0.00093788,"yes","down",0.597844414990211,0.511796290381262,"constitutive","Leaf_Shoot","cotyledon"
"AT5G16810",263.590047,-0.126596731,0.046745581,-2.708207431,0.006764773,0.026788676,"yes","down",0.511822346821111,0.35773360351673,"constitutive","Leaf_Shoot","cotyledon"
"AT5G17070",190.444967,-0.137208235,0.03790574,-3.619721867,0.00029492,0.002071557,"yes","down",0.496123971383862,0.353044561586489,"constitutive","Flower","flower_stage_9"
"AT5G17150",4.606022741,0.772077839,0.211653069,3.647846176,0.000264448,0.001893055,"yes","up",0.487477329903796,0.364924157016655,"constitutive","Seed_Silique","silique_stage_3"
"AT5G17410",231.8977193,-0.112511775,0.037630929,-2.989875034,0.002790916,0.013173861,"yes","down",0.412387085887077,0.187040975163709,"constitutive","Flower","inflorescence_apex"
"AT5G17560",743.2122425,-0.112088494,0.029352257,-3.818735172,0.000134138,0.001083257,"yes","down",0.418769929503756,0.383855384854483,"constitutive","Leaf_Shoot","rosette_leaf"
"AT5G17620",155.1716516,-0.138038516,0.049490565,-2.789188508,0.00528403,0.022014923,"yes","down",0.463043515295034,0.333225770592206,"constitutive","Flower","inflorescence_apex"
"AT5G17630",806.1248526,-0.265313847,0.056377125,-4.706054929,2.53e-06,3.82e-05,"yes","down",0.419823723765953,0.13935203830725,"constitutive","Leaf_Shoot","shoot_apex_vegetative"
"AT5G17660",163.9127584,-0.131996268,0.044991639,-2.933795488,0.003348448,0.015281306,"yes","down",0.502207532799858,0.297089316378019,"constitutive","Leaf_Shoot","shoot_apex_vegetative_with_leaves"
"AT5G17760",309.7228151,0.937679952,0.147550254,6.354987042,2.08e-10,1.11e-08,"yes","up",0.537748608619423,0.551601630009249,"constitutive","Flower","sepal"
"AT5G17870",2863.225588,-0.190216751,0.035627379,-5.339061072,9.34e-08,2.32e-06,"yes","down",0.551384777731246,0.456602633811595,"constitutive","Leaf_Shoot","rosette_vegetative"
"AT5G17890",610.9006422,0.107782198,0.033353301,3.231530177,0.001231293,0.006811846,"yes","up",0.395825172950157,0.264123426642645,"constitutive","Leaf_Shoot","hypocotyl"
"AT5G18190",848.7454792,0.163175647,0.040965224,3.983272374,6.8e-05,0.000619375,"yes","up",0.439868526454512,0.118655228201786,"constitutive","Flower","stamen"
"AT5G18390",115.0237126,-0.130171448,0.050834987,-2.560666472,0.01044716,0.037948493,"yes","down",0.315558273297384,0.0251098529426055,"constitutive","Leaf_Shoot","senescing_leaf"
"AT5G18400",476.4642727,0.317769081,0.065521458,4.849847552,1.24e-06,2.08e-05,"yes","up",0.485619679700829,0.191768255724128,"constitutive","Seed_Silique","seed_stage_9"
"AT5G18410",783.6218452,0.098075974,0.039766953,2.466268249,0.013652905,0.047038597,"yes","up",0.447916941792909,0.271337694522503,"constitutive","Leaf_Shoot","stem"
"AT5G18460",306.5100698,-0.121297264,0.044233227,-2.742220578,0.006102535,0.024641153,"yes","down",0.555313959639694,0.572843243903297,"constitutive","Flower","inflorescence_apex"
"AT5G18560",16.44101868,-0.475019782,0.152747104,-3.109844765,0.001871857,0.009522078,"yes","down",0.567818756340178,0.454710690226761,"constitutive","Flower","mature_pollen"
"AT5G18590",483.3375137,-0.182324578,0.04923937,-3.702821119,0.000213215,0.001586028,"yes","down",0.417997599511165,0.395485870790931,"constitutive","Flower","flower_stage_10_11"
"AT5G18770",105.9936765,0.296241461,0.078308074,3.783025737,0.000154933,0.001221027,"yes","up",0.534931938091678,0.316385316330602,"constitutive","Seed_Silique","seed_stage_10"
"AT5G19210",149.7984358,-0.230340895,0.058862689,-3.913190137,9.11e-05,0.000786499,"yes","down",0.518101699192927,0.2946943854235,"constitutive","Leaf_Shoot","shoot_apex_vegetative_with_leaves"
"AT5G19290",940.0657718,-0.237909159,0.046239338,-5.145167915,2.67e-07,5.62e-06,"yes","down",0.587074970095625,0.554198269736294,"constitutive","Flower","flower_stage_10_11"
"AT5G19310",264.3926636,-0.122915483,0.043242257,-2.84248535,0.004476329,0.019301353,"yes","down",0.567778382728018,0.385811591803054,"constitutive","Flower","mature_pollen"
"AT5G19330",955.2662432,0.198851305,0.059085786,3.365467724,0.00076414,0.004569527,"yes","up",0.263175686729944,0.246523516983288,"constitutive","Root","root"
"AT5G19340",161.670882,-0.350570413,0.092153823,-3.804187392,0.00014227,0.00114034,"yes","down",0.586695245826671,0.60807163221794,"constitutive","Root","root"
"AT5G19370",995.2798805,-0.093428335,0.024108788,-3.875281259,0.000106502,0.00089695,"yes","down",0.492163031046375,0.430658261583902,"constitutive","Leaf_Shoot","rosette_vegetative"
"AT5G19400",1468.817345,0.134601199,0.035135779,3.830886968,0.000127682,0.001040391,"yes","up",0.578827764553948,0.167211369777874,"constitutive","Leaf_Shoot","senescing_leaf"
"AT5G19430",143.8730539,-0.161289718,0.060369976,-2.671687611,0.007547087,0.029254662,"yes","down",0.513409046291611,0.306786093145226,"constitutive","Seed_Silique","seed_stage_10"
"AT5G19440",1255.779026,0.155311407,0.050878607,3.052587631,0.002268775,0.011109644,"yes","up",0.482888774996603,0.436386916342617,"constitutive","Leaf_Shoot","shoot_apex_transition"
"AT5G19450",638.2793757,0.106587448,0.037778338,2.821390651,0.004781594,0.020393795,"yes","up",0.420458962994355,0.107434336078421,"constitutive","Leaf_Shoot","senescing_leaf"
"AT5G19510",5369.185339,-0.190515494,0.035190867,-5.413776712,6.17e-08,1.61e-06,"yes","down",0.427751287085692,0.165098274866068,"constitutive","Leaf_Shoot","shoot_apex_vegetative"
"AT5G19590",991.2260346,0.087498571,0.028992686,3.01795321,0.002544882,0.012183286,"yes","up",0.372800113965923,0.114857268697551,"constitutive","Leaf_Shoot","cauline_leaf"
"AT5G19620",623.2245054,-0.11178017,0.030275855,-3.692056554,0.000222448,0.001639901,"yes","down",0.434806991161257,0.206768407186619,"constitutive","Leaf_Shoot","rosette_vegetative"
"AT5G19690",1788.079677,-0.120276319,0.043896312,-2.740009689,0.006143737,0.024760869,"yes","down",0.446873986985326,0.331502370083638,"constitutive","Leaf_Shoot","shoot_apex_transition"
"AT5G19760",4367.448688,-0.101264216,0.028371359,-3.569240893,0.000358017,0.002429343,"yes","down",0.400108779108631,0.256268649100533,"constitutive","Flower","sepal"
"AT5G19770",4263.247648,-0.215910323,0.050976397,-4.235495961,2.28e-05,0.000247389,"yes","down",0.404035009818348,0.129631018682028,"constitutive","Flower","inflorescence_apex"
"AT5G19980",390.9802552,0.166230004,0.062208807,2.672129736,0.00753715,0.029232083,"yes","up",0.479647724598886,0.462586684339899,"constitutive","Root","root"
"AT5G20010",3481.114345,0.25625469,0.0390142,6.56824164,5.09e-11,3.2e-09,"yes","up",0.334207051163938,0.149137206616658,"constitutive","Leaf_Shoot","shoot_apex_transition"
"AT5G20060",810.9295449,-0.112764292,0.031393636,-3.591947445,0.000328216,0.002263978,"yes","down",0.459200058361864,0.200916914819398,"constitutive","Leaf_Shoot","shoot_apex_vegetative"
"AT5G20130",419.3094348,-0.163878919,0.047636537,-3.440193776,0.000581298,0.003643683,"yes","down",0.480688919392508,0.244784224873301,"constitutive","Flower","pedicel"
"AT5G20160",1132.182585,-0.215856601,0.07807004,-2.764909553,0.005693858,0.023322557,"yes","down",0.561179688517333,0.242589101256553,"constitutive","Leaf_Shoot","shoot_apex_vegetative"
"AT5G20290",13180.1078,-0.211573283,0.04267214,-4.95811277,7.12e-07,1.31e-05,"yes","down",0.315834204102087,0.0445623403288972,"constitutive","Leaf_Shoot","shoot_apex_vegetative_with_leaves"
"AT5G20320",301.0999568,0.173146793,0.047208754,3.667684053,0.000244757,0.001777469,"yes","up",0.545766317160809,0.416734482510423,"constitutive","Flower","flower_stage_9"
"AT5G20620",956.7221875,0.252224656,0.052981511,4.760616458,1.93e-06,3.04e-05,"yes","up",0.388887399987183,0.289259216666397,"constitutive","Seed_Silique","seed_stage_9"
"AT5G20650",814.6855266,0.091928031,0.03435931,2.675491174,0.007461984,0.029007478,"yes","up",0.451742079680681,0.337784514484897,"constitutive","Leaf_Shoot","stem"
"AT5G20720",10538.46256,-0.130477195,0.039338274,-3.316800203,0.000910547,0.005285478,"yes","down",0.532826844670248,0.412501228167718,"constitutive","Leaf_Shoot","shoot_apex_vegetative_with_leaves"
"AT5G20850",400.8040865,2.90288615,0.323932856,8.96138227,3.21e-19,1.06e-16,"yes","up",0.493851768484849,0.271514668449787,"constitutive","Leaf_Shoot","shoot_apex_vegetative"
"AT5G20890",2915.853035,-0.132239501,0.036752472,-3.598111773,0.000320536,0.002220391,"yes","down",0.535964912104444,0.298782863555255,"constitutive","Flower","inflorescence_apex"
"AT5G20910",195.3200992,0.472966847,0.103228282,4.581756441,4.61e-06,6.4e-05,"yes","up",0.533657163270785,0.345795352769417,"constitutive","Seed_Silique","seed_stage_9"
"AT5G20930",286.3582102,0.770364854,0.127976759,6.019568396,1.75e-09,7.19e-08,"yes","up",0.34783279851373,0.257424284709831,"constitutive","Flower","inflorescence_apex"
"AT5G20950",1668.607168,-0.191458015,0.054907331,-3.486929912,0.000488599,0.003163349,"yes","down",0.568397100223826,0.28204912700148,"constitutive","Leaf_Shoot","shoot_apex_transition"
"AT5G21090",2515.758817,0.275591848,0.046037408,5.986258958,2.15e-09,8.68e-08,"yes","up",0.453801164207893,0.0940459705287706,"constitutive","Leaf_Shoot","cauline_leaf"
"AT5G22060",1361.65844,0.167274579,0.053040039,3.153741632,0.001611917,0.008446747,"yes","up",0.358114041924074,0.364115520306173,"constitutive","Root","root"
"AT5G22280",234.0942181,0.124313146,0.036919448,3.367145337,0.000759506,0.004549897,"yes","up",0.425701826239967,0.421577467267961,"constitutive","Flower","carpel"
"AT5G22400",180.2987371,-0.094413593,0.037494647,-2.518055219,0.011800482,0.04188718,"yes","down",0.503730853117729,0.313712316361237,"constitutive","Flower","pedicel"
"AT5G22450",678.8219267,0.175179515,0.056314593,3.110730384,0.001866253,0.009501871,"yes","up",0.412725832506779,0.194758488411721,"constitutive","Leaf_Shoot","senescing_leaf"
"AT5G22640",3366.044341,-0.154832102,0.043935694,-3.524061797,0.000424985,0.002812514,"yes","down",0.588057331535925,0.428429418937085,"constitutive","Leaf_Shoot","rosette_vegetative"
"AT5G22830",653.6270158,-0.115081183,0.03810878,-3.019807572,0.002529353,0.012116327,"yes","down",0.425965602250678,0.415448366199318,"constitutive","Leaf_Shoot","cotyledon"
"AT5G23110",775.2626017,0.144253108,0.045157565,3.194439465,0.001401027,0.007588787,"yes","up",0.55471467585458,0.295960598828777,"constitutive","Seed_Silique","seed_stage_10"
"AT5G23140",576.6238659,-0.06274987,0.021600968,-2.904956366,0.003673043,0.016445326,"yes","down",0.330098087885787,0.110140100536945,"constitutive","Leaf_Shoot","shoot_apex_vegetative"
"AT5G23290",284.0866499,-0.136588811,0.043266967,-3.15688438,0.001594646,0.008379532,"yes","down",0.439892629918192,0.280302905379898,"constitutive","Leaf_Shoot","shoot_apex_transition"
"AT5G23330",166.1980341,-0.142128681,0.042413624,-3.351014789,0.00080516,0.004768854,"yes","down",0.570865702863878,0.358345007125601,"constitutive","Seed_Silique","seed_stage_8"
"AT5G23390",422.8602734,0.275639907,0.057192982,4.819470855,1.44e-06,2.37e-05,"yes","up",0.356121212681328,0.228469123222027,"constitutive","Seed_Silique","seed_stage_9"
"AT5G23430",354.5511162,-0.128056,0.046127904,-2.776107022,0.00550141,0.022711861,"yes","down",0.501295961070688,0.387140398012276,"constitutive","Flower","inflorescence_apex"
"AT5G23450",1038.062108,0.099835113,0.037986722,2.628158111,0.00858486,0.032464443,"yes","up",0.462506542527931,0.209549079094891,"constitutive","Flower","mature_pollen"
"AT5G23540",1622.073168,0.121908788,0.049562908,2.459677863,0.013906177,0.04772315,"yes","up",0.28797947705403,0.224179806120336,"constitutive","Seed_Silique","seed_stage_10"
"AT5G23580",235.9546377,0.216569907,0.059964328,3.611645691,0.00030426,0.002126393,"yes","up",0.579854191447889,0.442470785690632,"constitutive","Flower","carpel"
"AT5G23680",129.3353475,-0.155119435,0.048961296,-3.168205235,0.001533832,0.00814164,"yes","down",0.572188051746996,0.335716096394565,"constitutive","Seed_Silique","seed_stage_10"
"AT5G23740",2554.891287,-0.21194811,0.046461476,-4.561803181,5.07e-06,6.96e-05,"yes","down",0.535149416262784,0.151952787091613,"constitutive","Leaf_Shoot","shoot_apex_vegetative_with_leaves"
"AT5G23780",19.45437477,-0.335590012,0.104121975,-3.223046938,0.001268348,0.00698406,"yes","down",0.587762004965715,0.508669482108989,"constitutive","Seed_Silique","seed_stage_6"
"AT5G23800",41.86389242,-0.243042245,0.087295249,-2.784140588,0.005366977,0.022273918,"yes","down",0.513437730033409,0.403253093534773,"constitutive","Flower","flower_stage_9"
"AT5G23900",2231.757926,-0.114538266,0.035067832,-3.266191773,0.001090044,0.006156111,"yes","down",0.500359573037213,0.245876547725842,"constitutive","Leaf_Shoot","shoot_apex_vegetative"
"AT5G24000",179.1543982,-0.13739842,0.051451614,-2.670439442,0.007575203,0.029336335,"yes","down",0.432871567337877,0.265536921465714,"constitutive","Flower","pedicel"
"AT5G24020",475.3152944,-0.135472279,0.044554292,-3.040611228,0.002360985,0.011472994,"yes","down",0.391985692330656,0.249250316900368,"constitutive","Leaf_Shoot","rosette_vegetative"
"AT5G24260",537.2615022,-0.104845733,0.037598978,-2.788526178,0.005294847,0.022053489,"yes","down",0.514920793712664,0.331990696482724,"constitutive","Flower","sepal"
"AT5G24300",1913.085398,-0.087787839,0.033792065,-2.597883253,0.009380038,0.034804917,"yes","down",0.458915758941269,0.358815985188447,"constitutive","Flower","pedicel"
"AT5G24430",260.2039422,0.201666049,0.068930987,2.925622551,0.003437677,0.015589914,"yes","up",0.419164597627464,0.26301536577251,"constitutive","Seed_Silique","seed_stage_6"
"AT5G24500",287.7097294,0.086267913,0.035039803,2.461997669,0.013816556,0.047484719,"yes","up",0.256935564758835,0.120019230152642,"constitutive","Leaf_Shoot","cauline_leaf"
"AT5G24520",436.6450926,0.154260933,0.049123972,3.140237401,0.00168811,0.00876902,"yes","up",0.546198772767992,0.191223813674303,"constitutive","Leaf_Shoot","cauline_leaf"
"AT5G25080",293.0737775,-0.111807685,0.037292107,-2.998159479,0.002716155,0.012867121,"yes","down",0.568602289737145,0.384542566804035,"constitutive","Seed_Silique","seed_stage_10"
"AT5G25100",2356.582991,-0.109951219,0.035885162,-3.063974477,0.002184175,0.010789515,"yes","down",0.37331705132048,0.160293072621462,"constitutive","Leaf_Shoot","stem"
"AT5G25490",53.94715729,-0.343902709,0.101802803,-3.378126138,0.000729816,0.004398863,"yes","down",0.597386382655414,0.344925641525575,"constitutive","Seed_Silique","seed_stage_6"
"AT5G25940",330.3550619,0.163414808,0.042148545,3.877116244,0.000105702,0.000891488,"yes","up",0.448948224668543,0.46454763284555,"constitutive","Root","root"
"AT5G26110",224.4695899,-0.115573786,0.04024688,-2.871620989,0.004083724,0.01793324,"yes","down",0.535230614415723,0.356984439951714,"constitutive","Flower","inflorescence_apex"
"AT5G26210",436.3595276,-0.107596287,0.039295866,-2.738107072,0.006179395,0.024866317,"yes","down",0.441694274924663,0.254700844716062,"constitutive","Flower","inflorescence_apex"
"AT5G26710",1368.826535,-0.092551374,0.031984383,-2.893642594,0.003808013,0.016940495,"yes","down",0.552013345515937,0.250486049469481,"constitutive","Leaf_Shoot","shoot_apex_transition"
"AT5G26760",435.1400816,0.165850609,0.048279975,3.435184264,0.000592151,0.00370063,"yes","up",0.269335076677348,0.205319747695526,"constitutive","Flower","flower_stage_10_11"
"AT5G26820",868.9531426,-0.137565903,0.04308436,-3.192942923,0.001408308,0.007607704,"yes","down",0.598739643445004,0.207722863117366,"constitutive","Flower","mature_pollen"
"AT5G27450",402.3477897,-0.108635338,0.040449958,-2.685672423,0.007238402,0.028315772,"yes","down",0.597676065403457,0.633928748737661,"constitutive","Root","root"
"AT5G27550",247.5178726,-0.598388651,0.162283433,-3.687305838,0.000226641,0.00166644,"yes","down",0.565384161371304,0.370262512521966,"constitutive","Leaf_Shoot","shoot_apex_vegetative"
"AT5G27560",816.321644,-0.162440353,0.031690739,-5.125798873,2.96e-07,6.15e-06,"yes","down",0.543537045578779,0.492359220355536,"constitutive","Leaf_Shoot","cotyledon"
"AT5G27670",599.0800654,-0.448756841,0.07731483,-5.804278991,6.46e-09,2.28e-07,"yes","down",0.556584906758437,0.382259011759963,"constitutive","Leaf_Shoot","shoot_apex_transition"
"AT5G27700",2267.287836,-0.159659573,0.033281948,-4.797182355,1.61e-06,2.6e-05,"yes","down",0.448875072421328,0.211594022344858,"constitutive","Leaf_Shoot","shoot_apex_vegetative"
"AT5G27710",150.9754173,-0.146849304,0.041181031,-3.565945285,0.000362547,0.00245406,"yes","down",0.392958295144256,0.372710903056408,"constitutive","Flower","flower_stage_9"
"AT5G27730",255.6837565,-0.170411333,0.064920671,-2.62491637,0.008667025,0.03271092,"yes","down",0.359973977990898,0.294102919866522,"constitutive","Leaf_Shoot","cauline_leaf"
"AT5G27750",89.36048513,0.441487265,0.065623535,6.727575161,1.73e-11,1.19e-09,"yes","up",0.423906085919728,0.218976798413409,"constitutive","Seed_Silique","seed_stage_10"
"AT5G27770",2005.125984,-0.233594237,0.043405514,-5.381671993,7.38e-08,1.88e-06,"yes","down",0.518264020402401,0.140141823592,"constitutive","Leaf_Shoot","shoot_apex_vegetative"
"AT5G27830",131.6452841,0.218534523,0.06199897,3.524808941,0.000423788,0.002805765,"yes","up",0.590755742151532,0.239894369448828,"constitutive","Leaf_Shoot","senescing_leaf"
"AT5G27840",380.5970861,0.108777006,0.035847141,3.034468087,0.002409602,0.011653992,"yes","up",0.543173500264799,0.144441728320632,"constitutive","Flower","mature_pollen"
"AT5G27850",6315.808125,-0.205318091,0.043516382,-4.718179217,2.38e-06,3.64e-05,"yes","down",0.44140298501411,0.120811358143989,"constitutive","Leaf_Shoot","shoot_apex_vegetative"
"AT5G27990",324.2499609,-0.17889555,0.054744813,-3.267808195,0.001083838,0.006129873,"yes","down",0.45172530537975,0.296235854677025,"constitutive","Leaf_Shoot","shoot_apex_transition"
"AT5G28040",313.0972563,0.09221337,0.037006526,2.491813745,0.012709266,0.044397679,"yes","up",0.415988763479267,0.332317572384707,"constitutive","Seed_Silique","seed_stage_10"
"AT5G28060",3594.513133,-0.179988608,0.038801214,-4.638736516,3.51e-06,5.08e-05,"yes","down",0.557172406407917,0.292925715807244,"constitutive","Leaf_Shoot","shoot_apex_vegetative"
"AT5G28750",1353.566336,-0.150762023,0.038477299,-3.918207065,8.92e-05,0.000773221,"yes","down",0.546616794377374,0.513450046372595,"constitutive","Leaf_Shoot","rosette_vegetative"
"AT5G30510",7411.478548,-0.176619698,0.030326324,-5.823973099,5.75e-09,2.08e-07,"yes","down",0.585019463944907,0.496647782386834,"constitutive","Flower","pedicel"
"AT5G35530",3088.687148,-0.138297678,0.032166205,-4.299471386,1.71e-05,0.000194592,"yes","down",0.439503479675995,0.15667718088118,"constitutive","Leaf_Shoot","shoot_apex_vegetative"
"AT5G35620",1199.069803,-0.147768672,0.038936513,-3.795118241,0.000147573,0.001176167,"yes","down",0.491380303310082,0.235304150705925,"constitutive","Leaf_Shoot","shoot_apex_vegetative"
"AT5G35680",879.0334702,0.109388537,0.04208303,2.599350299,0.009340041,0.034700202,"yes","up",0.523727370634744,0.152265267793696,"constitutive","Flower","mature_pollen"
"AT5G35750",428.9442704,-0.18107073,0.069489506,-2.605727681,0.009167932,0.034184698,"yes","down",0.450359233957376,0.214412484599774,"constitutive","Flower","inflorescence_apex"
"AT5G36170",852.2199928,-0.088653713,0.03496296,-2.535646673,0.011223992,0.040173573,"yes","down",0.455354807654816,0.416144016259663,"constitutive","Flower","pedicel"
"AT5G36940",309.2570883,-0.14288542,0.043157921,-3.310757683,0.000930437,0.005386346,"yes","down",0.576144880991861,0.424952731460624,"constitutive","Leaf_Shoot","stem"
"AT5G37440",21.12073533,0.844778455,0.139849487,6.040626076,1.54e-09,6.38e-08,"yes","up",0.555646048083129,0.353597898911693,"constitutive","Seed_Silique","seed_stage_10"
"AT5G37480",150.3538728,0.208964382,0.056902863,3.672299993,0.000240377,0.001749433,"yes","up",0.435454595658448,0.425904537555978,"constitutive","Root","root"
"AT5G37490",5.553024245,1.32137069,0.260602796,5.070439415,3.97e-07,7.95e-06,"yes","up",0.453374404127923,0.225218146110907,"constitutive","Seed_Silique","seed_stage_10"
"AT5G37630",215.3977648,-0.215153886,0.08178171,-2.630831351,0.008517629,0.03224961,"yes","down",0.54847068441261,0.297994846085036,"constitutive","Leaf_Shoot","shoot_apex_transition"
"AT5G37770",453.6781328,0.687085902,0.192929982,3.561322577,0.000368991,0.002490903,"yes","up",0.597803113061545,0.256910310569601,"constitutive","Leaf_Shoot","cotyledon"
"AT5G37790",250.8975126,-0.297420406,0.05501615,-5.406056331,6.44e-08,1.68e-06,"yes","down",0.582707447268393,0.638695868980026,"constitutive","Root","root"
"AT5G38220",156.1244264,-0.120019132,0.045801775,-2.620403498,0.008782578,0.033040491,"yes","down",0.433476700543386,0.17233710660272,"constitutive","Leaf_Shoot","cauline_leaf"
"AT5G38480",3306.816888,-0.128976002,0.0290258,-4.443495175,8.85e-06,0.000111395,"yes","down",0.376737213633174,0.196625095912935,"constitutive","Leaf_Shoot","shoot_apex_vegetative"
"AT5G38650",239.322614,0.899910241,0.110419379,8.149930255,3.64e-16,6.92e-14,"yes","up",0.451039560232613,0.246808050961097,"constitutive","Seed_Silique","seed_stage_10"
"AT5G39510",775.3583033,0.107567346,0.033696386,3.192251748,0.001411682,0.00762024,"yes","up",0.508413123885906,0.291729353453505,"constitutive","Seed_Silique","seed_stage_9"
"AT5G39570",5720.038183,0.171028403,0.039401193,4.340690936,1.42e-05,0.000166412,"yes","up",0.426479856387082,0.299231196412788,"constitutive","Leaf_Shoot","senescing_leaf"
"AT5G39590",1084.885585,0.166631249,0.05947309,2.801792366,0.005081957,0.021380862,"yes","up",0.418325226021666,0.340482189681847,"constitutive","Seedling","seedling_green_parts"
"AT5G39730",430.2522437,0.191340588,0.051841366,3.690886295,0.000223474,0.001646355,"yes","up",0.47343389145921,0.338952983075864,"constitutive","Leaf_Shoot","stem"
"AT5G39740",7539.646006,-0.226654638,0.043417964,-5.220296296,1.79e-07,4.01e-06,"yes","down",0.501177736456742,0.181140682941551,"constitutive","Leaf_Shoot","shoot_apex_vegetative"
"AT5G39830",935.7758854,-0.095665808,0.025371597,-3.770586782,0.000162864,0.001271678,"yes","down",0.588010353281539,0.492318251951487,"constitutive","Flower","pedicel"
"AT5G39950",551.5142744,0.112221334,0.03444668,3.25782732,0.001122687,0.006296717,"yes","up",0.484324759308735,0.357177749937503,"constitutive","Flower","sepal"
"AT5G40030",47.54922583,-0.268990736,0.098230909,-2.73835128,0.006174808,0.024863003,"yes","down",0.593314031094687,0.32167144081263,"constitutive","Seed_Silique","silique_stage_5"
"AT5G40370",765.5586624,0.239148563,0.061099758,3.914067252,9.08e-05,0.000784795,"yes","up",0.487200649854156,0.214547964344281,"constitutive","Flower","sepal"
"AT5G40440",118.5862255,0.131269889,0.043088738,3.046501114,0.002315216,0.011301841,"yes","up",0.400223772264045,0.355748708696589,"constitutive","Flower","petal"
"AT5G40580",682.8593847,0.202781263,0.0606733,3.34218288,0.000831223,0.004892488,"yes","up",0.306497032374787,0.354181925785769,"constitutive","Root","root"
"AT5G40910",650.1513161,0.373993057,0.088724215,4.215230958,2.5e-05,0.000267607,"yes","up",0.571745905242509,0.3843765301286,"constitutive","Leaf_Shoot","cauline_leaf"
"AT5G41000",103.5634517,-0.167563963,0.049300173,-3.398851448,0.000676695,0.0041315,"yes","down",0.554768349383706,0.245824476354947,"constitutive","Seed_Silique","seed_stage_6"
"AT5G41100",222.1797451,0.651476575,0.143907543,4.527049533,5.98e-06,7.99e-05,"yes","up",0.536067036966265,0.411755438341796,"constitutive","Seedling","seedling_green_parts"
"AT5G41180",198.1779173,0.248531171,0.052781003,4.708723959,2.49e-06,3.78e-05,"yes","up",0.585468077979471,0.447100803622078,"constitutive","Leaf_Shoot","hypocotyl"
"AT5G41360",270.7814476,0.162450096,0.039690364,4.092935422,4.26e-05,0.000416978,"yes","up",0.449565302326965,0.162249805257006,"constitutive","Leaf_Shoot","senescing_leaf"
"AT5G41520",3920.904853,-0.119643138,0.031221238,-3.832107475,0.00012705,0.001036316,"yes","down",0.398688355961173,0.165599242539851,"constitutive","Flower","inflorescence_apex"
"AT5G41550",19.97089212,1.192242536,0.205545445,5.800384112,6.62e-09,2.33e-07,"yes","up",0.47526735416311,0.279411692019445,"constitutive","Flower","petal"
"AT5G41600",504.1722509,-0.102586769,0.039720144,-2.582739076,0.009801942,0.036052611,"yes","down",0.485111880394586,0.35386769275775,"constitutive","Flower","inflorescence_apex"
"AT5G41685",521.0471596,-0.157424423,0.028740361,-5.477468592,4.31e-08,1.19e-06,"yes","down",0.356479224747364,0.307351097984424,"constitutive","Seed_Silique","seed_stage_6"
"AT5G41870",182.4093474,0.148969946,0.052914336,2.815304096,0.00487311,0.020671912,"yes","up",0.51276591697104,0.62246496151306,"constitutive","Flower","carpel"
"AT5G41950",806.4398365,-0.090352609,0.030129582,-2.998800657,0.002710446,0.012845464,"yes","down",0.266059467578305,0.167122177274597,"constitutive","Flower","inflorescence_apex"
"AT5G41960",173.8290824,0.238792891,0.061266233,3.897626475,9.71e-05,0.000828649,"yes","up",0.493720598360124,0.294587975240519,"constitutive","Seed_Silique","seed_stage_10"
"AT5G42100",1381.764435,-0.252778275,0.052366829,-4.827068561,1.39e-06,2.3e-05,"yes","down",0.441021303709688,0.322968291681843,"constitutive","Leaf_Shoot","shoot_apex_transition"
"AT5G42140",247.5094648,0.158865151,0.044242877,3.590750938,0.000329727,0.002270711,"yes","up",0.365761833386922,0.189158767405102,"constitutive","Flower","inflorescence_apex"
"AT5G42300",1229.068508,0.113245374,0.040430721,2.800973389,0.005094872,0.021402957,"yes","up",0.439317834636125,0.231089546449762,"constitutive","Flower","sepal"
"AT5G42320",380.5353479,-0.118722034,0.034084243,-3.483194095,0.000495469,0.003196412,"yes","down",0.426725733607127,0.286014543649326,"constitutive","Flower","stamen"
"AT5G42420",421.2553509,-0.160335723,0.037174144,-4.313097922,1.61e-05,0.000185024,"yes","down",0.444314844441952,0.45996427419392,"constitutive","Root","root"
"AT5G42620",725.6089918,-0.144532027,0.035363916,-4.08699153,4.37e-05,0.000426033,"yes","down",0.490853582942201,0.258060258970464,"constitutive","Leaf_Shoot","shoot_apex_transition"
"AT5G42740",1475.320829,0.171784636,0.049743157,3.453432554,0.000553501,0.003492539,"yes","up",0.458818865715364,0.328145600659465,"constitutive","Seed_Silique","seed_stage_8"
"AT5G42790",1474.400714,0.098751582,0.039373315,2.508084015,0.01213878,0.042778811,"yes","up",0.361654540597646,0.195371866179625,"constitutive","Leaf_Shoot","shoot_apex_vegetative"
"AT5G42850",444.9189491,0.158453962,0.031805101,4.982029852,6.29e-07,1.18e-05,"yes","up",0.317781411595938,0.335916931857209,"constitutive","Root","root"
"AT5G42890",555.4291606,0.097906469,0.036142666,2.708888967,0.006750893,0.026750512,"yes","up",0.52230568932778,0.43841055273828,"constitutive","Seed_Silique","seed_stage_8"
"AT5G43100",544.168803,0.098785009,0.039071355,2.528323069,0.011460884,0.040853986,"yes","up",0.414355858766957,0.425197971845392,"constitutive","Flower","mature_pollen"
"AT5G43140",170.6148664,0.268581092,0.079088127,3.395972351,0.000683853,0.00416657,"yes","up",0.287747745276329,0.153725607498094,"constitutive","Leaf_Shoot","cotyledon"
"AT5G43880",550.3240149,0.097687128,0.033504752,2.915620116,0.003549824,0.016000312,"yes","up",0.403993934167469,0.363406469929459,"constitutive","Root","root"
"AT5G43970",710.31555,-0.128311776,0.039900678,-3.215779343,0.001300908,0.007130041,"yes","down",0.476500974666474,0.25442689444476,"constitutive","Seed_Silique","seed_stage_9"
"AT5G43980",17.92908705,0.628316882,0.167215178,3.757534988,0.000171595,0.001324065,"yes","up",0.576312443465017,0.529816592981816,"constitutive","Seed_Silique","seed_stage_10"
"AT5G44010",49.04030786,0.249629555,0.090314768,2.763994859,0.005709844,0.023371792,"yes","up",0.554506699580055,0.324553540327642,"constitutive","Flower","mature_pollen"
"AT5G44070",796.4757931,0.771832252,0.112609864,6.854037715,7.18e-12,5.51e-10,"yes","up",0.581681940757049,0.519938938408186,"constitutive","Seedling","seedling_green_parts"
"AT5G44090",556.4428761,0.149073431,0.050408044,2.957334162,0.003103116,0.014365624,"yes","up",0.581654052889575,0.197187638371546,"constitutive","Seed_Silique","seed_stage_10"
"AT5G44750",576.2990101,0.174898154,0.047601052,3.674249801,0.000238549,0.001738813,"yes","up",0.483743748195049,0.398746906414233,"constitutive","Flower","mature_pollen"
"AT5G44785",585.5510978,0.119647652,0.045079059,2.65417369,0.007950289,0.030571187,"yes","up",0.413262393936324,0.274066310050739,"constitutive","Leaf_Shoot","rosette_vegetative"
"AT5G45050",344.6475812,0.111867054,0.040184413,2.783841909,0.005371921,0.022282649,"yes","up",0.25932846694939,0.0599564282067087,"constitutive","Seed_Silique","seed_stage_6"
"AT5G45060",407.3583579,0.176762751,0.049402314,3.578025715,0.000346199,0.002365495,"yes","up",0.474112932489522,0.448106656779946,"constitutive","Leaf_Shoot","senescing_leaf"
"AT5G45110",388.1801214,0.883817211,0.155632355,5.678878331,1.36e-08,4.38e-07,"yes","up",0.524333184014298,0.174112997180395,"constitutive","Flower","petal"
"AT5G45130",639.9598275,0.212850231,0.058308046,3.650443579,0.000261788,0.001877434,"yes","up",0.379756451110571,0.315748330596325,"constitutive","Seed_Silique","seed_stage_9"
"AT5G45240",6.742784518,0.758627099,0.240513161,3.15420202,0.001609376,0.008440006,"yes","up",0.587390978415006,0.241562267737446,"constitutive","Leaf_Shoot","shoot_apex_vegetative"
"AT5G45300",225.9861037,-0.142771551,0.040632848,-3.51369784,0.000441915,0.002908226,"yes","down",0.363621368639727,0.25371653011095,"constitutive","Flower","inflorescence_apex"
"AT5G45400",249.8639367,0.940149271,0.139430665,6.742772628,1.55e-11,1.09e-09,"yes","up",0.543422441988845,0.351602272832333,"constitutive","Leaf_Shoot","shoot_apex_transition"
"AT5G46160",346.9341364,-0.092432701,0.03450993,-2.678437772,0.007396647,0.028800986,"yes","down",0.548684274346808,0.161218635073809,"constitutive","Seed_Silique","seed_stage_6"
"AT5G46420",1770.196315,-0.141748352,0.034192327,-4.145618745,3.39e-05,0.000344494,"yes","down",0.488336290016564,0.43653930168165,"constitutive","Leaf_Shoot","shoot_apex_vegetative_with_leaves"
"AT5G46510",521.5025363,0.398464998,0.073484091,5.422466198,5.88e-08,1.56e-06,"yes","up",0.319595157419913,0.251728881023886,"constitutive","Flower","carpel"
"AT5G46620",169.0115491,0.153538919,0.052959379,2.899182768,0.003741367,0.016694161,"yes","up",0.470854976763439,0.277163010412886,"constitutive","Seed_Silique","seed_stage_9"
"AT5G46640",72.33432293,0.219188326,0.069808671,3.139843839,0.001690379,0.008773075,"yes","up",0.552526028929968,0.34252336199227,"constitutive","Flower","mature_pollen"
"AT5G46680",34.03455644,0.232322567,0.081533807,2.849401695,0.004380154,0.018973423,"yes","up",0.485460689063654,0.239353580415498,"constitutive","Seed_Silique","seed_stage_6"
"AT5G46710",132.9256375,1.537438492,0.200077978,7.684196479,1.54e-14,2.12e-12,"yes","up",0.593369935743681,0.359916360014713,"constitutive","Leaf_Shoot","cotyledon"
"AT5G46790",445.3572824,-0.195746942,0.050007925,-3.914318459,9.07e-05,0.000784267,"yes","down",0.573634798208903,0.534491130366583,"constitutive","Root","root"
"AT5G47080",358.0874449,0.307700639,0.068423061,4.497031206,6.89e-06,8.98e-05,"yes","up",0.427371292190932,0.252015437966134,"constitutive","Leaf_Shoot","senescing_leaf"
"AT5G47110",3810.582828,-0.106463762,0.028857777,-3.689257161,0.00022491,0.001654227,"yes","down",0.512197385400831,0.495010985651044,"constitutive","Leaf_Shoot","cotyledon"
"AT5G47120",1024.445828,0.369690741,0.061069877,6.053569418,1.42e-09,5.92e-08,"yes","up",0.423878003407959,0.404142429110243,"constitutive","Flower","mature_pollen"
"AT5G47130",12.38700798,0.503635128,0.181964398,2.767767389,0.005644172,0.023155252,"yes","up",0.498625005208034,0.284063801002549,"constitutive","Leaf_Shoot","cotyledon"
"AT5G47210",9071.041847,-0.151997744,0.044178438,-3.440541342,0.000580552,0.003640688,"yes","down",0.527155578602212,0.200512082659452,"constitutive","Leaf_Shoot","shoot_apex_vegetative"
"AT5G47510",37.33012894,0.18625285,0.07140842,2.608275768,0.009099961,0.03398501,"yes","up",0.495427582303145,0.194120784803354,"constitutive","Leaf_Shoot","shoot_apex_transition"
"AT5G47700",4081.630906,-0.210124275,0.04288659,-4.899533279,9.61e-07,1.67e-05,"yes","down",0.535954384906471,0.202061702530851,"constitutive","Leaf_Shoot","shoot_apex_vegetative"
"AT5G47770",1473.378033,-0.141181595,0.038657358,-3.652127322,0.000260077,0.001867686,"yes","down",0.595325057135473,0.593965883561863,"constitutive","Root","root"
"AT5G47800",115.1741193,-0.195520203,0.077210268,-2.532308312,0.011331431,0.040478876,"yes","down",0.549148168564563,0.399713672794216,"constitutive","Flower","flower_stage_10_11"
"AT5G47880",981.5355127,0.189573364,0.06697459,2.830526679,0.004647144,0.019917657,"yes","up",0.53065440052867,0.356374918080941,"constitutive","Flower","stamen"
"AT5G47910",1142.188235,0.711965749,0.132381132,5.378151221,7.53e-08,1.91e-06,"yes","up",0.597863350060149,0.476473842826268,"constitutive","Leaf_Shoot","cauline_leaf"
"AT5G47930",2654.384192,-0.221634481,0.04690959,-4.72471576,2.3e-06,3.56e-05,"yes","down",0.44318773219511,0.0858535970613301,"constitutive","Leaf_Shoot","shoot_apex_vegetative"
"AT5G48020",1261.026175,1.651636633,0.217353895,7.598836125,2.99e-14,3.79e-12,"yes","up",0.584974458148883,0.204620864808363,"constitutive","Leaf_Shoot","senescing_leaf"
"AT5G48220",676.7109882,-0.113513356,0.042442396,-2.674527521,0.007483463,0.0290718,"yes","down",0.546909575572136,0.443164934674876,"constitutive","Leaf_Shoot","rosette_vegetative"
"AT5G48230",1245.541437,-0.209243843,0.044707343,-4.680301502,2.86e-06,4.26e-05,"yes","down",0.52240914441726,0.523319574178497,"constitutive","Flower","flower_stage_9"
"AT5G48460",279.3016128,-0.519123541,0.124881457,-4.156930529,3.23e-05,0.000330428,"yes","down",0.550147080025068,0.426821215195938,"constitutive","Flower","petal"
"AT5G48520",277.612327,-0.18994959,0.036660371,-5.181332928,2.2e-07,4.77e-06,"yes","down",0.320530143994145,0.1473218983094,"constitutive","Flower","inflorescence_apex"
"AT5G48530",69.82098137,0.280003098,0.098886835,2.831550827,0.004632287,0.019868432,"yes","up",0.470821436258519,0.351999244510161,"constitutive","Flower","sepal"
"AT5G48720",1558.378272,3.683174583,0.340376608,10.82088044,2.74e-27,3.8e-24,"yes","up",0.588846171977588,0.550836462927921,"constitutive","Leaf_Shoot","shoot_apex_transition"
"AT5G48760",1117.940773,-0.175152755,0.042017328,-4.168583845,3.06e-05,0.000316612,"yes","down",0.566462094078894,0.418876250460213,"constitutive","Leaf_Shoot","shoot_apex_vegetative"
"AT5G48810",1367.122049,-0.068984657,0.026144458,-2.638595731,0.008325019,0.031729293,"yes","down",0.46198319038452,0.214618540267339,"constitutive","Leaf_Shoot","stem"
"AT5G48870",284.2700109,-0.18340926,0.046056935,-3.982228933,6.83e-05,0.00062162,"yes","down",0.500353124782155,0.209199917689191,"constitutive","Leaf_Shoot","shoot_apex_transition"
"AT5G49030",2261.099802,-0.129460295,0.03678136,-3.519725665,0.000431993,0.002854581,"yes","down",0.55903325712488,0.36946854424017,"constitutive","Leaf_Shoot","rosette_vegetative"
"AT5G49060",140.2232812,0.211936611,0.053478184,3.963047993,7.4e-05,0.000660748,"yes","up",0.317968959115394,0.18619800511572,"constitutive","Seed_Silique","seed_stage_10"
"AT5G49170",27.81431038,-0.281976093,0.08932746,-3.156656338,0.001595893,0.00838235,"yes","down",0.5174169844995,0.480121385712393,"constitutive","Flower","flower_stage_10_11"
"AT5G49410",49.3430172,0.192223335,0.071082694,2.704221287,0.006846468,0.027050722,"yes","up",0.377286817636295,0.110627849627834,"constitutive","Seed_Silique","seed_stage_9"
"AT5G49540",404.7203204,-0.102890761,0.032164242,-3.198917584,0.001379446,0.00749428,"yes","down",0.297927346640991,0.180088759431111,"constitutive","Seed_Silique","silique_stage_3"
"AT5G49550",82.87094218,-0.207492441,0.057555999,-3.60505322,0.000312089,0.002172733,"yes","down",0.403695342704482,0.327263423154563,"constitutive","Leaf_Shoot","shoot_apex_transition"
"AT5G49580",298.1011986,0.120959197,0.036810143,3.286029022,0.001016105,0.005808112,"yes","up",0.571051028816633,0.365583770472934,"constitutive","Seed_Silique","seed_stage_10"
"AT5G49610",82.78027464,0.209371624,0.061004932,3.432044237,0.00059905,0.003738364,"yes","up",0.346011652473517,0.147841966138267,"constitutive","Seed_Silique","seed_stage_10"
"AT5G50020",308.7769151,-0.09654212,0.034539162,-2.795149482,0.005187572,0.02168972,"yes","down",0.496476720982027,0.405846667439569,"constitutive","Leaf_Shoot","shoot_apex_transition"
"AT5G50180",433.2124366,-0.089686525,0.035115455,-2.55404711,0.010647885,0.038520962,"yes","down",0.413418042231759,0.276010093963123,"constitutive","Seed_Silique","silique_stage_3"
"AT5G50230",252.5920235,0.205200041,0.060671805,3.382131806,0.000719256,0.004350861,"yes","up",0.465517714290038,0.268747327058978,"constitutive","Seed_Silique","seed_stage_10"
"AT5G50280",315.0425803,-0.124033769,0.042452087,-2.921735491,0.00348087,0.015746412,"yes","down",0.478726554087231,0.329987753882329,"constitutive","Leaf_Shoot","rosette_vegetative"
"AT5G50330",79.51019994,0.546305331,0.130893598,4.173659679,3e-05,0.000311136,"yes","up",0.588558956112897,0.316102698629775,"constitutive","Flower","petal"
"AT5G50350",226.2436814,-0.116798237,0.040159421,-2.908364556,0.003633245,0.016307405,"yes","down",0.406381972011106,0.360117395946605,"constitutive","Leaf_Shoot","shoot_apex_transition"
"AT5G50370",395.1995592,-0.099228292,0.038163565,-2.600079175,0.009320225,0.034648427,"yes","down",0.499261752805236,0.25059024648927,"constitutive","Seed_Silique","seed_stage_6"
"AT5G50375",345.4711639,-0.283180257,0.064768426,-4.372196059,1.23e-05,0.000146813,"yes","down",0.522389580834741,0.430793818018745,"constitutive","Leaf_Shoot","shoot_apex_transition"
"AT5G50460",786.3295742,-0.119491174,0.041845255,-2.855548933,0.00429625,0.018699318,"yes","down",0.576489285286012,0.407878038307919,"constitutive","Seed_Silique","seed_stage_6"
"AT5G50520",144.8413816,0.186308798,0.048869285,3.812390528,0.000137629,0.001106526,"yes","up",0.465012798324671,0.235284731781237,"constitutive","Seed_Silique","seed_stage_6"
"AT5G50780",184.6312304,0.150889541,0.04865788,3.101029896,0.001928488,0.009749143,"yes","up",0.545467441707779,0.248701306014884,"constitutive","Seed_Silique","seed_stage_9"
"AT5G50810",357.4770752,-0.126216427,0.046114272,-2.737036106,0.006199549,0.02492189,"yes","down",0.526882807887061,0.241009622300719,"constitutive","Leaf_Shoot","shoot_apex_transition"
"AT5G50870",427.6123621,0.127601284,0.030980215,4.118799181,3.81e-05,0.000379772,"yes","up",0.248887423641685,0.21532844190406,"constitutive","Flower","petal"
"AT5G50900",336.7881073,0.158987658,0.044991051,3.533761808,0.00040969,0.002725833,"yes","up",0.49776525277379,0.462751397555661,"constitutive","Root","root"
"AT5G50960",635.7960104,0.113421322,0.042774001,2.651641634,0.008010151,0.030698955,"yes","up",0.476694853036099,0.186907765636498,"constitutive","Seed_Silique","seed_stage_9"
"AT5G51120",644.81016,-0.111233624,0.031036474,-3.583964572,0.000338418,0.002321748,"yes","down",0.534219024943927,0.324427110154078,"constitutive","Flower","inflorescence_apex"
"AT5G51140",396.9424047,-0.149549015,0.038213883,-3.91347337,9.1e-05,0.000786152,"yes","down",0.325767493819168,0.236947458857295,"constitutive","Leaf_Shoot","rosette_vegetative"
"AT5G51180",317.6791483,0.334568728,0.084798503,3.945455609,7.96e-05,0.000702414,"yes","up",0.49738667886769,0.264326566909283,"constitutive","Flower","petal"
"AT5G51620",161.6140938,0.17434637,0.065874439,2.646646761,0.008129422,0.031104507,"yes","up",0.357881496997525,0.178238217498414,"constitutive","Seed_Silique","seed_stage_8"
"AT5G52010",428.2574104,-0.226944292,0.077081229,-2.94422254,0.003237671,0.014877509,"yes","down",0.482603117902661,0.368233618545509,"constitutive","Leaf_Shoot","shoot_apex_transition"
"AT5G52200",330.9286297,0.160355701,0.037000641,4.333862768,1.47e-05,0.000170896,"yes","up",0.324017684003491,0.20372641082505,"constitutive","Flower","sepal"
"AT5G52380",142.3095313,-0.264648772,0.094625591,-2.796799156,0.005161161,0.021613793,"yes","down",0.575161678434558,0.256492197681371,"constitutive","Leaf_Shoot","shoot_apex_transition"
"AT5G52410",179.3675065,0.244349829,0.049469582,4.939395431,7.84e-07,1.42e-05,"yes","up",0.415322325495559,0.446688157002011,"constitutive","Flower","flower_stage_9"
"AT5G52520",1265.817873,-0.108754233,0.031084163,-3.498702346,0.000467528,0.003044487,"yes","down",0.57411437297342,0.494655308432908,"constitutive","Leaf_Shoot","shoot_apex_vegetative_with_leaves"
"AT5G52530",1114.80312,0.126150344,0.036339073,3.471479455,0.000517599,0.003306602,"yes","up",0.496517787620081,0.236747094416694,"constitutive","Seed_Silique","seed_stage_9"
"AT5G52540",587.6339985,0.222942927,0.08131853,2.741600575,0.006114064,0.024679252,"yes","up",0.565140297611825,0.380212074570805,"constitutive","Seedling","whole_plant_pre_bolting"
"AT5G52650",3396.763168,-0.183885029,0.040502506,-4.540090149,5.62e-06,7.59e-05,"yes","down",0.440544682755573,0.198867731429242,"constitutive","Leaf_Shoot","shoot_apex_vegetative"
"AT5G52710",3.922661478,0.590287262,0.230753414,2.558086792,0.010524982,0.038146587,"yes","up",0.449430710835287,0.441317080233003,"constitutive","Root","root"
"AT5G52880",110.8762994,0.190682149,0.06839144,2.788099655,0.005301823,0.022057868,"yes","up",0.433338600765831,0.205969244126275,"constitutive","Seed_Silique","seed_stage_10"
"AT5G53000",493.2110995,0.093738641,0.028919653,3.241347385,0.001189661,0.006612564,"yes","up",0.571539822500757,0.368221447622506,"constitutive","Seed_Silique","seed_stage_10"
"AT5G53070",261.5243337,-0.179112892,0.052286021,-3.425636299,0.000613361,0.003811495,"yes","down",0.512308994325566,0.138080119860569,"constitutive","Leaf_Shoot","shoot_apex_vegetative"
"AT5G53130",546.4495614,0.429077135,0.084361972,5.086143936,3.65e-07,7.39e-06,"yes","up",0.560139974903224,0.276907655268889,"constitutive","Leaf_Shoot","senescing_leaf"
"AT5G53200",15.38873846,-0.379592367,0.143913013,-2.637651458,0.008348234,0.031786935,"yes","down",0.597481845424399,0.600459182454815,"constitutive","Flower","flower_stage_10_11"
"AT5G53330",306.5262586,0.260563429,0.04647158,5.606941516,2.06e-08,6.25e-07,"yes","up",0.504462039695308,0.150497667326848,"constitutive","Leaf_Shoot","senescing_leaf"
"AT5G53430",195.5400742,-0.105947649,0.038238198,-2.7707281,0.005593111,0.022999582,"yes","down",0.45604829896756,0.179429472090305,"constitutive","Seed_Silique","seed_stage_10"
"AT5G53570",584.2948556,0.49823931,0.076149839,6.542880687,6.03e-11,3.72e-09,"yes","up",0.273958907652245,0.0934046470361514,"constitutive","Flower","petal"
"AT5G53860",1171.903116,-0.12691099,0.032261374,-3.93383705,8.36e-05,0.000732063,"yes","down",0.460233607247458,0.348121252146182,"constitutive","Leaf_Shoot","shoot_apex_vegetative_with_leaves"
"AT5G54110",357.8800141,0.109915547,0.042016219,2.61602664,0.008895962,0.033397755,"yes","up",0.501914907554668,0.311432496689061,"constitutive","Leaf_Shoot","senescing_leaf"
"AT5G54140",87.41416911,0.177460127,0.064090237,2.768910473,0.005624409,0.02309591,"yes","up",0.481132030947056,0.504705212195099,"constitutive","Root","root"
"AT5G54180",265.3740897,-0.146644703,0.05202113,-2.818944974,0.004818178,0.020510539,"yes","down",0.567856350427466,0.363753393168881,"constitutive","Leaf_Shoot","rosette_vegetative"
"AT5G54200",247.3315288,-0.137013894,0.049683061,-2.757758723,0.005819914,0.023707072,"yes","down",0.507851220037769,0.45316061459701,"constitutive","Flower","carpel"
"AT5G54600",5040.960958,-0.123653943,0.03435936,-3.598843019,0.000319636,0.002216444,"yes","down",0.58538467000328,0.557226360877773,"constitutive","Leaf_Shoot","rosette_leaf"
"AT5G54630",311.7518963,-0.335164209,0.127153307,-2.635906351,0.008391289,0.031904492,"yes","down",0.502112570375412,0.36455056523291,"constitutive","Seed_Silique","silique_stage_3"
"AT5G54860",180.0865441,0.417806606,0.07706898,5.421203295,5.92e-08,1.56e-06,"yes","up",0.573813026017669,0.348037798542334,"constitutive","Flower","sepal"
"AT5G54900",1142.417241,-0.1422789,0.029349057,-4.847818426,1.25e-06,2.1e-05,"yes","down",0.54298988658534,0.310197001158998,"constitutive","Leaf_Shoot","shoot_apex_vegetative"
"AT5G55000",175.711995,0.16522641,0.054529159,3.030056097,0.002445083,0.011794926,"yes","up",0.281055745255799,0.301460190665011,"constitutive","Root","root"
"AT5G55190",2005.307424,-0.068792882,0.024203669,-2.842250181,0.004479632,0.019312065,"yes","down",0.467631581267663,0.120690322416501,"constitutive","Leaf_Shoot","shoot_apex_transition"
"AT5G55280",1509.010954,-0.12599502,0.040668816,-3.098074449,0.001947825,0.00981952,"yes","down",0.598632173364022,0.367900063008581,"constitutive","Leaf_Shoot","shoot_apex_vegetative"
"AT5G55600",426.868432,0.153761033,0.043066799,3.57029163,0.000356584,0.00242171,"yes","up",0.517038688221987,0.117860565487124,"constitutive","Leaf_Shoot","senescing_leaf"
"AT5G55710",827.5533138,-0.111922156,0.033122491,-3.379037993,0.0007274,0.004388787,"yes","down",0.528997566830347,0.469213991574147,"constitutive","Leaf_Shoot","cotyledon"
"AT5G56250",287.8156589,0.200472407,0.064477283,3.109194375,0.001875983,0.009532774,"yes","up",0.381929415570397,0.158068161362744,"constitutive","Leaf_Shoot","cauline_leaf"
"AT5G56260",392.5706993,0.107906617,0.04242566,2.54342811,0.010977064,0.039493641,"yes","up",0.597659793921354,0.38323227585173,"constitutive","Leaf_Shoot","cauline_leaf"
"AT5G56360",1136.783829,-0.096855283,0.030615973,-3.163553966,0.001558555,0.008224716,"yes","down",0.487343012788257,0.319598418307548,"constitutive","Leaf_Shoot","hypocotyl"
"AT5G56610",72.17926421,0.213307401,0.062079797,3.436019643,0.000590328,0.003691195,"yes","up",0.526399290654466,0.519249599794997,"constitutive","Root","root"
"AT5G56630",773.6690246,0.186526489,0.073331727,2.543598743,0.010971704,0.039492439,"yes","up",0.567633949011709,0.616831709346239,"constitutive","Root","root"
"AT5G56650",372.3934072,0.182669558,0.038209373,4.780752599,1.75e-06,2.8e-05,"yes","up",0.487669782574276,0.330544698801844,"constitutive","Seed_Silique","silique_stage_4"
"AT5G56670",2207.084006,-0.233548175,0.045196993,-5.167338752,2.37e-07,5.1e-06,"yes","down",0.530544246417641,0.308447255248056,"constitutive","Flower","inflorescence_apex"
"AT5G56710",3818.161807,-0.244818388,0.051194078,-4.782162211,1.73e-06,2.78e-05,"yes","down",0.507438829011013,0.272796240828535,"constitutive","Leaf_Shoot","shoot_apex_vegetative"
"AT5G56730",251.5703617,-0.101825371,0.04006888,-2.54125823,0.011045431,0.039691149,"yes","down",0.361698608159101,0.112987568214143,"constitutive","Seed_Silique","seed_stage_6"
"AT5G56850",552.5527924,-0.196944596,0.070754609,-2.783487887,0.005377787,0.022295212,"yes","down",0.592507620825293,0.622016394709705,"constitutive","Leaf_Shoot","rosette_leaf"
"AT5G56940",350.5209533,-0.104339999,0.032948988,-3.166713328,0.001541722,0.008170477,"yes","down",0.568280838266589,0.356582573501095,"constitutive","Leaf_Shoot","shoot_apex_transition"
"AT5G57060",106.9442655,0.26876134,0.080363164,3.344334958,0.000824801,0.004862884,"yes","up",0.557150336053562,0.339639688227916,"constitutive","Seed_Silique","seed_stage_10"
"AT5G57120",1108.700562,-0.131737372,0.053901152,-2.444054864,0.014523218,0.049409123,"yes","down",0.523838180306178,0.163790134106083,"constitutive","Leaf_Shoot","shoot_apex_transition"
"AT5G57160",292.2203475,0.272182037,0.06245612,4.357972243,1.31e-05,0.000155191,"yes","up",0.350522520793681,0.332163479489138,"constitutive","Seed_Silique","seed_stage_8"
"AT5G57250",224.9339401,0.177119071,0.058887234,3.007766841,0.00263175,0.012548187,"yes","up",0.409028194578622,0.310810158521223,"constitutive","Flower","inflorescence_apex"
"AT5G57290",3093.760958,-0.21870145,0.042735589,-5.117548473,3.1e-07,6.39e-06,"yes","down",0.559342637519182,0.222977605467022,"constitutive","Leaf_Shoot","shoot_apex_vegetative"
"AT5G57330",911.8396628,0.100308781,0.038291446,2.619613275,0.008802953,0.033096015,"yes","up",0.593535909962896,0.122394366551104,"constitutive","Flower","mature_pollen"
"AT5G57490",852.810303,-0.134297971,0.033821634,-3.970771264,7.16e-05,0.000646051,"yes","down",0.386879724332434,0.305788229706681,"constitutive","Leaf_Shoot","shoot_apex_transition"
"AT5G57580",658.8290511,0.169796637,0.068040037,2.495540041,0.012576556,0.044025417,"yes","up",0.558465385596629,0.192227805603658,"constitutive","Leaf_Shoot","senescing_leaf"
"AT5G57590",224.1365633,-0.211592984,0.076016714,-2.78350605,0.005377486,0.022295212,"yes","down",0.574985343837307,0.358536748712991,"constitutive","Leaf_Shoot","shoot_apex_vegetative"
"AT5G57670",20.12099501,0.739639515,0.209620551,3.528468514,0.000417972,0.00277545,"yes","up",0.592043392612403,0.31427037714404,"constitutive","Flower","mature_pollen"
"AT5G57850",727.5649818,0.13640802,0.036233594,3.764683633,0.00016676,0.001292254,"yes","up",0.328669248273299,0.310452901973238,"constitutive","Leaf_Shoot","rosette_leaf"
"AT5G57880",34.27856401,0.355923222,0.086521233,4.113709546,3.89e-05,0.000386938,"yes","up",0.442754228386344,0.377828848992124,"constitutive","Flower","carpel"
"AT5G57910",92.05481404,0.227709925,0.075698984,3.008097501,0.002628888,0.012537077,"yes","up",0.555425626941025,0.439741567754053,"constitutive","Flower","sepal"
"AT5G58020",620.2231795,0.119532271,0.043108934,2.772795769,0.005557699,0.022900128,"yes","up",0.484110145154707,0.381912704769994,"constitutive","Seed_Silique","seed_stage_9"
"AT5G58220",414.8432053,0.132208025,0.043188528,3.061183895,0.002204636,0.010869229,"yes","up",0.33024370809405,0.303518584512796,"constitutive","Root","root"
"AT5G58240",288.9588061,-0.124299888,0.030187356,-4.117614308,3.83e-05,0.000381407,"yes","down",0.429442688365676,0.356624405337161,"constitutive","Flower","carpel"
"AT5G58280",10.25568553,-0.827027703,0.194931691,-4.242653924,2.21e-05,0.000240834,"yes","down",0.484680396181906,0.283888421869333,"constitutive","Flower","inflorescence_apex"
"AT5G58290",2252.59781,0.173329608,0.051096148,3.392224541,0.000693276,0.004218533,"yes","up",0.259960369460162,0.207029602712245,"constitutive","Flower","sepal"
"AT5G58430",836.3731125,0.690527995,0.179590627,3.845011333,0.000120547,0.000992543,"yes","up",0.537996659033515,0.395725280265283,"constitutive","Leaf_Shoot","cotyledon"
"AT5G58480",197.712933,-0.170292821,0.060293581,-2.824393903,0.004737013,0.020232941,"yes","down",0.499185070261719,0.19131185451224,"constitutive","Leaf_Shoot","shoot_apex_transition"
"AT5G58640",418.7940968,0.115762337,0.037553123,3.082628748,0.00205181,0.010264708,"yes","up",0.273162345327203,0.212586652579044,"constitutive","Flower","flower_stage_9"
"AT5G58920",186.3545043,0.114206683,0.037455679,3.049115308,0.002295164,0.011217479,"yes","up",0.410303406336647,0.18529440735138,"constitutive","Leaf_Shoot","shoot_apex_transition"
"AT5G59020",116.679849,-0.214683055,0.072263649,-2.970830553,0.002969956,0.01387176,"yes","down",0.404784393340225,0.233321084989512,"constitutive","Flower","inflorescence_apex"
"AT5G59150",312.0781448,-0.135568976,0.053182952,-2.549105912,0.01079995,0.038987322,"yes","down",0.569094006225384,0.565176835317066,"constitutive","Root","root"
"AT5G59350",206.8532019,-0.292308289,0.109159183,-2.677816756,0.007410375,0.028840146,"yes","down",0.556158100849332,0.162263355525923,"constitutive","Flower","petal"
"AT5G59380",105.2371217,-0.235895446,0.069357631,-3.401146255,0.000671039,0.004104413,"yes","down",0.453239463660043,0.296948628682297,"constitutive","Leaf_Shoot","shoot_apex_transition"
"AT5G59420",1025.081147,0.604629796,0.098283218,6.151912914,7.66e-10,3.46e-08,"yes","up",0.535004734304675,0.142916267411304,"constitutive","Leaf_Shoot","senescing_leaf"
"AT5G59500",552.2759878,-0.135936796,0.050506736,-2.691458738,0.00711403,0.027912621,"yes","down",0.571943389267143,0.361478258873324,"constitutive","Leaf_Shoot","shoot_apex_vegetative_with_leaves"
"AT5G59560",174.7037725,0.117429428,0.038792619,3.027107518,0.002469061,0.01188305,"yes","up",0.47150682533734,0.19226818177327,"constitutive","Leaf_Shoot","shoot_apex_transition"
"AT5G59730",254.0006083,0.628168306,0.155520707,4.039129703,5.36e-05,0.000507296,"yes","up",0.548103867280407,0.487757842493366,"constitutive","Seedling","seedling_green_parts"
"AT5G59840",297.2258796,0.093673689,0.035207048,2.660651611,0.007798961,0.030074415,"yes","up",0.538391122051125,0.480157615398704,"constitutive","Seed_Silique","silique_stage_4"
"AT5G59850",2707.405308,-0.275103929,0.062762869,-4.383227402,1.17e-05,0.000140707,"yes","down",0.457843595045026,0.121306445382817,"constitutive","Leaf_Shoot","shoot_apex_vegetative"
"AT5G59890",878.2186265,0.121475564,0.035233998,3.447680355,0.000565423,0.00355622,"yes","up",0.598707859064762,0.297916462007314,"constitutive","Leaf_Shoot","stem"
"AT5G60040",256.255278,0.119736869,0.048666492,2.460355431,0.013879948,0.047667834,"yes","up",0.560665161618193,0.268734812956215,"constitutive","Leaf_Shoot","shoot_apex_vegetative"
"AT5G60190",90.81925245,0.393212623,0.089763269,4.380551513,1.18e-05,0.000141941,"yes","up",0.373165066104257,0.263484217002702,"constitutive","Flower","flower_stage_9"
"AT5G60230",48.39549258,0.201042508,0.075155103,2.675034687,0.007472152,0.029037428,"yes","up",0.386909110301823,0.241216085066643,"constitutive","Flower","inflorescence_apex"
"AT5G60410",1020.509458,0.093477661,0.032204048,2.902668055,0.003699986,0.016534553,"yes","up",0.479772563653042,0.105862563348195,"constitutive","Leaf_Shoot","senescing_leaf"
"AT5G60590",153.682733,0.128166385,0.051084765,2.50889644,0.012110898,0.04271887,"yes","up",0.428387211663418,0.229799590386789,"constitutive","Leaf_Shoot","senescing_leaf"
"AT5G60640",1860.602492,0.129713433,0.036328471,3.57057235,0.000356202,0.00242051,"yes","up",0.411676307680579,0.309879564687651,"constitutive","Leaf_Shoot","shoot_apex_transition"
"AT5G60670",1240.711135,-0.179472951,0.056196622,-3.193660833,0.001404811,0.007602296,"yes","down",0.4843064280226,0.229442569069795,"constitutive","Leaf_Shoot","shoot_apex_transition"
"AT5G60690",569.7229798,-0.231379297,0.056819243,-4.072199588,4.66e-05,0.000450667,"yes","down",0.59472167172187,0.488501225094679,"constitutive","Flower","inflorescence_apex"
"AT5G60710",694.4772547,-0.098167947,0.037449612,-2.621334144,0.008758637,0.032987274,"yes","down",0.580160546717711,0.281162662985824,"constitutive","Flower","mature_pollen"
"AT5G60870",89.79823098,-0.15331677,0.057008258,-2.689378276,0.007158525,0.028063846,"yes","down",0.533369992155588,0.221240672591591,"constitutive","Seed_Silique","seed_stage_10"
"AT5G60980",946.9194251,-0.076382216,0.029515146,-2.587898983,0.009656329,0.035605921,"yes","down",0.443991044216296,0.464576762467949,"constitutive","Root","root"
"AT5G61040",155.6620649,-0.160038771,0.047203841,-3.390376014,0.000697968,0.004242703,"yes","down",0.517497739075609,0.249755582928268,"constitutive","Leaf_Shoot","rosette_vegetative"
"AT5G61150",900.1164961,0.178877881,0.045469735,3.933998763,8.35e-05,0.000731842,"yes","up",0.479112826645592,0.298343376887449,"constitutive","Leaf_Shoot","shoot_apex_transition"
"AT5G61170",3333.261776,-0.275970622,0.053294975,-5.178173396,2.24e-07,4.85e-06,"yes","down",0.587036340466135,0.17916958341768,"constitutive","Leaf_Shoot","shoot_apex_vegetative"
"AT5G61450",227.4811534,0.161173325,0.050669715,3.18086106,0.00146838,0.007850789,"yes","up",0.516534947462913,0.366313403616811,"constitutive","Flower","mature_pollen"
"AT5G61560",59.73781703,0.586932602,0.135416338,4.334282025,1.46e-05,0.000170655,"yes","up",0.508673386596993,0.416256156126851,"constitutive","Leaf_Shoot","senescing_leaf"
"AT5G61580",347.0990244,0.118840631,0.04108919,2.892260227,0.00382481,0.017004913,"yes","up",0.400559263554001,0.149975173127901,"constitutive","Leaf_Shoot","senescing_leaf"
"AT5G61880",124.7300144,-0.143656267,0.05588612,-2.57051779,0.010154661,0.037083784,"yes","down",0.587066111393397,0.28257847391634,"constitutive","Leaf_Shoot","shoot_apex_transition"
"AT5G61890",4.972939493,1.070539171,0.262676319,4.075506973,4.59e-05,0.000445589,"yes","up",0.520470576856496,0.182398994929321,"constitutive","Seed_Silique","silique_stage_3"
"AT5G61900",360.5705565,0.776892623,0.143286897,5.42193767,5.9e-08,1.56e-06,"yes","up",0.586650292062278,0.305928637588717,"constitutive","Leaf_Shoot","senescing_leaf"
"AT5G62020",150.4279539,0.841585448,0.163698835,5.14105947,2.73e-07,5.73e-06,"yes","up",0.579007753638829,0.121362697550857,"constitutive","Flower","petal"
"AT5G62070",438.3440246,0.569510104,0.096982291,5.87231029,4.3e-09,1.59e-07,"yes","up",0.465180155231095,0.19675315743531,"constitutive","Flower","pedicel"
"AT5G62170",77.23085898,-0.302828708,0.090335848,-3.352254002,0.000801564,0.004753529,"yes","down",0.590194080453435,0.345157095642683,"constitutive","Seed_Silique","seed_stage_7"
"AT5G62200",274.8866885,0.381324364,0.070843436,5.382635073,7.34e-08,1.87e-06,"yes","up",0.539577758042634,0.370242518095415,"constitutive","Seed_Silique","seed_stage_10"
"AT5G62420",29.25594692,-0.650022406,0.179314099,-3.625049059,0.000288907,0.002037211,"yes","down",0.537330664642744,0.541837412189031,"constitutive","Root","root"
"AT5G62570",364.8635917,0.672715284,0.132387733,5.08140195,3.75e-07,7.56e-06,"yes","up",0.575404458191685,0.344855531967824,"constitutive","Leaf_Shoot","cotyledon"
"AT5G62670",1388.918344,-0.207576933,0.051488927,-4.031486844,5.54e-05,0.000522405,"yes","down",0.545028278984122,0.416051216397219,"constitutive","Flower","petal"
"AT5G62690",3867.907611,-0.161001542,0.040383747,-3.986790607,6.7e-05,0.000612158,"yes","down",0.509118519590391,0.388910807953736,"constitutive","Flower","inflorescence_apex"
"AT5G62770",59.37181236,0.432056338,0.115249413,3.74888103,0.000177625,0.001363512,"yes","up",0.536503480291284,0.370290486895888,"constitutive","Seed_Silique","seed_stage_10"
"AT5G62790",2136.554598,-0.135460776,0.038914645,-3.480971671,0.000499598,0.003216011,"yes","down",0.486320558219586,0.425335464711397,"constitutive","Leaf_Shoot","rosette_vegetative"
"AT5G63220",269.9839879,-0.106569267,0.03606375,-2.955024576,0.003126441,0.014445238,"yes","down",0.505974491839918,0.13333577742365,"constitutive","Flower","mature_pollen"
"AT5G63290",91.34217253,0.158338042,0.063190533,2.505724124,0.012220092,0.043025301,"yes","up",0.386166336975201,0.13740951991707,"constitutive","Leaf_Shoot","shoot_apex_transition"
"AT5G63440",155.3083723,-0.136781245,0.04313403,-3.171074992,0.001518759,0.00807072,"yes","down",0.474033091635705,0.293354526308931,"constitutive","Leaf_Shoot","shoot_apex_transition"
"AT5G63510",990.1694049,-0.085555429,0.034618292,-2.471393679,0.013458757,0.046499087,"yes","down",0.336903688423919,0.325898114134318,"constitutive","Leaf_Shoot","shoot_apex_vegetative"
"AT5G63570",2976.663957,-0.15390522,0.031243207,-4.926037867,8.39e-07,1.5e-05,"yes","down",0.57552425213808,0.457132294854868,"constitutive","Leaf_Shoot","rosette_vegetative"
"AT5G63630",146.6450905,0.256198754,0.058121626,4.407976332,1.04e-05,0.000127707,"yes","up",0.379297200227694,0.255336685569345,"constitutive","Seed_Silique","seed_stage_6"
"AT5G63680",686.9299837,0.142378293,0.040609014,3.506076067,0.000454765,0.002978221,"yes","up",0.462556106073061,0.511471799602836,"constitutive","Root","root"
"AT5G63830",105.9260733,0.115182168,0.04644976,2.479715036,0.013148742,0.045615201,"yes","up",0.459777776065021,0.239839454622947,"constitutive","Flower","inflorescence_apex"
"AT5G63890",1115.675427,-0.071859605,0.027405205,-2.622115221,0.008738588,0.032927548,"yes","down",0.436921457562957,0.312220719367036,"constitutive","Leaf_Shoot","shoot_apex_vegetative_with_leaves"
"AT5G64140",1504.896602,-0.254596372,0.048470155,-5.252642039,1.5e-07,3.48e-06,"yes","down",0.483399261074098,0.20790563742798,"constitutive","Leaf_Shoot","shoot_apex_vegetative"
"AT5G64220",503.396541,0.190142888,0.045794004,4.152134992,3.29e-05,0.000336862,"yes","up",0.446342891134469,0.326172441652244,"constitutive","Leaf_Shoot","senescing_leaf"
"AT5G64250",646.1028983,0.369197905,0.072751307,5.07479409,3.88e-07,7.78e-06,"yes","up",0.597362824480239,0.58369965960083,"constitutive","Seed_Silique","seed_stage_10"
"AT5G64290",3250.013054,-0.088396018,0.035010718,-2.524827341,0.011575515,0.041206524,"yes","down",0.534171621398421,0.422577493650416,"constitutive","Leaf_Shoot","rosette_leaf"
"AT5G64300",1469.358155,0.169456515,0.03773749,4.490402405,7.11e-06,9.21e-05,"yes","up",0.556995342402417,0.474737846151748,"constitutive","Seedling","seedling_green_parts"
"AT5G64440",612.2285048,0.124790954,0.042129272,2.962096118,0.003055524,0.014177476,"yes","up",0.288547056126279,0.232545069526021,"constitutive","Flower","petal"
"AT5G64460",636.9959747,-0.118703093,0.035319319,-3.360854571,0.000777017,0.00463243,"yes","down",0.529609994464729,0.347245317857613,"constitutive","Seed_Silique","silique_stage_3"
"AT5G64470",140.8746585,-0.152633689,0.039273275,-3.886451754,0.00010172,0.000861813,"yes","down",0.285698169310065,0.191236100574455,"constitutive","Leaf_Shoot","shoot_apex_transition"
"AT5G64610",323.5052887,-0.103880383,0.037605298,-2.762386891,0.005738044,0.023466848,"yes","down",0.452219340301993,0.330533374189632,"constitutive","Leaf_Shoot","shoot_apex_transition"
"AT5G64660",151.5687263,0.783126603,0.145200626,5.393410647,6.91e-08,1.78e-06,"yes","up",0.594371584910635,0.256272485781933,"constitutive","Seed_Silique","seed_stage_10"
"AT5G65220",5855.666358,-0.153957693,0.034024469,-4.524910926,6.04e-06,8.06e-05,"yes","down",0.550606504524658,0.515009632828338,"constitutive","Leaf_Shoot","rosette_vegetative"
"AT5G65290",222.7380727,0.125488802,0.037395534,3.355716264,0.000791597,0.004708636,"yes","up",0.355499517769531,0.203971118143346,"constitutive","Flower","stamen"
"AT5G65420",69.34308054,0.244722054,0.075210768,3.253816715,0.001138657,0.006374155,"yes","up",0.567509412991134,0.324475620789254,"constitutive","Leaf_Shoot","shoot_apex_transition"
"AT5G65670",3201.884958,-0.06624188,0.025890835,-2.558506946,0.010512272,0.03810638,"yes","down",0.54435257819637,0.297879651322615,"constitutive","Leaf_Shoot","stem"
"AT5G65720",1733.49171,0.201945722,0.051871065,3.893224896,9.89e-05,0.000842127,"yes","up",0.370254777152475,0.187489057679574,"constitutive","Leaf_Shoot","senescing_leaf"
"AT5G65770",802.169966,0.114133202,0.032668829,3.493642284,0.000476479,0.003095078,"yes","up",0.44101516794491,0.283131923625387,"constitutive","Flower","inflorescence_apex"
"AT5G65930",699.868206,-0.112285771,0.026855154,-4.181162784,2.9e-05,0.000302776,"yes","down",0.564279506340811,0.204121543313305,"constitutive","Flower","mature_pollen"
"AT5G66055",857.6146547,-0.113506083,0.038436148,-2.95310768,0.003145922,0.014523643,"yes","down",0.548400249734342,0.485866504051585,"constitutive","Leaf_Shoot","rosette_leaf"
"AT5G66120",1665.095202,0.330550953,0.068579108,4.819994928,1.44e-06,2.37e-05,"yes","up",0.366515732836021,0.0962812178915335,"constitutive","Flower","sepal"
"AT5G66130",205.7651587,2.399561208,0.220050821,10.9045774,1.1e-27,1.72e-24,"yes","up",0.360529585569588,0.11910613538759,"constitutive","Flower","inflorescence_apex"
"AT5G66140",944.2913007,1.131902467,0.149081424,7.592511794,3.14e-14,3.93e-12,"yes","up",0.374888041960286,0.125481622287199,"constitutive","Leaf_Shoot","shoot_apex_vegetative"
"AT5G66180",129.6498479,0.157118308,0.052303264,3.00398667,0.00266467,0.012679505,"yes","up",0.536569663502049,0.203209332592155,"constitutive","Leaf_Shoot","senescing_leaf"
"AT5G66360",134.5754931,0.118065495,0.046340823,2.547764278,0.01084157,0.039108932,"yes","up",0.483484325626527,0.303590315925206,"constitutive","Seed_Silique","seed_stage_9"
"AT5G66530",2177.380288,-0.126339061,0.034579024,-3.653632965,0.000258556,0.001861618,"yes","down",0.549818609778064,0.440061811357926,"constitutive","Leaf_Shoot","rosette_leaf"
"AT5G66570",44223.43001,-0.190610291,0.047331864,-4.027102981,5.65e-05,0.000530753,"yes","down",0.556429698086516,0.534206335632905,"constitutive","Leaf_Shoot","cotyledon"
"AT5G66620",51.67922538,0.437855271,0.149076342,2.937121105,0.003312747,0.015166321,"yes","up",0.576189492376103,0.266618111088227,"constitutive","Leaf_Shoot","cotyledon"
"AT5G66710",7.924120392,0.454111397,0.159355382,2.84967718,0.004376362,0.018967004,"yes","up",0.537099389902991,0.322991570175407,"constitutive","Flower","flower_stage_9"
"AT5G66770",364.9301956,-0.177860013,0.057441181,-3.096385026,0.001958958,0.009869314,"yes","down",0.5549362159684,0.176098158084502,"constitutive","Leaf_Shoot","shoot_apex_transition"
"AT5G67050",13.20693918,0.308152437,0.115302224,2.672562819,0.007527428,0.029213707,"yes","up",0.510508509818718,0.32809258620591,"constitutive","Leaf_Shoot","rosette_vegetative"
"AT5G67070",974.478343,-0.208036135,0.075114974,-2.769569441,0.005613044,0.023067692,"yes","down",0.598711397667548,0.586047621987443,"constitutive","Flower","inflorescence_apex"
"AT5G67220",819.3887727,-0.082670297,0.029490143,-2.803319656,0.005057951,0.021315572,"yes","down",0.430454570656418,0.278961672490362,"constitutive","Leaf_Shoot","shoot_apex_vegetative"
"AT5G67240",572.3676571,-0.139832002,0.056383101,-2.4800339,0.013136989,0.045594559,"yes","down",0.55860107134379,0.182233804736946,"constitutive","Leaf_Shoot","shoot_apex_transition"
"AT5G67250",728.2474228,0.177298543,0.064603271,2.74442051,0.006061783,0.024510192,"yes","up",0.335313246514033,0.20318471486195,"constitutive","Seed_Silique","seed_stage_6"
"AT5G67330",752.0193245,0.420763514,0.132822037,3.167874281,0.001535579,0.008149078,"yes","up",0.498252781837457,0.193568344127986,"constitutive","Leaf_Shoot","senescing_leaf"
"AT5G67440",250.0265687,-0.146885414,0.056346427,-2.606827487,0.009138539,0.034091277,"yes","down",0.431109511534803,0.217766041324661,"constitutive","Leaf_Shoot","shoot_apex_vegetative"
"AT5G67510",928.0898462,-0.270895791,0.059101429,-4.583574263,4.57e-06,6.36e-05,"yes","down",0.580919163840109,0.339257548023986,"constitutive","Leaf_Shoot","shoot_apex_vegetative"
"AT5G67580",269.9213291,0.115300289,0.043482749,2.651632939,0.008010357,0.030698955,"yes","up",0.366214784575325,0.15812980395293,"constitutive","Flower","mature_pollen"
