"gene_id","baseMean","log2FoldChange","lfcSE","stat","pvalue","padj","deg_flag","regulation","tau_subtissue","tau_broad","specificity","predominant_broad_organ","predominant_subtissue"
"AT1G01140",607.6129561,0.305454399,0.092768439,3.292654301,0.000992464,0.005696459,"yes","up",0.680311183633182,0.420873123204805,"tissue_specific","Seed_Silique","silique_stage_3"
"AT1G01470",614.4091263,0.399528983,0.075450166,5.295269802,1.19e-07,2.85e-06,"yes","up",0.813492090258866,0.714040645998999,"tissue_specific","Seed_Silique","seed_stage_10"
"AT1G01650",351.2599156,0.217775852,0.047575709,4.577458873,4.71e-06,6.52e-05,"yes","up",0.719839229541059,0.570985597287346,"tissue_specific","Seed_Silique","seed_stage_10"
"AT1G01720",450.0195394,0.264415296,0.061494168,4.29984348,1.71e-05,0.000194359,"yes","up",0.896228885786158,0.861167965591546,"tissue_specific","Seed_Silique","seed_stage_9"
"AT1G02850",201.8501696,0.788525607,0.161567954,4.880457966,1.06e-06,1.82e-05,"yes","up",0.893087070603703,0.895824698034383,"tissue_specific","Seed_Silique","seed_stage_8"
"AT1G03770",122.565997,0.277821218,0.057348957,4.844398785,1.27e-06,2.13e-05,"yes","up",0.825479798617784,0.705029204782634,"tissue_specific","Seed_Silique","seed_stage_10"
"AT1G03790",45.41531773,-0.51725674,0.168337614,-3.072734178,0.002121073,0.010541864,"yes","down",0.950419567385487,0.993116155554538,"tissue_specific","Seed_Silique","seed_stage_10"
"AT1G03990",58.88547232,0.463168221,0.169153548,2.738152559,0.006178541,0.024866317,"yes","up",0.932704680264459,0.909347256348788,"tissue_specific","Seed_Silique","seed_stage_10"
"AT1G04000",178.5173153,0.169909922,0.049840226,3.409092105,0.000651795,0.0040075,"yes","up",0.622462633893798,0.545701406732425,"tissue_specific","Seed_Silique","seed_stage_9"
"AT1G04220",247.4963079,0.290872488,0.096437307,3.016182185,0.002559794,0.01224268,"yes","up",0.684830868551472,0.786095315742223,"tissue_specific","Seed_Silique","seed_stage_8"
"AT1G04625",2.536971822,1.280324505,0.32818002,3.901287176,9.57e-05,0.000818702,"yes","up",0.685400106902701,0.368519881974431,"tissue_specific","Seed_Silique","seed_stage_10"
"AT1G04660",7.517720487,-0.652637492,0.205025178,-3.183206566,0.001456537,0.007803395,"yes","down",0.884829219408395,0.986602212783188,"tissue_specific","Seed_Silique","seed_stage_6"
"AT1G05150",619.3237643,-0.152312454,0.036075666,-4.22202747,2.42e-05,0.000260587,"yes","down",0.735392156647862,0.556137039914993,"tissue_specific","Seed_Silique","seed_stage_9"
"AT1G05280",34.0695254,-0.375388277,0.118665602,-3.163412726,0.001559311,0.008225025,"yes","down",0.884140263070803,0.952960499440196,"tissue_specific","Seed_Silique","seed_stage_6"
"AT1G05340",56.19558067,0.842045512,0.18422826,4.570664207,4.86e-06,6.71e-05,"yes","up",0.865209678922623,0.875556351558755,"tissue_specific","Seed_Silique","seed_stage_9"
"AT1G05450",7.211640879,0.556103343,0.224273489,2.47957681,0.01315384,0.045626171,"yes","up",0.877159951382681,0.949940737292115,"tissue_specific","Seed_Silique","seed_stage_7"
"AT1G05490",100.0067197,2.344494586,0.261699004,8.958744784,3.28e-19,1.08e-16,"yes","up",0.883105206719724,0.820499879907822,"tissue_specific","Seed_Silique","silique_stage_4"
"AT1G06080",74.74039643,-0.425310625,0.114886906,-3.701993903,0.000213912,0.001589203,"yes","down",0.727880825201807,0.460968620770752,"tissue_specific","Seed_Silique","seed_stage_6"
"AT1G07260",97.23195336,-0.252887306,0.078982577,-3.20181128,0.001365664,0.00742454,"yes","down",0.746287037073018,0.747909763276331,"tissue_specific","Seed_Silique","seed_stage_9"
"AT1G07420",397.4062063,-0.133718538,0.045646757,-2.92942032,0.003395949,0.015457173,"yes","down",0.658708314127332,0.507872314917928,"tissue_specific","Seed_Silique","seed_stage_10"
"AT1G07500",46.34811043,5.089512658,0.484596365,10.50258118,8.4e-26,8.26e-23,"yes","up",0.945491163097203,0.975731178641924,"tissue_specific","Seed_Silique","seed_stage_10"
"AT1G07530",436.2898977,0.179346226,0.055522467,3.230155907,0.001237227,0.006836652,"yes","up",0.681429134390595,0.481800498790553,"tissue_specific","Seed_Silique","seed_stage_9"
"AT1G07870",155.4266282,0.242301266,0.063818446,3.79672775,0.000146619,0.001169625,"yes","up",0.758789714978883,0.712627290970316,"tissue_specific","Seed_Silique","seed_stage_6"
"AT1G08050",101.7856518,0.775831707,0.141729439,5.474033571,4.4e-08,1.21e-06,"yes","up",0.705537720213219,0.40746568149663,"tissue_specific","Seed_Silique","seed_stage_10"
"AT1G08180",37.89502953,-0.301932255,0.098869434,-3.053848338,0.002259263,0.011076872,"yes","down",0.644038497564019,0.406091432989556,"tissue_specific","Seed_Silique","seed_stage_9"
"AT1G08810",116.9473131,-0.216721369,0.066783793,-3.245119196,0.001174015,0.006539442,"yes","down",0.845711866967114,0.877345705035388,"tissue_specific","Seed_Silique","seed_stage_7"
"AT1G09380",37.4344999,0.47677262,0.150059999,3.177213261,0.001486976,0.007926842,"yes","up",0.85978091045362,0.969192226506626,"tissue_specific","Seed_Silique","seed_stage_9"
"AT1G09950",12.15103553,1.265226818,0.257100124,4.921144339,8.6e-07,1.54e-05,"yes","up",0.738221253961792,0.3493752726604,"tissue_specific","Seed_Silique","seed_stage_8"
"AT1G09960",131.6103325,0.148277422,0.051054059,2.904321914,0.003680495,0.016469308,"yes","up",0.764104831895924,0.660181348758171,"tissue_specific","Seed_Silique","seed_stage_7"
"AT1G09970",2683.53615,0.510867876,0.076817313,6.650426268,2.92e-11,1.92e-09,"yes","up",0.663234061593805,0.529327357162523,"tissue_specific","Seed_Silique","seed_stage_10"
"AT1G10520",34.68343874,0.214619781,0.087506348,2.452619559,0.014182024,0.048451138,"yes","up",0.812357483728434,0.612457467484045,"tissue_specific","Seed_Silique","seed_stage_6"
"AT1G11960",194.9685376,0.587237184,0.135608784,4.330377177,1.49e-05,0.00017311,"yes","up",0.689688205705004,0.520852176946645,"tissue_specific","Seed_Silique","silique_stage_5"
"AT1G12030",13.45031767,1.231827938,0.273709236,4.500498249,6.78e-06,8.86e-05,"yes","up",0.884638467893901,0.610981156366937,"tissue_specific","Seed_Silique","seed_stage_10"
"AT1G12200",369.52804,0.361916191,0.100740785,3.592548863,0.000327459,0.002259871,"yes","up",0.718031798538849,0.678952326510235,"tissue_specific","Seed_Silique","silique_stage_4"
"AT1G12230",1337.481919,-0.098068197,0.028561062,-3.433632708,0.000595551,0.003717933,"yes","down",0.685457318945772,0.294834036408737,"tissue_specific","Seed_Silique","seed_stage_6"
"AT1G12460",249.1199313,-0.202185681,0.067981326,-2.974135605,0.002938152,0.013736822,"yes","down",0.63501858448924,0.565268920425831,"tissue_specific","Seed_Silique","silique_stage_3"
"AT1G13540",26.19384582,0.471294744,0.119010125,3.960123094,7.49e-05,0.00066763,"yes","up",0.707496792691124,0.580930490197031,"tissue_specific","Seed_Silique","seed_stage_10"
"AT1G14380",427.1038901,-0.207962147,0.056645043,-3.671321165,0.0002413,0.001755064,"yes","down",0.690189433954565,0.577994014940065,"tissue_specific","Seed_Silique","silique_stage_4"
"AT1G14580",274.9785888,-0.329944176,0.059839533,-5.513815987,3.51e-08,9.92e-07,"yes","down",0.753712000291476,0.790887131337537,"tissue_specific","Seed_Silique","seed_stage_6"
"AT1G15010",12.19272599,1.507136671,0.335440853,4.493002733,7.02e-06,9.12e-05,"yes","up",0.715441650763529,0.387121223614791,"tissue_specific","Seed_Silique","silique_stage_4"
"AT1G15170",243.3954104,0.18046727,0.057416219,3.143140937,0.001671453,0.008701672,"yes","up",0.700289868885462,0.481612825874259,"tissue_specific","Seed_Silique","seed_stage_6"
"AT1G15180",382.4946752,-0.229586207,0.077583124,-2.959228698,0.003084101,0.01429163,"yes","down",0.795536964494554,0.649507711080691,"tissue_specific","Seed_Silique","seed_stage_10"
"AT1G15340",1624.751284,-0.167174702,0.057225216,-2.921346829,0.003485216,0.015760023,"yes","down",0.689416860859325,0.577178874945215,"tissue_specific","Seed_Silique","seed_stage_9"
"AT1G15830",104.7648805,-0.306706029,0.120402022,-2.547349492,0.010854466,0.039130194,"yes","down",0.767584824723179,0.393289878159371,"tissue_specific","Seed_Silique","seed_stage_9"
"AT1G16270",645.23838,0.285754008,0.078790291,3.626766756,0.000286992,0.00202553,"yes","up",0.67854407145761,0.463735137609823,"tissue_specific","Seed_Silique","seed_stage_9"
"AT1G16390",220.3742364,-0.501775163,0.117137568,-4.283639914,1.84e-05,0.000205702,"yes","down",0.816647984512472,0.426240854240623,"tissue_specific","Seed_Silique","silique_stage_3"
"AT1G17090",76.58579578,-0.267886228,0.09806305,-2.731775408,0.006299407,0.02524582,"yes","down",0.869079219515419,0.785390796227176,"tissue_specific","Seed_Silique","seed_stage_10"
"AT1G17260",25.98117499,0.494891124,0.163769386,3.021878111,0.002512117,0.012053354,"yes","up",0.93596392081152,0.773156095063782,"tissue_specific","Seed_Silique","silique_stage_3"
"AT1G17830",62.48079484,0.578647578,0.089273118,6.481767284,9.07e-11,5.3e-09,"yes","up",0.8419637671604,0.87186796836238,"tissue_specific","Seed_Silique","seed_stage_7"
"AT1G19180",324.440468,0.80425541,0.142958816,5.62578394,1.85e-08,5.7e-07,"yes","up",0.703643532527704,0.442336451775261,"tissue_specific","Seed_Silique","seed_stage_9"
"AT1G19200",25.2614794,0.377156281,0.127988745,2.946792555,0.003210885,0.014768819,"yes","up",0.851027340571605,0.87173317705056,"tissue_specific","Seed_Silique","seed_stage_7"
"AT1G19330",116.0067181,0.349414597,0.133329902,2.620676933,0.008775538,0.033035094,"yes","up",0.630229363840905,0.470573391916802,"tissue_specific","Seed_Silique","seed_stage_6"
"AT1G19450",1048.799169,-0.204068629,0.060439254,-3.376425329,0.000734343,0.004419369,"yes","down",0.699645259875347,0.199377621504334,"tissue_specific","Seed_Silique","silique_stage_4"
"AT1G19900",109.7755473,-0.502120059,0.119416332,-4.20478548,2.61e-05,0.000277802,"yes","down",0.896814781422708,0.98285759427392,"tissue_specific","Seed_Silique","seed_stage_9"
"AT1G20823",122.2119741,0.318788405,0.124800626,2.554381455,0.010637665,0.038495804,"yes","up",0.635294156399054,0.422776992058075,"tissue_specific","Seed_Silique","seed_stage_6"
"AT1G20870",44.70311801,-0.213208915,0.086159832,-2.474574402,0.013339503,0.04615472,"yes","down",0.735803629855741,0.786941891388538,"tissue_specific","Seed_Silique","seed_stage_8"
"AT1G21060",184.0428276,-0.203940844,0.083218813,-2.450657925,0.01425954,0.0486525,"yes","down",0.614336172888726,0.420720866158842,"tissue_specific","Seed_Silique","seed_stage_6"
"AT1G21740",213.3105339,-0.354138179,0.07191462,-4.924425344,8.46e-07,1.52e-05,"yes","down",0.73167811528954,0.494256658411061,"tissue_specific","Seed_Silique","seed_stage_6"
"AT1G22180",115.9998519,0.267331722,0.063684775,4.19773363,2.7e-05,0.000284734,"yes","up",0.789785915139287,0.736142239036302,"tissue_specific","Seed_Silique","seed_stage_9"
"AT1G22190",373.9840392,0.322907823,0.129302239,2.497310377,0.012513937,0.043864839,"yes","up",0.809405157599373,0.617266865012941,"tissue_specific","Seed_Silique","seed_stage_9"
"AT1G22430",516.5692462,-0.165083846,0.050319264,-3.280728572,0.001035393,0.005904046,"yes","down",0.711501987337557,0.535471467835616,"tissue_specific","Seed_Silique","seed_stage_7"
"AT1G22590",288.0014744,-0.153375682,0.056821184,-2.699269391,0.00694919,0.027366063,"yes","down",0.811097173235864,0.697923553100261,"tissue_specific","Seed_Silique","seed_stage_6"
"AT1G23200",28.63749585,0.302645204,0.101660703,2.97701269,0.00291072,0.01362478,"yes","up",0.901674910762533,0.970551435611364,"tissue_specific","Seed_Silique","silique_stage_5"
"AT1G23440",513.6108601,0.152843275,0.056882293,2.687009731,0.007209485,0.028235454,"yes","up",0.669804666533302,0.505734367261887,"tissue_specific","Seed_Silique","seed_stage_10"
"AT1G23550",67.22992319,0.79981946,0.15334619,5.215776531,1.83e-07,4.09e-06,"yes","up",0.830096743337033,0.79497142384719,"tissue_specific","Seed_Silique","seed_stage_9"
"AT1G23710",230.7451607,1.572692032,0.217940152,7.216164694,5.35e-13,5.36e-11,"yes","up",0.654646496212493,0.371296513644616,"tissue_specific","Seed_Silique","seed_stage_8"
"AT1G23780",398.6566926,0.214984465,0.048312714,4.449852775,8.59e-06,0.000108554,"yes","up",0.619813876737935,0.457170835329936,"tissue_specific","Seed_Silique","seed_stage_10"
"AT1G24210",10.89726622,0.347972077,0.133105979,2.614248282,0.008942403,0.033540813,"yes","up",0.627476724227429,0.549509333210906,"tissue_specific","Seed_Silique","seed_stage_9"
"AT1G25510",167.245329,-0.74686841,0.126188548,-5.918670282,3.25e-09,1.23e-07,"yes","down",0.729685817063968,0.676823067742971,"tissue_specific","Seed_Silique","seed_stage_6"
"AT1G26570",172.2463906,0.52493252,0.068924319,7.616071199,2.62e-14,3.41e-12,"yes","up",0.617211898580661,0.443320571416659,"tissue_specific","Seed_Silique","seed_stage_7"
"AT1G27730",253.9859311,2.786270846,0.31308422,8.8994292,5.61e-19,1.74e-16,"yes","up",0.861769245842243,0.719042489668672,"tissue_specific","Seed_Silique","seed_stage_8"
"AT1G27910",244.9052478,0.152291803,0.061220917,2.487577952,0.012861626,0.044810393,"yes","up",0.610803037723542,0.352460535354309,"tissue_specific","Seed_Silique","seed_stage_10"
"AT1G28360",24.3030296,-0.430289926,0.169535707,-2.538048962,0.011147239,0.039977767,"yes","down",0.883247627659378,0.846181380004486,"tissue_specific","Seed_Silique","seed_stage_10"
"AT1G28470",50.24859992,0.466912957,0.123659123,3.775806778,0.000159491,0.001250722,"yes","up",0.788218125524886,0.740327829162793,"tissue_specific","Seed_Silique","seed_stage_8"
"AT1G29050",254.629068,0.242911511,0.051859523,4.684029012,2.81e-06,4.19e-05,"yes","up",0.824304355982492,0.62088649514081,"tissue_specific","Seed_Silique","silique_stage_4"
"AT1G29160",88.8264627,-0.164361245,0.059627048,-2.756488038,0.005842575,0.02378705,"yes","down",0.837941038120795,0.715871331706332,"tissue_specific","Seed_Silique","seed_stage_8"
"AT1G29820",320.6795996,0.178807488,0.041734087,4.284447088,1.83e-05,0.000205151,"yes","up",0.808760832621382,0.733021210838707,"tissue_specific","Seed_Silique","seed_stage_7"
"AT1G30120",1955.66045,-0.152542892,0.032801442,-4.650493486,3.31e-06,4.83e-05,"yes","down",0.644523971689972,0.414676386821602,"tissue_specific","Seed_Silique","seed_stage_6"
"AT1G30640",180.0658059,0.322076799,0.074370864,4.330685187,1.49e-05,0.000173054,"yes","up",0.638884920031426,0.522776549877996,"tissue_specific","Seed_Silique","seed_stage_7"
"AT1G30860",54.39741608,-0.382348644,0.113753932,-3.361190569,0.000776073,0.00462914,"yes","down",0.932674988044437,0.975825138499733,"tissue_specific","Seed_Silique","seed_stage_9"
"AT1G31280",592.7322059,1.655737555,0.200866319,8.242982496,1.68e-16,3.41e-14,"yes","up",0.600485319962623,0.679812634543858,"tissue_specific","Seed_Silique","seed_stage_9"
"AT1G31290",24.08064361,1.23432341,0.261035294,4.728569038,2.26e-06,3.5e-05,"yes","up",0.8505599066217,0.755888545566396,"tissue_specific","Seed_Silique","silique_stage_4"
"AT1G32090",457.4867261,-0.246080137,0.075032628,-3.279641735,0.00103939,0.005923969,"yes","down",0.616612082292798,0.352514298245733,"tissue_specific","Seed_Silique","seed_stage_10"
"AT1G32540",118.8248959,-0.447712104,0.096849169,-4.622776948,3.79e-06,5.43e-05,"yes","down",0.632365448300487,0.425650549453706,"tissue_specific","Seed_Silique","silique_stage_3"
"AT1G32560",16.5699645,-0.900734382,0.31081584,-2.897968072,0.003755888,0.016746274,"yes","down",0.937852051006807,0.99873413088527,"tissue_specific","Seed_Silique","seed_stage_9"
"AT1G32860",209.4237578,0.784256728,0.11645693,6.734307088,1.65e-11,1.14e-09,"yes","up",0.711815213012535,0.465379332687588,"tissue_specific","Seed_Silique","seed_stage_7"
"AT1G32870",185.169778,0.737120529,0.127883405,5.76400456,8.21e-09,2.83e-07,"yes","up",0.737833316905161,0.554810439653998,"tissue_specific","Seed_Silique","seed_stage_10"
"AT1G32920",342.9431102,1.073472316,0.227281188,4.723102365,2.32e-06,3.57e-05,"yes","up",0.732639025232811,0.315014985044843,"tissue_specific","Seed_Silique","seed_stage_8"
"AT1G33265",267.9015685,-0.154456028,0.056589827,-2.729395671,0.006345052,0.025394213,"yes","down",0.702018349002615,0.513268835447521,"tissue_specific","Seed_Silique","seed_stage_6"
"AT1G33700",166.3568884,-0.350680667,0.101146583,-3.467054011,0.000526196,0.003352438,"yes","down",0.844485933453915,0.846735421807813,"tissue_specific","Seed_Silique","seed_stage_9"
"AT1G34180",25.9136136,0.896143786,0.132135982,6.781981483,1.19e-11,8.55e-10,"yes","up",0.815224019584883,0.621065192600745,"tissue_specific","Seed_Silique","seed_stage_10"
"AT1G34430",1938.644115,-0.142532608,0.031021262,-4.59467475,4.33e-06,6.07e-05,"yes","down",0.676152891361733,0.359910587626582,"tissue_specific","Seed_Silique","seed_stage_6"
"AT1G36060",131.7357752,-0.258266578,0.086604166,-2.982149587,0.002862321,0.013451654,"yes","down",0.799661093368978,0.704597899546474,"tissue_specific","Seed_Silique","seed_stage_7"
"AT1G43650",73.93368571,-0.241393233,0.070196994,-3.438797294,0.000584305,0.003659355,"yes","down",0.822450951545656,0.634131176753347,"tissue_specific","Seed_Silique","seed_stage_10"
"AT1G43890",689.6651858,0.277071082,0.064811552,4.275026186,1.91e-05,0.000212761,"yes","up",0.711437451698764,0.56972929606982,"tissue_specific","Seed_Silique","seed_stage_9"
"AT1G45130",717.1412925,-0.134710169,0.048724274,-2.764744499,0.00569674,0.023330307,"yes","down",0.806974838200706,0.617104714904777,"tissue_specific","Seed_Silique","silique_stage_3"
"AT1G47970",1039.431851,-0.131453859,0.0470147,-2.796016142,0.005173682,0.021639318,"yes","down",0.634554958816394,0.443742990870224,"tissue_specific","Seed_Silique","seed_stage_10"
"AT1G48660",14.34888596,-0.711428944,0.178483849,-3.985956993,6.72e-05,0.000614045,"yes","down",0.927452328611746,0.969032781852069,"tissue_specific","Seed_Silique","seed_stage_8"
"AT1G49450",98.85748402,-0.355360032,0.141142255,-2.517743764,0.011810921,0.041911612,"yes","down",0.676479238807976,0.60970339711953,"tissue_specific","Seed_Silique","seed_stage_7"
"AT1G49580",488.901111,-0.241162402,0.049176079,-4.904059168,9.39e-07,1.65e-05,"yes","down",0.74150629059539,0.247379108296011,"tissue_specific","Seed_Silique","silique_stage_4"
"AT1G49700",12.90614313,0.327383807,0.129809716,2.522028526,0.011668025,0.041485723,"yes","up",0.654177424040904,0.440034885107651,"tissue_specific","Seed_Silique","seed_stage_10"
"AT1G50380",566.6352478,-0.076176863,0.03101784,-2.455904784,0.014053039,0.048094117,"yes","down",0.72993352889599,0.568704830048678,"tissue_specific","Seed_Silique","seed_stage_10"
"AT1G50400",15.23971835,0.548861196,0.137898842,3.980172614,6.89e-05,0.000626055,"yes","up",0.630006533733096,0.234765492617042,"tissue_specific","Seed_Silique","seed_stage_10"
"AT1G52670",869.7455933,-0.122918583,0.029901654,-4.110762048,3.94e-05,0.000390948,"yes","down",0.766428975393285,0.498564128669288,"tissue_specific","Seed_Silique","seed_stage_6"
"AT1G52920",10.17381562,0.697009158,0.159046207,4.382431818,1.17e-05,0.000140899,"yes","up",0.841867126719875,0.743748602331917,"tissue_specific","Seed_Silique","seed_stage_10"
"AT1G53170",92.72271795,0.681322145,0.113936166,5.979858465,2.23e-09,8.97e-08,"yes","up",0.75409536653433,0.594283745975966,"tissue_specific","Seed_Silique","seed_stage_7"
"AT1G53520",497.6122768,-0.144995576,0.049399928,-2.935137388,0.003334,0.015231083,"yes","down",0.753638931342529,0.544463932298909,"tissue_specific","Seed_Silique","seed_stage_6"
"AT1G53790",42.78932075,0.367601411,0.081358271,4.518304139,6.23e-06,8.28e-05,"yes","up",0.722772059117943,0.582095105740926,"tissue_specific","Seed_Silique","seed_stage_10"
"AT1G54120",46.84208056,-0.322207871,0.100579626,-3.203510321,0.001357632,0.007392805,"yes","down",0.805195415427987,0.455812815448213,"tissue_specific","Seed_Silique","seed_stage_10"
"AT1G54160",19.09836574,0.373894408,0.126690725,2.951237417,0.003165035,0.014597804,"yes","up",0.791679490266454,0.764900191514801,"tissue_specific","Seed_Silique","seed_stage_6"
"AT1G55740",147.4354968,-0.144457995,0.055952628,-2.581791051,0.009828907,0.036123452,"yes","down",0.716440967612839,0.680664072191026,"tissue_specific","Seed_Silique","silique_stage_4"
"AT1G56660",633.0584851,0.481555747,0.108174712,4.451648049,8.52e-06,0.000107707,"yes","up",0.627711238469196,0.346432162623394,"tissue_specific","Seed_Silique","silique_stage_4"
"AT1G60030",38.83745184,0.523740343,0.112236447,4.666401655,3.07e-06,4.52e-05,"yes","up",0.840115548849115,0.852503455095776,"tissue_specific","Seed_Silique","seed_stage_6"
"AT1G60970",4.07096997,0.58165081,0.215270078,2.701958464,0.006893237,0.027186596,"yes","up",0.878573490251255,0.973391839437801,"tissue_specific","Seed_Silique","seed_stage_6"
"AT1G61800",58.55391232,0.762346662,0.28425101,2.681948824,0.007319466,0.028575979,"yes","up",0.858012993611452,0.841119717522244,"tissue_specific","Seed_Silique","silique_stage_4"
"AT1G61950",9.57784666,-0.48831595,0.169022118,-2.889065374,0.003863887,0.017146728,"yes","down",0.849964267238862,0.552942370185607,"tissue_specific","Seed_Silique","seed_stage_9"
"AT1G62422",113.7193112,0.29048194,0.07130932,4.073548044,4.63e-05,0.000448508,"yes","up",0.743355503447237,0.354554417555334,"tissue_specific","Seed_Silique","seed_stage_10"
"AT1G62520",67.21861427,-0.262195088,0.082595643,-3.174442131,0.001501248,0.007997497,"yes","down",0.79853271961607,0.407117836438544,"tissue_specific","Seed_Silique","seed_stage_6"
"AT1G62640",822.1243137,-0.223809662,0.036520283,-6.128365999,8.88e-10,3.89e-08,"yes","down",0.645478108721126,0.331694931491528,"tissue_specific","Seed_Silique","seed_stage_6"
"AT1G63300",270.9090928,-0.19276846,0.049175044,-3.920046494,8.85e-05,0.000768113,"yes","down",0.77862486725852,0.795097298634099,"tissue_specific","Seed_Silique","silique_stage_5"
"AT1G63420",144.8866534,-0.187451542,0.063426511,-2.955413112,0.003122506,0.014432714,"yes","down",0.659831241855604,0.382296643788822,"tissue_specific","Seed_Silique","silique_stage_3"
"AT1G64660",145.0333133,0.336175871,0.119160459,2.821203232,0.004784388,0.020398333,"yes","up",0.817579157021775,0.87292339175785,"tissue_specific","Seed_Silique","seed_stage_10"
"AT1G64810",227.7606197,0.262138062,0.050055729,5.236924323,1.63e-07,3.73e-06,"yes","up",0.622999973790314,0.469515866507534,"tissue_specific","Seed_Silique","seed_stage_10"
"AT1G64940",31.69269539,0.623726691,0.153134096,4.073075212,4.64e-05,0.000449159,"yes","up",0.689673744147754,0.220623269826115,"tissue_specific","Seed_Silique","seed_stage_10"
"AT1G65480",9.361321218,0.500065858,0.193214815,2.58813413,0.00964974,0.035587189,"yes","up",0.904723208831606,0.926641833562162,"tissue_specific","Seed_Silique","silique_stage_4"
"AT1G66430",1454.698427,0.318186859,0.064227926,4.95402666,7.27e-07,1.33e-05,"yes","up",0.615732613471404,0.310355828691267,"tissue_specific","Seed_Silique","seed_stage_6"
"AT1G67420",81.71659452,-0.253770364,0.065237293,-3.889958543,0.000100261,0.000851698,"yes","down",0.63220228135467,0.634485870510633,"tissue_specific","Seed_Silique","seed_stage_9"
"AT1G67500",251.5220217,0.28731975,0.051374733,5.592627595,2.24e-08,6.72e-07,"yes","up",0.630372854871988,0.353058414111167,"tissue_specific","Seed_Silique","seed_stage_9"
"AT1G67600",14.92179892,0.318557548,0.125568977,2.53691282,0.01118348,0.04009554,"yes","up",0.834310536889541,0.787201039383928,"tissue_specific","Seed_Silique","seed_stage_10"
"AT1G68340",66.14967188,0.534917177,0.072240638,7.40465742,1.31e-13,1.48e-11,"yes","up",0.749225703046896,0.493301090615182,"tissue_specific","Seed_Silique","seed_stage_10"
"AT1G68450",21.84509173,0.440674952,0.14328828,3.075443098,0.0021019,0.010468645,"yes","up",0.851737252607314,0.690269833813738,"tissue_specific","Seed_Silique","seed_stage_9"
"AT1G68850",106.7746114,0.288540437,0.112061686,2.574835774,0.010028769,0.036697947,"yes","up",0.933554070561619,0.882098638629888,"tissue_specific","Seed_Silique","seed_stage_7"
"AT1G69410",831.5978472,0.153379284,0.039352848,3.897539568,9.72e-05,0.000828649,"yes","up",0.799516243908529,0.70199439551756,"tissue_specific","Seed_Silique","seed_stage_9"
"AT1G70140",71.4369696,0.341293795,0.075635538,4.512347051,6.41e-06,8.45e-05,"yes","up",0.805711178866475,0.78677747597092,"tissue_specific","Seed_Silique","seed_stage_10"
"AT1G70830",1745.552398,-0.201653819,0.069115239,-2.917646278,0.003526842,0.015923816,"yes","down",0.649580030447479,0.461472367479166,"tissue_specific","Seed_Silique","silique_stage_4"
"AT1G71350",255.1627895,0.091568311,0.030693147,2.983347132,0.002851144,0.013404472,"yes","up",0.706907348496186,0.605716758916006,"tissue_specific","Seed_Silique","seed_stage_9"
"AT1G71691",8.230521484,-0.524332222,0.190226781,-2.756353333,0.005844982,0.02379274,"yes","down",0.929943132008378,0.958810143761078,"tissue_specific","Seed_Silique","seed_stage_6"
"AT1G71830",176.9199975,-0.121032406,0.04913217,-2.463404438,0.013762458,0.047340204,"yes","down",0.617695832648419,0.454182807149024,"tissue_specific","Seed_Silique","seed_stage_6"
"AT1G71950",411.9051162,0.158147649,0.038629022,4.094011245,4.24e-05,0.000415608,"yes","up",0.708403662319339,0.647707306398913,"tissue_specific","Seed_Silique","seed_stage_9"
"AT1G72200",132.7136845,-0.35581168,0.099227852,-3.585804507,0.000336041,0.002306109,"yes","down",0.810020282973402,0.81685883000801,"tissue_specific","Seed_Silique","silique_stage_4"
"AT1G72480",471.6450627,-0.135597279,0.034192299,-3.965725758,7.32e-05,0.000656107,"yes","down",0.6248536131753,0.472199774300637,"tissue_specific","Seed_Silique","seed_stage_7"
"AT1G72680",277.2323555,0.259361873,0.063118928,4.109098211,3.97e-05,0.000393506,"yes","up",0.893006606193508,0.866217095632308,"tissue_specific","Seed_Silique","seed_stage_10"
"AT1G72790",244.2767104,0.97618351,0.184125452,5.301730405,1.15e-07,2.77e-06,"yes","up",0.673221778252203,0.25919033688109,"tissue_specific","Seed_Silique","silique_stage_5"
"AT1G73080",468.7014433,0.29068735,0.100127562,2.903170167,0.003694059,0.016514326,"yes","up",0.711784899886476,0.639570099544386,"tissue_specific","Seed_Silique","silique_stage_4"
"AT1G73620",306.2264841,-0.589293822,0.126086718,-4.673718476,2.96e-06,4.37e-05,"yes","down",0.74388757335675,0.504765847031811,"tissue_specific","Seed_Silique","silique_stage_3"
"AT1G73730",282.2583333,0.08935071,0.033755054,2.647032051,0.008120166,0.031078197,"yes","up",0.667349564085942,0.498180737593889,"tissue_specific","Seed_Silique","seed_stage_9"
"AT1G74030",1287.387407,-0.118405482,0.047657405,-2.484513842,0.012972846,0.045117868,"yes","down",0.771618057190292,0.659453431100739,"tissue_specific","Seed_Silique","seed_stage_6"
"AT1G74960",2182.056592,-0.171930885,0.032309672,-5.321344178,1.03e-07,2.51e-06,"yes","down",0.666145331141042,0.383316014718074,"tissue_specific","Seed_Silique","seed_stage_6"
"AT1G75620",31.92721591,-0.315899903,0.095282107,-3.315416843,0.000915066,0.005310399,"yes","down",0.630120593987226,0.564337872028635,"tissue_specific","Seed_Silique","silique_stage_4"
"AT1G76500",78.31683086,-0.243692269,0.099218574,-2.456115417,0.014044804,0.048079897,"yes","down",0.845117425737243,0.669334188867156,"tissue_specific","Seed_Silique","silique_stage_4"
"AT1G76970",133.1696911,0.500714699,0.080615289,6.211162978,5.26e-10,2.5e-08,"yes","up",0.692450301840838,0.529318682319588,"tissue_specific","Seed_Silique","seed_stage_10"
"AT1G77370",216.4579724,0.110185116,0.040877904,2.695468811,0.007028966,0.027611033,"yes","up",0.700594373145212,0.535986913353879,"tissue_specific","Seed_Silique","seed_stage_10"
"AT1G77380",77.18968333,0.807594318,0.161900894,4.988201724,6.09e-07,1.15e-05,"yes","up",0.81841347315568,0.525593635052819,"tissue_specific","Seed_Silique","seed_stage_10"
"AT1G77580",356.7551442,-0.199406784,0.065287539,-3.054285523,0.002255973,0.011065635,"yes","down",0.74228763041008,0.59723097592146,"tissue_specific","Seed_Silique","seed_stage_6"
"AT1G79690",911.2464028,0.088025872,0.027562192,3.193718157,0.001404532,0.007602296,"yes","up",0.70716326371905,0.477629936802113,"tissue_specific","Seed_Silique","seed_stage_7"
"AT1G80010",343.4859379,0.116391675,0.037506466,3.103242921,0.001914125,0.009688997,"yes","up",0.796405818649512,0.594766678307983,"tissue_specific","Seed_Silique","seed_stage_10"
"AT1G80160",41.82366982,0.634997069,0.16699911,3.802397914,0.000143302,0.001147831,"yes","up",0.870165523034906,0.947017138827443,"tissue_specific","Seed_Silique","seed_stage_10"
"AT1G80810",237.3398013,0.140422153,0.053618831,2.618896216,0.008821478,0.033149801,"yes","up",0.629003501576002,0.401501822224359,"tissue_specific","Seed_Silique","seed_stage_9"
"AT2G01210",100.4199709,-0.484633603,0.098875509,-4.901452445,9.51e-07,1.66e-05,"yes","down",0.825748305235806,0.533748959268539,"tissue_specific","Seed_Silique","seed_stage_6"
"AT2G01660",126.8851508,-0.254916044,0.06914577,-3.686646996,0.000227228,0.001669717,"yes","down",0.805336965766351,0.665706100282967,"tissue_specific","Seed_Silique","silique_stage_4"
"AT2G02080",219.6996307,-0.291812033,0.077021319,-3.788717667,0.000151427,0.001201072,"yes","down",0.618461832711825,0.724352426910359,"tissue_specific","Seed_Silique","seed_stage_10"
"AT2G02470",313.1339532,-0.138634799,0.042675118,-3.24860963,0.001159705,0.006470468,"yes","down",0.740631977531955,0.630101610529623,"tissue_specific","Seed_Silique","seed_stage_10"
"AT2G03090",586.5335066,-0.459025135,0.162411641,-2.82630686,0.004708813,0.020130731,"yes","down",0.833824212344334,0.452123538798317,"tissue_specific","Seed_Silique","seed_stage_7"
"AT2G03280",83.72281562,-0.154928388,0.058261763,-2.659177838,0.00783316,0.030196417,"yes","down",0.680099830102022,0.491031440354189,"tissue_specific","Seed_Silique","seed_stage_8"
"AT2G03340",414.780708,-0.142959838,0.035600502,-4.015669152,5.93e-05,0.000553404,"yes","down",0.746170388354942,0.42542968841588,"tissue_specific","Seed_Silique","seed_stage_10"
"AT2G04040",75.95087106,0.590086111,0.194036041,3.041116006,0.00235703,0.011463456,"yes","up",0.88578152658289,0.688425343879847,"tissue_specific","Seed_Silique","seed_stage_9"
"AT2G04890",133.8296203,0.239679619,0.061298037,3.910070044,9.23e-05,0.000795013,"yes","up",0.637428767549292,0.332659010155064,"tissue_specific","Seed_Silique","seed_stage_10"
"AT2G05990",2903.143874,-0.205281102,0.042966632,-4.777686618,1.77e-06,2.84e-05,"yes","down",0.689319831378117,0.495203522821595,"tissue_specific","Seed_Silique","seed_stage_6"
"AT2G13550",68.85059747,-0.319805444,0.079624941,-4.016397895,5.91e-05,0.000551915,"yes","down",0.707978637644871,0.421754253910939,"tissue_specific","Seed_Silique","seed_stage_10"
"AT2G16060",180.4154781,0.516319782,0.13321055,3.875967651,0.000106202,0.000895064,"yes","up",0.797567175429897,0.468413338879815,"tissue_specific","Seed_Silique","seed_stage_8"
"AT2G16230",28.96062821,-0.550053872,0.186419445,-2.950624986,0.003171317,0.014623916,"yes","down",0.878776938323864,0.832880979297162,"tissue_specific","Seed_Silique","seed_stage_6"
"AT2G16580",21.61826061,-0.735222877,0.13379191,-5.49527156,3.9e-08,1.09e-06,"yes","down",0.789561498163213,0.606897410569123,"tissue_specific","Seed_Silique","seed_stage_6"
"AT2G17840",916.1750311,0.648548971,0.09523944,6.809668027,9.78e-12,7.17e-10,"yes","up",0.704264540454861,0.55781048152417,"tissue_specific","Seed_Silique","silique_stage_5"
"AT2G17850",4.615912225,0.96826038,0.342321496,2.828511765,0.004676498,0.02002163,"yes","up",0.885134244845953,0.697597789659194,"tissue_specific","Seed_Silique","seed_stage_8"
"AT2G18360",106.5688196,0.319377095,0.103076093,3.098459469,0.001945296,0.009815166,"yes","up",0.921116932339542,0.844150583803498,"tissue_specific","Seed_Silique","seed_stage_8"
"AT2G18370",187.8833274,0.351500432,0.127362553,2.759841282,0.005782945,0.023605431,"yes","up",0.928364927079693,0.772901697639739,"tissue_specific","Seed_Silique","seed_stage_8"
"AT2G18480",20.08074341,0.485656519,0.1656262,2.932244527,0.003365217,0.015341602,"yes","up",0.832113753504351,0.758696525900171,"tissue_specific","Seed_Silique","seed_stage_10"
"AT2G18630",328.4101885,0.387712906,0.060764847,6.380546048,1.76e-10,9.58e-09,"yes","up",0.604031413838482,0.429256028285657,"tissue_specific","Seed_Silique","seed_stage_7"
"AT2G18650",41.01321243,-0.280622379,0.095067649,-2.951817822,0.003159093,0.014573246,"yes","down",0.867580997373266,0.659708218197475,"tissue_specific","Seed_Silique","silique_stage_5"
"AT2G19570",409.2781211,0.141096566,0.044024353,3.204966284,0.001350783,0.007363194,"yes","up",0.733303463789534,0.857571785589593,"tissue_specific","Seed_Silique","seed_stage_6"
"AT2G20750",110.7721615,-0.478791118,0.107231126,-4.465038609,8.01e-06,0.000102172,"yes","down",0.851268265044645,0.562995479207409,"tissue_specific","Seed_Silique","seed_stage_6"
"AT2G21160",2212.177267,-0.133223811,0.031827162,-4.18585267,2.84e-05,0.000297514,"yes","down",0.642160326405124,0.299378951439842,"tissue_specific","Seed_Silique","seed_stage_6"
"AT2G21770",30.26053906,0.265570455,0.104719973,2.536005765,0.011212489,0.040160109,"yes","up",0.765451649459642,0.77251375752354,"tissue_specific","Seed_Silique","seed_stage_6"
"AT2G22010",548.4657857,0.113493266,0.033967408,3.341240101,0.000834051,0.004907907,"yes","up",0.71249575602228,0.404780458419433,"tissue_specific","Seed_Silique","seed_stage_10"
"AT2G22230",903.9534812,-0.227372546,0.03391747,-6.703700009,2.03e-11,1.37e-09,"yes","down",0.653188297487995,0.334406463579688,"tissue_specific","Seed_Silique","seed_stage_6"
"AT2G22270",128.0869603,-0.142997296,0.051578529,-2.772419041,0.005564136,0.022918639,"yes","down",0.651642656363811,0.540642716601435,"tissue_specific","Seed_Silique","seed_stage_7"
"AT2G22660",1274.939913,0.480824589,0.096620757,4.976410881,6.48e-07,1.21e-05,"yes","up",0.71906724247598,0.511501753051926,"tissue_specific","Seed_Silique","seed_stage_6"
"AT2G22840",386.8049038,-0.192843674,0.062659682,-3.077635698,0.002086498,0.010404168,"yes","down",0.709703685685205,0.734295896534114,"tissue_specific","Seed_Silique","seed_stage_10"
"AT2G22910",301.1484399,0.127774964,0.038191225,3.345662904,0.000820861,0.00484845,"yes","up",0.666343957328037,0.427988545515662,"tissue_specific","Seed_Silique","seed_stage_8"
"AT2G23090",1849.227445,0.102517158,0.037141,2.760215313,0.005776328,0.023582503,"yes","up",0.613273507113743,0.521893581943487,"tissue_specific","Seed_Silique","seed_stage_9"
"AT2G23400",17.03142043,-0.52096415,0.171869424,-3.031162474,0.002436141,0.011763039,"yes","down",0.722783458461971,0.478133003419058,"tissue_specific","Seed_Silique","silique_stage_5"
"AT2G24230",224.8449548,-0.146410014,0.048147088,-3.04089031,0.002358797,0.011466848,"yes","down",0.658912056683351,0.443116828391531,"tissue_specific","Seed_Silique","seed_stage_6"
"AT2G25420",115.5574109,0.174717325,0.057755634,3.025113096,0.002485402,0.011947058,"yes","up",0.622428845033917,0.403690182141542,"tissue_specific","Seed_Silique","seed_stage_6"
"AT2G25940",64.89371657,0.854630135,0.16459756,5.192240596,2.08e-07,4.56e-06,"yes","up",0.889495374719169,0.966045453654655,"tissue_specific","Seed_Silique","seed_stage_7"
"AT2G26440",215.3564315,0.682736441,0.136593157,4.998320983,5.78e-07,1.1e-05,"yes","up",0.671609373566874,0.359090329646616,"tissue_specific","Seed_Silique","silique_stage_5"
"AT2G26640",424.3991287,-0.212373893,0.042826136,-4.958978594,7.09e-07,1.3e-05,"yes","down",0.719854814606196,0.335133694118521,"tissue_specific","Seed_Silique","seed_stage_6"
"AT2G26700",51.78829781,-0.274982101,0.084403395,-3.257950707,0.001122199,0.006295477,"yes","down",0.60539938818053,0.439944901342942,"tissue_specific","Seed_Silique","seed_stage_7"
"AT2G27040",809.868967,-0.217714278,0.056761397,-3.835604668,0.000125256,0.001024516,"yes","down",0.735662924280719,0.698740512708381,"tissue_specific","Seed_Silique","seed_stage_7"
"AT2G28400",44.01977456,0.690777322,0.155814758,4.433324104,9.28e-06,0.000115428,"yes","up",0.850489608329202,0.744993677079664,"tissue_specific","Seed_Silique","seed_stage_9"
"AT2G28700",5.72888236,0.54281168,0.199428653,2.721833955,0.006492075,0.02586844,"yes","up",0.832087223776777,0.615528241725094,"tissue_specific","Seed_Silique","seed_stage_9"
"AT2G29460",45.60545626,0.898374226,0.181469397,4.950554987,7.4e-07,1.35e-05,"yes","up",0.780394037408511,0.696466651383104,"tissue_specific","Seed_Silique","seed_stage_9"
"AT2G30010",736.9592869,-0.302675251,0.076627776,-3.94994174,7.82e-05,0.000691447,"yes","down",0.649148111307464,0.397464375415939,"tissue_specific","Seed_Silique","silique_stage_3"
"AT2G30200",1450.194798,-0.143315284,0.034852714,-4.112026478,3.92e-05,0.000389278,"yes","down",0.707449073252278,0.39929755491435,"tissue_specific","Seed_Silique","seed_stage_6"
"AT2G30590",331.2578404,0.171130524,0.068125997,2.511970907,0.012005899,0.042437404,"yes","up",0.650436763583396,0.406230719216354,"tissue_specific","Seed_Silique","seed_stage_6"
"AT2G30660",9.314498058,1.296314396,0.222539876,5.82508816,5.71e-09,2.07e-07,"yes","up",0.686833921997403,0.441566525708331,"tissue_specific","Seed_Silique","seed_stage_10"
"AT2G31130",98.67298369,0.230879046,0.058738296,3.930639117,8.47e-05,0.000739946,"yes","up",0.826277780634863,0.703393013465815,"tissue_specific","Seed_Silique","seed_stage_9"
"AT2G31945",15.27296466,1.067667906,0.218261803,4.891684621,1e-06,1.73e-05,"yes","up",0.901516422781172,0.854876411460639,"tissue_specific","Seed_Silique","seed_stage_9"
"AT2G31990",55.33392845,0.318809751,0.113471669,2.809597807,0.004960344,0.020970265,"yes","up",0.809200694769981,0.695768040169143,"tissue_specific","Seed_Silique","seed_stage_10"
"AT2G32000",258.5317803,-0.102293011,0.037827732,-2.704180378,0.006847311,0.027050722,"yes","down",0.664145316900781,0.461572293822036,"tissue_specific","Seed_Silique","seed_stage_10"
"AT2G32120",53.60458534,0.285875339,0.07840843,3.645977061,0.000266378,0.001901672,"yes","up",0.912625266778189,0.807075115752189,"tissue_specific","Seed_Silique","seed_stage_10"
"AT2G32190",24.80502505,1.137002304,0.136956289,8.301935719,1.02e-16,2.22e-14,"yes","up",0.907421389956211,0.92333437568063,"tissue_specific","Seed_Silique","seed_stage_9"
"AT2G33150",2863.495294,0.095408278,0.033029733,2.888557333,0.003870135,0.017161528,"yes","up",0.621130818037015,0.360732516117203,"tissue_specific","Seed_Silique","seed_stage_10"
"AT2G35585",38.1583258,-0.262819376,0.085229514,-3.083666264,0.002044668,0.010239848,"yes","down",0.808268452679882,0.668949434026909,"tissue_specific","Seed_Silique","seed_stage_6"
"AT2G35760",95.52477759,0.28024495,0.080087392,3.499239305,0.000466588,0.003040041,"yes","up",0.67869811276826,0.275623554038713,"tissue_specific","Seed_Silique","silique_stage_3"
"AT2G35900",174.418652,0.16375132,0.052411308,3.124350953,0.001781978,0.009143788,"yes","up",0.602450572220224,0.457837075506025,"tissue_specific","Seed_Silique","seed_stage_10"
"AT2G36220",174.6971306,0.771123322,0.18304172,4.212828199,2.52e-05,0.000269981,"yes","up",0.830697035343405,0.553063583610272,"tissue_specific","Seed_Silique","seed_stage_10"
"AT2G36270",44.56125725,0.64203012,0.115748442,5.546771143,2.91e-08,8.45e-07,"yes","up",0.917797602633823,0.924922706194684,"tissue_specific","Seed_Silique","seed_stage_10"
"AT2G37260",120.4272544,0.471095944,0.129159973,3.647383431,0.000264924,0.001894974,"yes","up",0.753273608444428,0.738535059560535,"tissue_specific","Seed_Silique","seed_stage_7"
"AT2G37380",83.28965405,-0.572121236,0.116294246,-4.919600544,8.67e-07,1.55e-05,"yes","down",0.803098633206451,0.34448651405382,"tissue_specific","Seed_Silique","seed_stage_6"
"AT2G37390",88.53897453,-0.528444717,0.152248258,-3.470940981,0.000518638,0.003312342,"yes","down",0.787130604245347,0.585484868882436,"tissue_specific","Seed_Silique","seed_stage_6"
"AT2G37970",532.0423299,0.384860695,0.077269393,4.980765068,6.33e-07,1.18e-05,"yes","up",0.865181405490784,0.743686309304035,"tissue_specific","Seed_Silique","seed_stage_9"
"AT2G38040",3773.426615,-0.144165497,0.03625659,-3.976256398,7e-05,0.000633275,"yes","down",0.634842782098964,0.329694451805971,"tissue_specific","Seed_Silique","seed_stage_6"
"AT2G38340",33.06007184,3.220498549,0.356931179,9.022743698,1.83e-19,6.45e-17,"yes","up",0.913977757031336,0.951511690273498,"tissue_specific","Seed_Silique","seed_stage_10"
"AT2G38380",2079.578578,-0.142393686,0.057979417,-2.455935115,0.014051853,0.048094117,"yes","down",0.849437071445359,0.811720980009834,"tissue_specific","Seed_Silique","seed_stage_9"
"AT2G38530",937.2550998,0.411182076,0.100166396,4.104990212,4.04e-05,0.000398967,"yes","up",0.810959788489019,0.90923567147646,"tissue_specific","Seed_Silique","seed_stage_8"
"AT2G38830",34.94323513,0.306971535,0.120653298,2.544244886,0.010951428,0.039425474,"yes","up",0.684099329393801,0.537748690055433,"tissue_specific","Seed_Silique","seed_stage_8"
"AT2G40340",57.04735217,1.428985534,0.206581628,6.917292458,4.6e-12,3.77e-10,"yes","up",0.602486350369542,0.296516709991368,"tissue_specific","Seed_Silique","seed_stage_7"
"AT2G40370",81.91614463,0.27070553,0.102417371,2.643160304,0.008213614,0.031380797,"yes","up",0.842102435781988,0.869227292992294,"tissue_specific","Seed_Silique","seed_stage_6"
"AT2G40460",305.3696454,0.461630642,0.161796904,2.8531488,0.004328835,0.018823763,"yes","up",0.803367332546158,0.812711508207302,"tissue_specific","Seed_Silique","seed_stage_9"
"AT2G40830",317.924028,0.17734622,0.046243671,3.835037683,0.000125545,0.001025927,"yes","up",0.67743365461397,0.526875168330131,"tissue_specific","Seed_Silique","seed_stage_10"
"AT2G41010",179.5348938,1.144693798,0.232057091,4.93281111,8.11e-07,1.46e-05,"yes","up",0.602876671278641,0.253107247229489,"tissue_specific","Seed_Silique","silique_stage_4"
"AT2G41230",15.78454355,0.685718849,0.243396689,2.81728914,0.00484309,0.020585317,"yes","up",0.858314956823047,0.966299108260679,"tissue_specific","Seed_Silique","seed_stage_8"
"AT2G41290",96.02172837,-0.381444901,0.0944071,-4.040426018,5.34e-05,0.000504905,"yes","down",0.885071931865735,0.895987379609125,"tissue_specific","Seed_Silique","seed_stage_7"
"AT2G42110",53.37920388,-1.208655791,0.245892705,-4.915378815,8.86e-07,1.58e-05,"yes","down",0.682351914473403,0.399504756045698,"tissue_specific","Seed_Silique","silique_stage_4"
"AT2G42280",216.713389,-0.203125914,0.068365049,-2.971195323,0.002966431,0.013858039,"yes","down",0.812423886536323,0.507718625806019,"tissue_specific","Seed_Silique","seed_stage_10"
"AT2G42290",122.0825881,-0.473077593,0.085263342,-5.548428925,2.88e-08,8.39e-07,"yes","down",0.728187803432918,0.471791371410517,"tissue_specific","Seed_Silique","seed_stage_6"
"AT2G42430",29.88766431,-0.614565388,0.094104641,-6.530659748,6.55e-11,4e-09,"yes","down",0.779560438176756,0.698904959544659,"tissue_specific","Seed_Silique","seed_stage_8"
"AT2G42450",108.4800496,0.287608286,0.057421259,5.008742245,5.48e-07,1.05e-05,"yes","up",0.784750595524548,0.568202363346776,"tissue_specific","Seed_Silique","seed_stage_10"
"AT2G42790",536.2385421,0.198923401,0.056520661,3.519481132,0.000432392,0.002855118,"yes","up",0.829570827242783,0.721416328300542,"tissue_specific","Seed_Silique","seed_stage_10"
"AT2G43050",32.79833269,-0.349808521,0.097785867,-3.577291211,0.000347173,0.002369984,"yes","down",0.929358325170861,0.953701486755528,"tissue_specific","Seed_Silique","silique_stage_4"
"AT2G43060",75.66433356,0.271007612,0.066529281,4.073508831,4.63e-05,0.000448508,"yes","up",0.848752093113598,0.83749389270803,"tissue_specific","Seed_Silique","silique_stage_4"
"AT2G43360",941.8524499,-0.243151456,0.049405876,-4.92150881,8.59e-07,1.53e-05,"yes","down",0.690275157675858,0.380485206540892,"tissue_specific","Seed_Silique","seed_stage_6"
"AT2G43540",115.5845827,-0.141649237,0.049708005,-2.849626271,0.004377063,0.018967004,"yes","down",0.802259960680949,0.612670007127821,"tissue_specific","Seed_Silique","seed_stage_10"
"AT2G44080",138.8780661,0.676498603,0.162236335,4.169834111,3.05e-05,0.000315433,"yes","up",0.627430166067628,0.556997581934091,"tissue_specific","Seed_Silique","seed_stage_10"
"AT2G44450",170.5597202,-0.385891922,0.104590921,-3.689535564,0.000224664,0.001653424,"yes","down",0.838265244851484,0.811496820156016,"tissue_specific","Seed_Silique","seed_stage_8"
"AT2G44980",158.2264595,0.226908467,0.052903058,4.289137043,1.79e-05,0.000201769,"yes","up",0.76762165927847,0.438773697030493,"tissue_specific","Seed_Silique","seed_stage_10"
"AT2G45290",729.359366,0.255327388,0.061764829,4.133863734,3.57e-05,0.000359352,"yes","up",0.860787165034104,0.810611283322081,"tissue_specific","Seed_Silique","seed_stage_10"
"AT2G45470",4000.621303,-0.223489378,0.068255417,-3.274309746,0.001059204,0.00601219,"yes","down",0.602271998533575,0.310927106407127,"tissue_specific","Seed_Silique","silique_stage_3"
"AT2G45830",108.5361681,-0.247028595,0.067043078,-3.68462492,0.00022904,0.001679639,"yes","down",0.91564628028861,0.704744210775503,"tissue_specific","Seed_Silique","silique_stage_4"
"AT2G45900",74.93653403,-0.341951195,0.132620428,-2.578420235,0.009925321,0.036415501,"yes","down",0.914722623187977,0.856813139098369,"tissue_specific","Seed_Silique","seed_stage_7"
"AT2G46530",94.42347462,-0.221140378,0.089579229,-2.46865686,0.01356212,0.046773936,"yes","down",0.679236703601146,0.581179933252618,"tissue_specific","Seed_Silique","seed_stage_6"
"AT2G46990",4.610648852,-0.514246077,0.202559076,-2.538746168,0.011125051,0.039926058,"yes","down",0.626961412150301,0.502092038779432,"tissue_specific","Seed_Silique","seed_stage_8"
"AT2G47260",80.11995192,0.4597169,0.090519886,5.078628794,3.8e-07,7.65e-06,"yes","up",0.654988953422132,0.533277739322216,"tissue_specific","Seed_Silique","seed_stage_9"
"AT2G47670",17.40195144,0.912340321,0.196779836,4.636350649,3.55e-06,5.13e-05,"yes","up",0.876422496027107,0.815231617746689,"tissue_specific","Seed_Silique","silique_stage_4"
"AT2G47780",42.82382775,2.232894736,0.37550352,5.946401614,2.74e-09,1.06e-07,"yes","up",0.909173671722576,0.850779266287764,"tissue_specific","Seed_Silique","seed_stage_10"
"AT3G02480",98.38801827,1.164772763,0.330342499,3.525954929,0.000421959,0.00279484,"yes","up",0.892908207978552,0.968937216358413,"tissue_specific","Seed_Silique","seed_stage_9"
"AT3G02590",5.860207561,0.672721065,0.207144623,3.247591242,0.001163863,0.006492133,"yes","up",0.773414816943718,0.663522852606198,"tissue_specific","Seed_Silique","seed_stage_7"
"AT3G02630",815.1714705,0.135557432,0.034377382,3.943215666,8.04e-05,0.000708214,"yes","up",0.76016307793604,0.586557193787513,"tissue_specific","Seed_Silique","seed_stage_6"
"AT3G02670",15.35401067,1.592899895,0.323492938,4.924063893,8.48e-07,1.52e-05,"yes","up",0.981003008870334,0.888112988159583,"tissue_specific","Seed_Silique","silique_stage_3"
"AT3G02740",371.9505595,0.108799487,0.042027636,2.588760585,0.009632204,0.035539676,"yes","up",0.702794749506281,0.472551957615051,"tissue_specific","Seed_Silique","seed_stage_10"
"AT3G03170",23.88102217,-0.304181494,0.121248891,-2.50873629,0.01211639,0.042728684,"yes","down",0.859960150126035,0.656564774651884,"tissue_specific","Seed_Silique","seed_stage_10"
"AT3G03310",139.2282823,0.177587859,0.07121099,2.49382656,0.012637428,0.044205681,"yes","up",0.807666855496231,0.689718473077882,"tissue_specific","Seed_Silique","seed_stage_10"
"AT3G03320",124.9902282,-0.157046421,0.052515179,-2.990495786,0.00278525,0.013157654,"yes","down",0.814721009041576,0.74087771177568,"tissue_specific","Seed_Silique","seed_stage_10"
"AT3G03490",177.2770977,0.301867016,0.052559005,5.743392911,9.28e-09,3.13e-07,"yes","up",0.791797539153124,0.672040244787081,"tissue_specific","Seed_Silique","seed_stage_9"
"AT3G03620",2.972810248,0.982587188,0.389877222,2.520247742,0.011727226,0.041671074,"yes","up",0.891294467469381,0.909187224413432,"tissue_specific","Seed_Silique","seed_stage_9"
"AT3G06810",657.7119221,0.117990976,0.034776422,3.392844066,0.00069171,0.00421009,"yes","up",0.641017510101701,0.49992084157026,"tissue_specific","Seed_Silique","seed_stage_10"
"AT3G06860",1336.866842,0.127449766,0.039722645,3.208491392,0.001334333,0.00729289,"yes","up",0.677618687967354,0.508688740746801,"tissue_specific","Seed_Silique","seed_stage_10"
"AT3G07360",565.5547065,0.202645457,0.077723673,2.607255283,0.009127129,0.03405949,"yes","up",0.605156507409468,0.351351758372257,"tissue_specific","Seed_Silique","seed_stage_8"
"AT3G07760",306.7002588,0.142412916,0.047307303,3.010379118,0.002609218,0.012458394,"yes","up",0.66497146168895,0.511278523166334,"tissue_specific","Seed_Silique","seed_stage_10"
"AT3G08620",163.5080921,0.318073016,0.084032961,3.785098264,0.000153648,0.001212974,"yes","up",0.612819523132913,0.391781754667208,"tissue_specific","Seed_Silique","seed_stage_7"
"AT3G08690",292.4899464,0.230186065,0.04399292,5.232343408,1.67e-07,3.81e-06,"yes","up",0.684668131909072,0.715005777472106,"tissue_specific","Seed_Silique","seed_stage_10"
"AT3G08720",279.1616869,0.999061091,0.139867455,7.142913188,9.14e-13,8.72e-11,"yes","up",0.786034819045665,0.561718635323014,"tissue_specific","Seed_Silique","seed_stage_9"
"AT3G08860",36.62061423,0.64528512,0.21981619,2.935566854,0.003329389,0.015216656,"yes","up",0.899904973354759,0.917593900837112,"tissue_specific","Seed_Silique","seed_stage_9"
"AT3G10200",62.42566116,-0.298695418,0.116542082,-2.562983377,0.010377702,0.03775792,"yes","down",0.846833059048231,0.886653177656059,"tissue_specific","Seed_Silique","seed_stage_6"
"AT3G11050",53.51151041,0.295275249,0.083984884,3.515814215,0.000438408,0.002888369,"yes","up",0.932158545698637,0.985942214458065,"tissue_specific","Seed_Silique","seed_stage_10"
"AT3G11620",154.5116086,-0.121509977,0.047843748,-2.539725318,0.011093956,0.039847299,"yes","down",0.6536456387915,0.375928478827843,"tissue_specific","Seed_Silique","seed_stage_7"
"AT3G11730",381.9682615,0.260429255,0.048173508,5.406067914,6.44e-08,1.68e-06,"yes","up",0.605624899032026,0.477588432790951,"tissue_specific","Seed_Silique","seed_stage_10"
"AT3G12400",405.5570424,0.259314631,0.090725202,2.85824253,0.004259947,0.018581456,"yes","up",0.605894593304786,0.484450301013335,"tissue_specific","Seed_Silique","seed_stage_10"
"AT3G12580",730.5357056,0.510595981,0.140858778,3.624878681,0.000289097,0.002037945,"yes","up",0.900644506454041,0.861453372227201,"tissue_specific","Seed_Silique","seed_stage_10"
"AT3G12670",1145.655897,0.356122774,0.090807022,3.921753681,8.79e-05,0.00076297,"yes","up",0.841737862747904,0.790416224837388,"tissue_specific","Seed_Silique","seed_stage_7"
"AT3G12830",73.07970185,0.475777217,0.094876463,5.014702316,5.31e-07,1.02e-05,"yes","up",0.664964022955371,0.454062091007028,"tissue_specific","Seed_Silique","seed_stage_10"
"AT3G12920",394.6177218,-0.238975114,0.097553612,-2.449679813,0.01429833,0.048770732,"yes","down",0.864873513364336,0.773637213409994,"tissue_specific","Seed_Silique","seed_stage_9"
"AT3G13330",1096.37566,0.431435409,0.083329307,5.177475045,2.25e-07,4.86e-06,"yes","up",0.737697282047817,0.500682343677103,"tissue_specific","Seed_Silique","seed_stage_9"
"AT3G13350",221.8994203,-0.213497602,0.044224814,-4.827552284,1.38e-06,2.3e-05,"yes","down",0.658736625584186,0.471102271233217,"tissue_specific","Seed_Silique","seed_stage_10"
"AT3G14070",43.09613749,0.280937547,0.075681156,3.712120178,0.00020553,0.001538573,"yes","up",0.789831384650498,0.82183809456308,"tissue_specific","Seed_Silique","seed_stage_10"
"AT3G14130",95.83564819,0.231382478,0.062321879,3.712700625,0.000205059,0.001536388,"yes","up",0.792385707664527,0.671032673370963,"tissue_specific","Seed_Silique","seed_stage_9"
"AT3G14360",52.39908257,0.245512437,0.071167869,3.449765216,0.000561074,0.003534528,"yes","up",0.841118928519861,0.925273801672837,"tissue_specific","Seed_Silique","seed_stage_8"
"AT3G14530",45.71494039,-0.490681315,0.126344388,-3.883681135,0.000102887,0.00087055,"yes","down",0.879827883296827,0.719168612147844,"tissue_specific","Seed_Silique","silique_stage_3"
"AT3G14760",49.9833794,-0.402449049,0.093466376,-4.30581636,1.66e-05,0.000189872,"yes","down",0.929380559771515,0.94161172988234,"tissue_specific","Seed_Silique","silique_stage_5"
"AT3G14880",3.037343314,-0.667140418,0.247286474,-2.697844352,0.006979006,0.027446799,"yes","down",0.871584097732298,0.801343012468928,"tissue_specific","Seed_Silique","seed_stage_10"
"AT3G15180",377.9620882,0.646430526,0.093859992,6.887178613,5.69e-12,4.49e-10,"yes","up",0.774294452506668,0.616313295053919,"tissue_specific","Seed_Silique","seed_stage_10"
"AT3G15210",422.9721805,0.647031851,0.144422121,4.480143678,7.46e-06,9.59e-05,"yes","up",0.783368761809738,0.520876472511946,"tissue_specific","Seed_Silique","seed_stage_9"
"AT3G15260",388.064687,0.285641207,0.052933258,5.396252105,6.8e-08,1.76e-06,"yes","up",0.888427112177571,0.904323988115643,"tissue_specific","Seed_Silique","seed_stage_9"
"AT3G15352",108.7208876,0.177541504,0.056086725,3.165481715,0.001548264,0.00818507,"yes","up",0.826784845275156,0.688289425178127,"tissue_specific","Seed_Silique","seed_stage_8"
"AT3G15690",705.8581693,-0.083402758,0.032845069,-2.53927792,0.011108154,0.039880067,"yes","down",0.611103538034209,0.259997383420394,"tissue_specific","Seed_Silique","seed_stage_6"
"AT3G15780",43.87155959,0.272456377,0.092143648,2.956865536,0.003107836,0.014379091,"yes","up",0.79624003356603,0.725426032226719,"tissue_specific","Seed_Silique","seed_stage_10"
"AT3G16160",3.713641179,0.61276203,0.213487462,2.870248319,0.004101496,0.017998227,"yes","up",0.725014564490009,0.449069737519764,"tissue_specific","Seed_Silique","seed_stage_8"
"AT3G16190",235.2917892,0.143532054,0.049040822,2.926787266,0.003424831,0.015549601,"yes","up",0.821396651902659,0.841925629708995,"tissue_specific","Seed_Silique","seed_stage_8"
"AT3G16270",686.2733119,0.092767497,0.027842274,3.331893733,0.000862572,0.005045729,"yes","up",0.738502909088154,0.547926872061548,"tissue_specific","Seed_Silique","seed_stage_10"
"AT3G16280",27.84154631,-0.290346903,0.104382535,-2.781565945,0.005409734,0.022384353,"yes","down",0.774198575060832,0.564708407917225,"tissue_specific","Seed_Silique","seed_stage_8"
"AT3G16490",35.95793009,-0.580733543,0.126445217,-4.592767967,4.37e-06,6.12e-05,"yes","down",0.636756443530865,0.494617109731194,"tissue_specific","Seed_Silique","seed_stage_8"
"AT3G16770",558.0454474,0.375579468,0.13917906,2.698534312,0.006964556,0.027403877,"yes","up",0.815618259718219,0.797513744924777,"tissue_specific","Seed_Silique","seed_stage_9"
"AT3G16950",931.1957189,-0.206512907,0.061957777,-3.333123219,0.000858769,0.005033993,"yes","down",0.777381774840928,0.569056872105508,"tissue_specific","Seed_Silique","seed_stage_6"
"AT3G16990",101.5982227,0.369526268,0.083812187,4.408980137,1.04e-05,0.000127248,"yes","up",0.800046760635843,0.632288855251436,"tissue_specific","Seed_Silique","seed_stage_10"
"AT3G17600",8.655660103,-0.539122763,0.15528989,-3.471718359,0.000517139,0.003304556,"yes","down",0.890256503039941,0.898615661538109,"tissue_specific","Seed_Silique","silique_stage_3"
"AT3G17640",159.045721,-0.3485836,0.124010486,-2.810920368,0.004940001,0.020899254,"yes","down",0.835373525885026,0.634160517788809,"tissue_specific","Seed_Silique","seed_stage_6"
"AT3G19240",393.3970834,0.382666619,0.043780908,8.740490633,2.32e-18,6.67e-16,"yes","up",0.624125964142049,0.603788095583756,"tissue_specific","Seed_Silique","seed_stage_6"
"AT3G19470",39.52471944,0.188199784,0.0723115,2.602625931,0.009251283,0.034435575,"yes","up",0.602425243977762,0.429627794465508,"tissue_specific","Seed_Silique","seed_stage_9"
"AT3G19580",77.642993,0.969993169,0.164416311,5.899616425,3.64e-09,1.37e-07,"yes","up",0.857471401691294,0.763285670026434,"tissue_specific","Seed_Silique","seed_stage_9"
"AT3G19680",457.3630063,-0.452425314,0.141340329,-3.200964069,0.001369686,0.007442972,"yes","down",0.694410537264925,0.467840134708833,"tissue_specific","Seed_Silique","silique_stage_5"
"AT3G19990",216.2737528,0.333475355,0.070409325,4.736238507,2.18e-06,3.39e-05,"yes","up",0.779344875492882,0.611219805161767,"tissue_specific","Seed_Silique","seed_stage_10"
"AT3G21230",184.2124607,-0.158728176,0.061918952,-2.563482905,0.01036278,0.037715273,"yes","down",0.686218245333264,0.506690493202157,"tissue_specific","Seed_Silique","seed_stage_7"
"AT3G21310",21.52554302,0.861954041,0.19073823,4.519041847,6.21e-06,8.25e-05,"yes","up",0.686689220835338,0.642503574028999,"tissue_specific","Seed_Silique","silique_stage_4"
"AT3G21380",21.58918289,-0.817378478,0.18689344,-4.373500097,1.22e-05,0.000146234,"yes","down",0.973104790637081,0.991254235376112,"tissue_specific","Seed_Silique","seed_stage_10"
"AT3G21520",7.34591155,1.104244122,0.232244733,4.754657338,1.99e-06,3.12e-05,"yes","up",0.91742984929389,0.687682088185335,"tissue_specific","Seed_Silique","seed_stage_10"
"AT3G21620",18.86434697,-0.28923835,0.110235916,-2.62381228,0.008695169,0.03279015,"yes","down",0.795593609933398,0.731552417492065,"tissue_specific","Seed_Silique","silique_stage_4"
"AT3G21840",2.376483444,1.725035243,0.378291002,4.560074741,5.11e-06,7e-05,"yes","up",0.932274169895835,0.948108608604147,"tissue_specific","Seed_Silique","silique_stage_4"
"AT3G21850",24.2060717,4.356492212,0.484817597,8.985837635,2.57e-19,8.65e-17,"yes","up",0.945856991359701,0.990553740816119,"tissue_specific","Seed_Silique","silique_stage_4"
"AT3G21860",4.556026544,2.489561983,0.3769678,6.604176758,4e-11,2.57e-09,"yes","up",0.943479672811362,0.937419195882874,"tissue_specific","Seed_Silique","silique_stage_4"
"AT3G22960",4017.20993,-0.097633059,0.030844769,-3.165303672,0.001549212,0.008188244,"yes","down",0.66192597914505,0.304445027409399,"tissue_specific","Seed_Silique","seed_stage_6"
"AT3G23605",74.64469782,0.24638154,0.062402923,3.948237153,7.87e-05,0.000695605,"yes","up",0.667290855042726,0.49775341453806,"tissue_specific","Seed_Silique","seed_stage_9"
"AT3G24180",932.5222608,0.1294619,0.040936392,3.162513732,0.001564134,0.008241243,"yes","up",0.645154511992136,0.259096288961119,"tissue_specific","Seed_Silique","seed_stage_10"
"AT3G24340",28.81938393,0.254691953,0.098196016,2.593709629,0.009494664,0.035152774,"yes","up",0.836923441688026,0.815184516937218,"tissue_specific","Seed_Silique","seed_stage_6"
"AT3G24520",190.2540836,-0.259293633,0.093969373,-2.759341949,0.00579179,0.023621082,"yes","down",0.852775613244586,0.639286161713364,"tissue_specific","Seed_Silique","seed_stage_9"
"AT3G25510",36.31356146,0.772662652,0.148123203,5.21635123,1.82e-07,4.09e-06,"yes","up",0.663132279353678,0.393935471811847,"tissue_specific","Seed_Silique","seed_stage_10"
"AT3G25860",2271.956587,-0.222530899,0.036470867,-6.101607029,1.05e-09,4.52e-08,"yes","down",0.654388972301483,0.237083970801143,"tissue_specific","Seed_Silique","seed_stage_6"
"AT3G26120",5.386623596,-0.539399392,0.207220892,-2.60301646,0.009240752,0.034412676,"yes","down",0.833787871002594,0.579875411039211,"tissue_specific","Seed_Silique","seed_stage_7"
"AT3G26380",280.8111655,0.278552393,0.059971483,4.644747419,3.4e-06,4.95e-05,"yes","up",0.631175960184823,0.620001189449489,"tissue_specific","Seed_Silique","seed_stage_10"
"AT3G26744",720.925496,-0.159496928,0.039801636,-4.007295748,6.14e-05,0.000569778,"yes","down",0.693457730545337,0.765394047664036,"tissue_specific","Seed_Silique","seed_stage_6"
"AT3G27510",27.48257613,-0.264762856,0.095677995,-2.767228289,0.005653515,0.023189544,"yes","down",0.672549801846041,0.281126458232719,"tissue_specific","Seed_Silique","seed_stage_9"
"AT3G28620",6.989115484,0.409778224,0.157661172,2.5991068,0.009346669,0.034719355,"yes","up",0.622539954937673,0.355827492189315,"tissue_specific","Seed_Silique","seed_stage_9"
"AT3G42860",128.1003568,1.558687536,0.194905979,7.997125291,1.27e-15,2.19e-13,"yes","up",0.916209885581783,0.865866818270173,"tissue_specific","Seed_Silique","seed_stage_10"
"AT3G47640",259.2058252,0.553357173,0.194886017,2.839388794,0.004520005,0.01947187,"yes","up",0.80792372580141,0.74662536997058,"tissue_specific","Seed_Silique","seed_stage_10"
"AT3G48050",1239.235107,0.079826393,0.03152966,2.531787313,0.01134828,0.040519996,"yes","up",0.600729727754676,0.468507344255032,"tissue_specific","Seed_Silique","seed_stage_10"
"AT3G49260",457.5248692,-0.206080394,0.05159255,-3.994382798,6.49e-05,0.000595411,"yes","down",0.717044742962605,0.381527739391012,"tissue_specific","Seed_Silique","seed_stage_6"
"AT3G49950",31.94199242,-0.476929461,0.147748343,-3.227985177,0.001246654,0.00688068,"yes","down",0.770063734615758,0.756442236199363,"tissue_specific","Seed_Silique","seed_stage_10"
"AT3G50060",235.4536565,1.01340489,0.266085986,3.808561688,0.000139777,0.001122649,"yes","up",0.702700320345186,0.496818876073525,"tissue_specific","Seed_Silique","seed_stage_10"
"AT3G50230",21.59530438,-0.487019935,0.122114462,-3.988224862,6.66e-05,0.000609415,"yes","down",0.848903445284869,0.621259568527226,"tissue_specific","Seed_Silique","seed_stage_6"
"AT3G51510",924.0715241,-0.120947398,0.041525608,-2.912597894,0.003584358,0.016134061,"yes","down",0.695314963916199,0.571374458572082,"tissue_specific","Seed_Silique","seed_stage_9"
"AT3G51750",47.97661898,-0.302061277,0.121343606,-2.489305272,0.012799301,0.044648247,"yes","down",0.908533558124522,0.887357413404709,"tissue_specific","Seed_Silique","seed_stage_8"
"AT3G51970",45.01072885,0.519837114,0.156401272,3.323739671,0.000888191,0.00517354,"yes","up",0.652726980840483,0.308796079466074,"tissue_specific","Seed_Silique","seed_stage_8"
"AT3G52290",180.5080382,-0.143199345,0.055190834,-2.594621896,0.009469503,0.035081658,"yes","down",0.62315858375927,0.453696585372998,"tissue_specific","Seed_Silique","seed_stage_7"
"AT3G52340",601.7856059,0.251183715,0.072678582,3.45608991,0.000548072,0.003464659,"yes","up",0.685693417752658,0.435918355436737,"tissue_specific","Seed_Silique","seed_stage_9"
"AT3G52540",32.84590949,-0.522721454,0.093749469,-5.575727066,2.46e-08,7.3e-07,"yes","down",0.626293108587801,0.619586882061447,"tissue_specific","Seed_Silique","silique_stage_4"
"AT3G52770",15.71109785,-0.32611485,0.1290491,-2.527060235,0.011502177,0.040982592,"yes","down",0.800966912311721,0.774064410064872,"tissue_specific","Seed_Silique","seed_stage_8"
"AT3G52920",488.6230745,-0.358653834,0.057627498,-6.223657929,4.86e-10,2.35e-08,"yes","down",0.625516527307632,0.421866637898865,"tissue_specific","Seed_Silique","seed_stage_7"
"AT3G53040",44.33955046,2.075277797,0.434444428,4.776854444,1.78e-06,2.85e-05,"yes","up",0.950343349233664,0.997070090489475,"tissue_specific","Seed_Silique","seed_stage_10"
"AT3G53230",430.3584703,0.982026703,0.139813719,7.02382217,2.16e-12,1.89e-10,"yes","up",0.895319844622355,0.779613410802622,"tissue_specific","Seed_Silique","seed_stage_10"
"AT3G53400",219.2748321,0.415024095,0.066077474,6.280871053,3.37e-10,1.68e-08,"yes","up",0.704954590705399,0.562630782541887,"tissue_specific","Seed_Silique","silique_stage_4"
"AT3G53970",364.5120552,0.230046686,0.047315819,4.861940269,1.16e-06,1.97e-05,"yes","up",0.653443094412985,0.436248715396367,"tissue_specific","Seed_Silique","seed_stage_10"
"AT3G53990",1313.167041,0.273880601,0.069042852,3.966820483,7.28e-05,0.000654003,"yes","up",0.619184875428472,0.455006967268576,"tissue_specific","Seed_Silique","seed_stage_8"
"AT3G54140",398.6610429,0.282988067,0.075486229,3.74887011,0.000177633,0.001363512,"yes","up",0.675708194182707,0.566611696237967,"tissue_specific","Seed_Silique","silique_stage_4"
"AT3G54200",165.3162823,0.310678352,0.091309654,3.402469949,0.000667797,0.004087764,"yes","up",0.679713263016825,0.421966333125382,"tissue_specific","Seed_Silique","silique_stage_4"
"AT3G54270",66.62834247,0.607467984,0.109709227,5.53707289,3.08e-08,8.87e-07,"yes","up",0.690702417316279,0.526619339218977,"tissue_specific","Seed_Silique","seed_stage_7"
"AT3G54320",147.7252939,-0.181913131,0.060218371,-3.020890956,0.002520321,0.012082882,"yes","down",0.886709705165349,0.91234493632295,"tissue_specific","Seed_Silique","seed_stage_6"
"AT3G54520",3.909063984,1.352003981,0.310756731,4.35068285,1.36e-05,0.00015972,"yes","up",0.749441427364778,0.355416755242418,"tissue_specific","Seed_Silique","seed_stage_9"
"AT3G54940",8.040029947,-1.067667235,0.419323952,-2.546163245,0.010891424,0.039239423,"yes","down",0.921875173479571,0.997893809959709,"tissue_specific","Seed_Silique","seed_stage_10"
"AT3G55110",212.9723475,0.444951424,0.155022266,2.870242042,0.004101577,0.017998227,"yes","up",0.732065623414549,0.813454915488468,"tissue_specific","Seed_Silique","silique_stage_3"
"AT3G55550",2.884567046,-0.6732476,0.244502225,-2.753543864,0.005895387,0.023960682,"yes","down",0.605185653334107,0.3692204418232,"tissue_specific","Seed_Silique","seed_stage_8"
"AT3G56880",670.3768843,1.288776355,0.245678672,5.245780372,1.56e-07,3.58e-06,"yes","up",0.788569419694312,0.697206319587861,"tissue_specific","Seed_Silique","seed_stage_10"
"AT3G57160",35.84894871,-0.35988742,0.107743699,-3.340217783,0.000837127,0.004923552,"yes","down",0.686987684393959,0.297432958739438,"tissue_specific","Seed_Silique","silique_stage_3"
"AT3G57240",10.88894969,1.373473805,0.351487305,3.907605723,9.32e-05,0.000801694,"yes","up",0.943426315396806,0.697245540368588,"tissue_specific","Seed_Silique","silique_stage_4"
"AT3G59840",282.6420324,-0.10537441,0.038616372,-2.728749611,0.006357496,0.025431061,"yes","down",0.627693760825208,0.450887728197332,"tissue_specific","Seed_Silique","seed_stage_10"
"AT3G59900",68.15512547,0.348806022,0.14160647,2.46320682,0.013770046,0.04734558,"yes","up",0.819737823352791,0.81979187413492,"tissue_specific","Seed_Silique","seed_stage_8"
"AT3G60220",72.50020299,-0.341565935,0.093595531,-3.649382952,0.000262871,0.001884055,"yes","down",0.817333364707843,0.794128399902399,"tissue_specific","Seed_Silique","seed_stage_9"
"AT3G60690",117.8913383,0.280245521,0.061441882,4.561148049,5.09e-06,6.97e-05,"yes","up",0.803268179402411,0.695002331844143,"tissue_specific","Seed_Silique","seed_stage_8"
"AT3G60900",164.9420299,-0.630394936,0.151751923,-4.154114975,3.27e-05,0.000334248,"yes","down",0.821083260254204,0.844635343396798,"tissue_specific","Seed_Silique","silique_stage_3"
"AT3G61090",14.63322852,2.471852934,0.31396187,7.873099158,3.46e-15,5.51e-13,"yes","up",0.644612803341137,0.540396731545472,"tissue_specific","Seed_Silique","silique_stage_4"
"AT3G61900",6.543230661,-0.566602425,0.167362451,-3.385481162,0.000710536,0.004306881,"yes","down",0.744760408629254,0.807231230111633,"tissue_specific","Seed_Silique","seed_stage_9"
"AT3G61980",85.53546205,0.203266718,0.076394372,2.66075513,0.007796564,0.030074415,"yes","up",0.815159422993201,0.7066553171753,"tissue_specific","Seed_Silique","seed_stage_10"
"AT3G62100",19.34628983,-0.443772201,0.130436047,-3.402220558,0.000668407,0.004090434,"yes","down",0.845110434600821,0.827584344526757,"tissue_specific","Seed_Silique","seed_stage_10"
"AT3G62260",126.1418674,0.380815837,0.103135547,3.692381999,0.000222163,0.001639142,"yes","up",0.825118373331507,0.67219469188303,"tissue_specific","Seed_Silique","seed_stage_8"
"AT4G01140",33.05300287,-0.362432768,0.130598405,-2.775169935,0.005517287,0.022765449,"yes","down",0.864111791229727,0.683515125963984,"tissue_specific","Seed_Silique","silique_stage_4"
"AT4G01870",819.4164064,0.727423174,0.135858928,5.35425373,8.59e-08,2.15e-06,"yes","up",0.874808076109248,0.395138128820865,"tissue_specific","Seed_Silique","seed_stage_9"
"AT4G02670",11.58507472,0.729900463,0.205659494,3.549072537,0.000386591,0.002594846,"yes","up",0.777101788057519,0.495415950860063,"tissue_specific","Seed_Silique","silique_stage_3"
"AT4G03320",118.3437997,0.566831726,0.102371846,5.536988431,3.08e-08,8.87e-07,"yes","up",0.848836589779037,0.834190904549713,"tissue_specific","Seed_Silique","seed_stage_10"
"AT4G04460",76.52357459,-0.370096422,0.094652365,-3.910059949,9.23e-05,0.000795013,"yes","down",0.772900564114694,0.885296842070841,"tissue_specific","Seed_Silique","seed_stage_7"
"AT4G04840",926.2259242,-0.37617832,0.098449884,-3.821013345,0.000132904,0.001075509,"yes","down",0.867450703716655,0.79803756496671,"tissue_specific","Seed_Silique","seed_stage_9"
"AT4G05320",19151.84774,0.203551151,0.065806537,3.093175219,0.001980272,0.009953293,"yes","up",0.632001074594471,0.41455762309353,"tissue_specific","Seed_Silique","seed_stage_9"
"AT4G11100",376.0796459,-0.131036921,0.041384547,-3.166324886,0.001543783,0.008177885,"yes","down",0.715909339614374,0.4694095763691,"tissue_specific","Seed_Silique","silique_stage_3"
"AT4G11140",52.43837994,-0.73650786,0.134212744,-5.487614961,4.07e-08,1.13e-06,"yes","down",0.886361188419035,0.755564652153021,"tissue_specific","Seed_Silique","seed_stage_10"
"AT4G11600",2280.12682,0.286933287,0.062342304,4.602545425,4.17e-06,5.87e-05,"yes","up",0.736684159021788,0.534926925769154,"tissue_specific","Seed_Silique","seed_stage_10"
"AT4G11800",388.8200989,0.198576077,0.061359707,3.236261794,0.001211063,0.006709372,"yes","up",0.658896202524154,0.514380677078413,"tissue_specific","Seed_Silique","seed_stage_9"
"AT4G12250",172.3330219,0.232907271,0.051934812,4.484607981,7.3e-06,9.43e-05,"yes","up",0.656685772560655,0.704221481992947,"tissue_specific","Seed_Silique","seed_stage_7"
"AT4G12700",221.6396399,-0.107929714,0.040031222,-2.696138395,0.007014852,0.027566347,"yes","down",0.81159888798228,0.716389819305785,"tissue_specific","Seed_Silique","seed_stage_6"
"AT4G13050",467.9976008,-0.135356799,0.04619352,-2.930211873,0.00338731,0.015429768,"yes","down",0.709647117188324,0.396300910443913,"tissue_specific","Seed_Silique","seed_stage_6"
"AT4G13345",115.8447738,0.213843211,0.068264618,3.132562915,0.001732873,0.008928746,"yes","up",0.611350534434094,0.494222739547909,"tissue_specific","Seed_Silique","seed_stage_7"
"AT4G14360",1002.649362,-0.11014951,0.033881868,-3.250986941,0.001150051,0.006425732,"yes","down",0.623023117126711,0.272235316173539,"tissue_specific","Seed_Silique","seed_stage_10"
"AT4G14980",20.64197279,-0.492521077,0.155756763,-3.162116795,0.001566267,0.008248798,"yes","down",0.915946964812287,0.900092593692676,"tissue_specific","Seed_Silique","seed_stage_6"
"AT4G16250",242.0970771,0.229288119,0.069371929,3.305200274,0.000949086,0.005479499,"yes","up",0.797090588398736,0.486275852186674,"tissue_specific","Seed_Silique","seed_stage_10"
"AT4G16442",164.2533428,0.142377282,0.054558276,2.609636738,0.009063841,0.033871581,"yes","up",0.716167823502791,0.543756328320069,"tissue_specific","Seed_Silique","seed_stage_6"
"AT4G17060",254.8636074,-0.096920242,0.037444066,-2.588400605,0.009642277,0.035570797,"yes","down",0.611625255766328,0.40513470909221,"tissue_specific","Seed_Silique","seed_stage_10"
"AT4G17140",1252.521454,0.165443209,0.041964227,3.942481974,8.06e-05,0.000709855,"yes","up",0.671402093445187,0.378142382682925,"tissue_specific","Seed_Silique","seed_stage_9"
"AT4G17660",4.440361107,1.907693166,0.354096046,5.387502034,7.14e-08,1.83e-06,"yes","up",0.872603360841198,0.81311977442353,"tissue_specific","Seed_Silique","silique_stage_5"
"AT4G17840",616.2085436,0.231844805,0.076732675,3.021461281,0.002515578,0.012067506,"yes","up",0.791391448218096,0.736900599258608,"tissue_specific","Seed_Silique","seed_stage_10"
"AT4G19380",224.0801898,-0.36003442,0.10078996,-3.572125844,0.000354095,0.002409667,"yes","down",0.840105699903805,0.911937024156801,"tissue_specific","Seed_Silique","seed_stage_6"
"AT4G19420",232.6544506,0.270726828,0.098833645,2.739217268,0.006158566,0.024807908,"yes","up",0.719266448059693,0.285316899649875,"tissue_specific","Seed_Silique","silique_stage_5"
"AT4G20170",354.6440395,0.322425665,0.067203404,4.797757959,1.6e-06,2.6e-05,"yes","up",0.669236610367433,0.430497458371537,"tissue_specific","Seed_Silique","seed_stage_10"
"AT4G22110",17.37648744,-0.388907103,0.126600089,-3.071933877,0.002126768,0.010559037,"yes","down",0.910544131305608,0.718547446138638,"tissue_specific","Seed_Silique","silique_stage_4"
"AT4G22756",197.4266499,-0.125623373,0.043913365,-2.860709313,0.004226944,0.018476128,"yes","down",0.627906146211005,0.203490385888371,"tissue_specific","Seed_Silique","seed_stage_6"
"AT4G22920",165.424621,0.363911398,0.100842084,3.608725494,0.000307705,0.002146015,"yes","up",0.837443008035595,0.855667168122091,"tissue_specific","Seed_Silique","seed_stage_10"
"AT4G23010",366.673129,0.222191076,0.057539708,3.861525927,0.000112681,0.00093788,"yes","up",0.706808310301317,0.434007692002979,"tissue_specific","Seed_Silique","seed_stage_7"
"AT4G23070",12.10201156,-0.460569065,0.179881909,-2.560396797,0.010455271,0.037951877,"yes","down",0.696191603272764,0.422411738297253,"tissue_specific","Seed_Silique","seed_stage_6"
"AT4G24040",50.64766854,0.254273369,0.09485603,2.680624185,0.007348499,0.02864663,"yes","up",0.693787883941205,0.81476517747898,"tissue_specific","Seed_Silique","seed_stage_9"
"AT4G24110",56.42591892,1.248491778,0.29073102,4.294319121,1.75e-05,0.000198115,"yes","up",0.90844301284533,0.867047252153029,"tissue_specific","Seed_Silique","seed_stage_8"
"AT4G24220",2193.47316,0.123310614,0.041618217,2.962899998,0.003047556,0.014150094,"yes","up",0.76935041620587,0.548832913184422,"tissue_specific","Seed_Silique","seed_stage_10"
"AT4G24660",237.7915303,-0.366946131,0.081919732,-4.479337561,7.49e-06,9.62e-05,"yes","down",0.861401914723713,0.846557478889689,"tissue_specific","Seed_Silique","seed_stage_8"
"AT4G25490",12.43486289,1.849246079,0.430749021,4.293094098,1.76e-05,0.000198957,"yes","up",0.722948462566595,0.572270323435116,"tissue_specific","Seed_Silique","silique_stage_4"
"AT4G25580",31.65784131,1.219038009,0.390891943,3.11860613,0.001817087,0.009289566,"yes","up",0.938173937876653,0.983238034918041,"tissue_specific","Seed_Silique","seed_stage_10"
"AT4G25760",27.77766127,-0.388880655,0.126451134,-3.075343367,0.002102603,0.010469934,"yes","down",0.638968515223268,0.566536101375762,"tissue_specific","Seed_Silique","silique_stage_3"
"AT4G25830",274.7811229,0.260131413,0.092270391,2.819229552,0.004813908,0.020501942,"yes","up",0.734772949529669,0.58371086782265,"tissue_specific","Seed_Silique","silique_stage_4"
"AT4G26120",27.94371549,1.066630597,0.163468997,6.52497183,6.8e-11,4.12e-09,"yes","up",0.812252697324267,0.469904334545506,"tissue_specific","Seed_Silique","seed_stage_9"
"AT4G26200",59.6962108,1.035597284,0.152745555,6.779884921,1.2e-11,8.64e-10,"yes","up",0.895402125334067,0.894053164845937,"tissue_specific","Seed_Silique","seed_stage_7"
"AT4G26460",2.55073812,1.28119069,0.331484621,3.86500793,0.000111086,0.000928918,"yes","up",0.739842236424784,0.685424623825242,"tissue_specific","Seed_Silique","seed_stage_7"
"AT4G27150",4.100272443,1.371060576,0.402711745,3.404570624,0.000662682,0.004060669,"yes","up",0.905452148227052,0.999779818709921,"tissue_specific","Seed_Silique","seed_stage_9"
"AT4G27652",54.56421111,0.377827982,0.142603621,2.649497812,0.008061149,0.030878368,"yes","up",0.80441265369873,0.44821342341486,"tissue_specific","Seed_Silique","seed_stage_8"
"AT4G27780",173.4751081,0.160824052,0.051109418,3.146661778,0.001651459,0.008614702,"yes","up",0.883952306571265,0.862964704753997,"tissue_specific","Seed_Silique","seed_stage_9"
"AT4G28190",223.8902936,-0.318669569,0.081521227,-3.909037933,9.27e-05,0.000797801,"yes","down",0.801388406376153,0.701679262634591,"tissue_specific","Seed_Silique","seed_stage_6"
"AT4G28390",73.51378175,0.740275656,0.111703277,6.627161497,3.42e-11,2.21e-09,"yes","up",0.712445700467443,0.594778255988079,"tissue_specific","Seed_Silique","seed_stage_7"
"AT4G28460",3.988744119,1.680077095,0.341316829,4.922338867,8.55e-07,1.53e-05,"yes","up",0.836229840351493,0.479582877780092,"tissue_specific","Seed_Silique","seed_stage_10"
"AT4G28520",4.022235732,-1.041812468,0.395086194,-2.636924512,0.008366145,0.031829427,"yes","down",0.908133130882687,0.998423460989892,"tissue_specific","Seed_Silique","seed_stage_9"
"AT4G28703",9.627820021,0.657780014,0.219275844,2.999783301,0.002701717,0.012813656,"yes","up",0.744001702551377,0.446945401952169,"tissue_specific","Seed_Silique","seed_stage_6"
"AT4G28780",667.165169,-0.44629256,0.105183042,-4.243008665,2.21e-05,0.000240577,"yes","down",0.827960813366307,0.541216344151715,"tissue_specific","Seed_Silique","silique_stage_3"
"AT4G28950",175.3748896,1.532508894,0.230285492,6.654821727,2.84e-11,1.87e-09,"yes","up",0.769033653761262,0.567750724242685,"tissue_specific","Seed_Silique","seed_stage_6"
"AT4G29140",450.4562477,-0.21877308,0.076896374,-2.845037665,0.004440617,0.019178943,"yes","down",0.770607863614557,0.632217209434301,"tissue_specific","Seed_Silique","seed_stage_10"
"AT4G29240",82.39442359,-0.338344484,0.077702385,-4.354364184,1.33e-05,0.000157295,"yes","down",0.737165544153104,0.684835413213838,"tissue_specific","Seed_Silique","seed_stage_6"
"AT4G29610",34.80547528,0.540353622,0.160308576,3.370709384,0.000749749,0.004498043,"yes","up",0.708450707886853,0.437534332430521,"tissue_specific","Seed_Silique","silique_stage_3"
"AT4G29780",336.6679925,2.090132702,0.346344444,6.034838263,1.59e-09,6.58e-08,"yes","up",0.663542480645004,0.293679089345875,"tissue_specific","Seed_Silique","seed_stage_8"
"AT4G29820",81.18330663,0.420514076,0.08049199,5.224297198,1.75e-07,3.94e-06,"yes","up",0.80462465027099,0.625036543606506,"tissue_specific","Seed_Silique","seed_stage_10"
"AT4G30400",168.680005,-0.177549383,0.071342901,-2.488676258,0.012821966,0.044705252,"yes","down",0.638282035220635,0.521232178328439,"tissue_specific","Seed_Silique","silique_stage_5"
"AT4G30790",548.8392154,0.242180353,0.064020272,3.782869808,0.000155031,0.001221027,"yes","up",0.602214280138322,0.420889519446349,"tissue_specific","Seed_Silique","seed_stage_10"
"AT4G30935",231.4744894,0.137233654,0.044118981,3.110535459,0.001867485,0.009505985,"yes","up",0.796949633362172,0.665611632242129,"tissue_specific","Seed_Silique","seed_stage_10"
"AT4G31590",656.2916986,-0.116764122,0.046489924,-2.511600591,0.012018503,0.042462855,"yes","down",0.897248202676084,0.843883202783335,"tissue_specific","Seed_Silique","seed_stage_9"
"AT4G31670",185.6755334,0.241192643,0.059094219,4.081493036,4.47e-05,0.00043516,"yes","up",0.760569701075548,0.699944338162876,"tissue_specific","Seed_Silique","seed_stage_10"
"AT4G31860",357.093129,0.229410087,0.074273223,3.088732087,0.002010126,0.010092589,"yes","up",0.719017216951469,0.472161966873081,"tissue_specific","Seed_Silique","seed_stage_10"
"AT4G31950",2.16113391,1.447733278,0.367885085,3.935286694,8.31e-05,0.00072847,"yes","up",0.763355075408455,0.390580018443799,"tissue_specific","Seed_Silique","seed_stage_9"
"AT4G33070",204.8280497,0.550364397,0.147085748,3.741792825,0.000182712,0.001394326,"yes","up",0.923462945178911,0.849072109414398,"tissue_specific","Seed_Silique","silique_stage_5"
"AT4G33985",33.584011,0.471427175,0.144711667,3.257699848,0.001123191,0.006298047,"yes","up",0.668138849798907,0.329229920884691,"tissue_specific","Seed_Silique","seed_stage_8"
"AT4G34250",159.3388993,-0.334430288,0.104802099,-3.191064785,0.001417495,0.007635879,"yes","down",0.881222200366424,0.927097382313287,"tissue_specific","Seed_Silique","seed_stage_7"
"AT4G34320",26.79869975,1.508528881,0.235524275,6.404982598,1.5e-10,8.3e-09,"yes","up",0.878579260603482,0.883278878444948,"tissue_specific","Seed_Silique","seed_stage_9"
"AT4G34620",6084.943993,-0.102790975,0.031929689,-3.219291457,0.001285078,0.007058048,"yes","down",0.629957050086111,0.408566125439483,"tissue_specific","Seed_Silique","seed_stage_9"
"AT4G34890",915.6947503,0.138296829,0.044505355,3.107419988,0.001887281,0.009577797,"yes","up",0.806192416519893,0.691383474964564,"tissue_specific","Seed_Silique","seed_stage_10"
"AT4G35480",59.49001482,0.60275702,0.1726968,3.490261656,0.000482548,0.003128168,"yes","up",0.712834423407099,0.558904061606922,"tissue_specific","Seed_Silique","seed_stage_9"
"AT4G35560",206.5722067,-0.204685309,0.055910099,-3.660972065,0.00025126,0.001817415,"yes","down",0.714359327931557,0.585927987778219,"tissue_specific","Seed_Silique","seed_stage_7"
"AT4G35590",9.842481036,0.680811447,0.187587372,3.629303189,0.000284187,0.00200874,"yes","up",0.660460483172365,0.507502870723683,"tissue_specific","Seed_Silique","seed_stage_10"
"AT4G35720",28.28058923,-0.445664083,0.160957496,-2.768830871,0.005625783,0.02309591,"yes","down",0.756235675047714,0.486810306631851,"tissue_specific","Seed_Silique","seed_stage_7"
"AT4G35985",91.06581845,0.451867587,0.095934112,4.710186801,2.47e-06,3.77e-05,"yes","up",0.768824578042166,0.527895528075616,"tissue_specific","Seed_Silique","silique_stage_4"
"AT4G36210",639.9453581,0.146848911,0.04310494,3.406776829,0.000657349,0.004033232,"yes","up",0.772276072611137,0.663277187999871,"tissue_specific","Seed_Silique","seed_stage_9"
"AT4G36620",24.06918828,0.39812502,0.120566559,3.302118132,0.000959576,0.005531938,"yes","up",0.922155969620043,0.883194968784716,"tissue_specific","Seed_Silique","seed_stage_9"
"AT4G36700",136.9092543,1.857226233,0.354717934,5.23578329,1.64e-07,3.75e-06,"yes","up",0.871843155714237,0.99906931622741,"tissue_specific","Seed_Silique","seed_stage_9"
"AT4G38740",2952.400685,-0.227031959,0.050169148,-4.525330129,6.03e-06,8.04e-05,"yes","down",0.77608682869518,0.66754394323445,"tissue_specific","Seed_Silique","seed_stage_10"
"AT4G38840",395.6665921,-0.306031769,0.119934496,-2.551657595,0.010721183,0.038756242,"yes","down",0.718628481470331,0.579785413737632,"tissue_specific","Seed_Silique","silique_stage_3"
"AT4G39500",16.11879298,2.311495655,0.312380247,7.399621697,1.37e-13,1.52e-11,"yes","up",0.74579672318259,0.809991276295757,"tissue_specific","Seed_Silique","seed_stage_10"
"AT4G39780",187.0927787,0.543540641,0.13164451,4.128851557,3.65e-05,0.000366024,"yes","up",0.668413209371546,0.370573241536638,"tissue_specific","Seed_Silique","seed_stage_9"
"AT4G39890",42.10307789,0.576902112,0.14154639,4.075710529,4.59e-05,0.000445383,"yes","up",0.849023766122554,0.523072775992942,"tissue_specific","Seed_Silique","seed_stage_9"
"AT4G39900",474.0433855,0.204946075,0.076778829,2.66930451,0.007600851,0.029421157,"yes","up",0.699231695947989,0.39373613711026,"tissue_specific","Seed_Silique","seed_stage_6"
"AT5G01015",83.18497757,-0.449474619,0.101397433,-4.43280077,9.3e-06,0.000115648,"yes","down",0.712327517495559,0.48337839018842,"tissue_specific","Seed_Silique","silique_stage_3"
"AT5G01075",74.90262806,-0.234394195,0.07123546,-3.290414553,0.001000399,0.00573502,"yes","down",0.852633194235375,0.801949920493927,"tissue_specific","Seed_Silique","seed_stage_7"
"AT5G01380",6.735651854,0.974816619,0.267266962,3.647351739,0.000264957,0.001894974,"yes","up",0.682666426523757,0.474547358598174,"tissue_specific","Seed_Silique","seed_stage_9"
"AT5G02890",230.0038194,-0.33021968,0.117601449,-2.807955876,0.004985706,0.021047285,"yes","down",0.731914158012514,0.22625805366238,"tissue_specific","Seed_Silique","silique_stage_4"
"AT5G03560",201.8344018,0.169682817,0.050591075,3.354006967,0.000796504,0.004729466,"yes","up",0.623492307861772,0.361226906787323,"tissue_specific","Seed_Silique","seed_stage_10"
"AT5G03640",29.72802109,-0.373925692,0.142021798,-2.632875356,0.008466541,0.032132903,"yes","down",0.88763777940724,0.803445253838666,"tissue_specific","Seed_Silique","seed_stage_9"
"AT5G04340",120.5641527,1.273359493,0.223153861,5.706195213,1.16e-08,3.79e-07,"yes","up",0.777660604273399,0.665756811228512,"tissue_specific","Seed_Silique","seed_stage_8"
"AT5G04410",904.874877,0.151605225,0.03036238,4.993193044,5.94e-07,1.12e-05,"yes","up",0.67441201710856,0.518966017022402,"tissue_specific","Seed_Silique","seed_stage_10"
"AT5G04530",619.2048699,-0.498888453,0.110622124,-4.509843367,6.49e-06,8.54e-05,"yes","down",0.843136790742842,0.770463689606578,"tissue_specific","Seed_Silique","silique_stage_4"
"AT5G04770",149.2134056,-0.39162923,0.148415487,-2.638735607,0.008321585,0.031721334,"yes","down",0.678675655835045,0.657064181435296,"tissue_specific","Seed_Silique","seed_stage_6"
"AT5G05320",23.17972534,0.431715253,0.156127586,2.765143969,0.005689768,0.023309853,"yes","up",0.937539260179657,0.872136840911368,"tissue_specific","Seed_Silique","seed_stage_10"
"AT5G05600",285.5670788,0.501870013,0.18920062,2.652581226,0.007987891,0.030672511,"yes","up",0.756220690659701,0.298374049346512,"tissue_specific","Seed_Silique","seed_stage_9"
"AT5G06250",21.66058344,-0.616167547,0.150427045,-4.096122124,4.2e-05,0.000412505,"yes","down",0.656925197785588,0.401904945174317,"tissue_specific","Seed_Silique","silique_stage_3"
"AT5G06360",1301.946248,-0.141560021,0.041829478,-3.384216803,0.000713816,0.004324541,"yes","down",0.605746294778885,0.426324679492744,"tissue_specific","Seed_Silique","seed_stage_10"
"AT5G06370",281.4296813,0.168327885,0.062432481,2.696158844,0.007014421,0.027566347,"yes","up",0.777880152486122,0.653293090252656,"tissue_specific","Seed_Silique","seed_stage_10"
"AT5G06750",192.0864491,0.158619947,0.05658889,2.803022798,0.005062609,0.021326105,"yes","up",0.736616467133945,0.568074882949925,"tissue_specific","Seed_Silique","seed_stage_9"
"AT5G07000",173.2468138,-0.254527011,0.085390841,-2.980729643,0.002875625,0.01350341,"yes","down",0.87897155824696,0.771261408937432,"tissue_specific","Seed_Silique","seed_stage_9"
"AT5G07030",1521.70623,-0.281517091,0.104322222,-2.69853428,0.006964556,0.027403877,"yes","down",0.630961706369994,0.394794942868625,"tissue_specific","Seed_Silique","seed_stage_6"
"AT5G07200",7.116680994,-0.601118838,0.194935708,-3.083677397,0.002044592,0.010239848,"yes","down",0.908666175388846,0.99482243507296,"tissue_specific","Seed_Silique","seed_stage_7"
"AT5G07390",46.90834395,0.407933214,0.094640463,4.310346762,1.63e-05,0.000186795,"yes","up",0.847654877338354,0.846932361438878,"tissue_specific","Seed_Silique","seed_stage_7"
"AT5G07830",300.154192,0.179854575,0.046783956,3.844364378,0.000120865,0.000994818,"yes","up",0.836999042484847,0.805454246561303,"tissue_specific","Seed_Silique","seed_stage_9"
"AT5G07920",283.0115159,0.148750489,0.039690705,3.7477412,0.000178434,0.00136877,"yes","up",0.605478776114677,0.554423045253704,"tissue_specific","Seed_Silique","silique_stage_5"
"AT5G08360",32.40830642,0.261451477,0.086086284,3.037086317,0.00238877,0.011579372,"yes","up",0.903020698054295,0.865256578092133,"tissue_specific","Seed_Silique","seed_stage_7"
"AT5G08430",254.9416893,-0.129556372,0.042602539,-3.041048145,0.002357561,0.011463456,"yes","down",0.705412881685784,0.677691686808353,"tissue_specific","Seed_Silique","seed_stage_9"
"AT5G08560",856.7068217,0.116131247,0.037508233,3.096153511,0.001960488,0.009871841,"yes","up",0.688190651749932,0.531085691184318,"tissue_specific","Seed_Silique","seed_stage_10"
"AT5G09300",89.64235621,-0.282271704,0.096811022,-2.915698001,0.003548938,0.016000312,"yes","down",0.715600813598678,0.634946703872216,"tissue_specific","Seed_Silique","seed_stage_7"
"AT5G10120",3.804337455,-0.843347068,0.270373391,-3.119194032,0.001813465,0.009277085,"yes","down",0.887386468989529,0.909064251620075,"tissue_specific","Seed_Silique","seed_stage_10"
"AT5G10160",713.7488898,-0.153248652,0.049643712,-3.086970067,0.00202208,0.010143963,"yes","down",0.630288077722502,0.349868673821802,"tissue_specific","Seed_Silique","silique_stage_5"
"AT5G10300",62.46883838,0.46359129,0.093812536,4.941677432,7.75e-07,1.4e-05,"yes","up",0.7712637594685,0.671284365559759,"tissue_specific","Seed_Silique","seed_stage_9"
"AT5G10310",40.124757,0.808057734,0.145246008,5.563373083,2.65e-08,7.79e-07,"yes","up",0.731303261632961,0.50812661594781,"tissue_specific","Seed_Silique","seed_stage_6"
"AT5G10510",182.0292347,-0.333374013,0.095509011,-3.49049801,0.000482121,0.00312742,"yes","down",0.839200263443824,0.869144099509591,"tissue_specific","Seed_Silique","seed_stage_10"
"AT5G11020",94.70323137,-0.221375551,0.069038975,-3.20653009,0.001343463,0.007335984,"yes","down",0.62401612412243,0.405804287951128,"tissue_specific","Seed_Silique","seed_stage_6"
"AT5G11100",75.04245722,0.381093294,0.105372039,3.616645342,0.000298446,0.002090717,"yes","up",0.64197093974298,0.606691090079933,"tissue_specific","Seed_Silique","seed_stage_8"
"AT5G11360",4.746036069,0.635155917,0.211791708,2.99896498,0.002708984,0.01284112,"yes","up",0.860664325773803,0.801121487369801,"tissue_specific","Seed_Silique","silique_stage_3"
"AT5G11650",268.5051446,0.585272858,0.128279499,4.56248163,5.06e-06,6.94e-05,"yes","up",0.649584120551964,0.534653888012985,"tissue_specific","Seed_Silique","seed_stage_7"
"AT5G11680",374.0182411,0.292173393,0.056444067,5.176334884,2.26e-07,4.88e-06,"yes","up",0.669403408661011,0.37787862713894,"tissue_specific","Seed_Silique","seed_stage_10"
"AT5G11970",181.9402669,0.312429823,0.085457554,3.655964967,0.000256216,0.001847595,"yes","up",0.643514347848349,0.555110435101586,"tissue_specific","Seed_Silique","seed_stage_10"
"AT5G12010",465.5315179,0.514614236,0.117777724,4.369368136,1.25e-05,0.000148276,"yes","up",0.609814966758933,0.198407326200304,"tissue_specific","Seed_Silique","seed_stage_9"
"AT5G12030",5.641800445,1.226188901,0.261683897,4.68576369,2.79e-06,4.15e-05,"yes","up",0.953835237410425,0.949518974143228,"tissue_specific","Seed_Silique","seed_stage_10"
"AT5G12420",326.5534275,0.239645248,0.079661227,3.008304749,0.002627096,0.012531065,"yes","up",0.866143584198811,0.837518049474726,"tissue_specific","Seed_Silique","seed_stage_7"
"AT5G12930",105.2232723,0.298640128,0.096353388,3.099425291,0.001938965,0.009787412,"yes","up",0.686061861148744,0.349777823532675,"tissue_specific","Seed_Silique","silique_stage_4"
"AT5G13010",1061.627165,0.138537629,0.052650512,2.631268431,0.008506682,0.032213335,"yes","up",0.657651323804665,0.426661166195561,"tissue_specific","Seed_Silique","seed_stage_10"
"AT5G13330",117.5057714,0.328691534,0.112906771,2.911176455,0.003600706,0.016189288,"yes","up",0.893911626760482,0.837512479352306,"tissue_specific","Seed_Silique","seed_stage_9"
"AT5G14420",412.2705236,0.379197917,0.074710408,5.075570137,3.86e-07,7.76e-06,"yes","up",0.70448684958672,0.657316378887575,"tissue_specific","Seed_Silique","seed_stage_9"
"AT5G14500",167.0353767,0.212249035,0.04950589,4.287349104,1.81e-05,0.000202779,"yes","up",0.727568699482091,0.666720112765116,"tissue_specific","Seed_Silique","silique_stage_4"
"AT5G14570",268.2174549,0.168568474,0.056323902,2.99284082,0.002763939,0.013070075,"yes","up",0.900351398166214,0.739073548090494,"tissue_specific","Seed_Silique","seed_stage_10"
"AT5G14780",615.3119497,0.293834721,0.102098993,2.877939464,0.004002819,0.017643692,"yes","up",0.786596988063167,0.685179727741008,"tissue_specific","Seed_Silique","seed_stage_9"
"AT5G15530",602.9129549,-0.256275528,0.080331622,-3.190219758,0.001421646,0.007651249,"yes","down",0.824377981128433,0.741110635561882,"tissue_specific","Seed_Silique","seed_stage_6"
"AT5G16200",52.43542114,0.49044017,0.132290136,3.707307173,0.000209475,0.001564737,"yes","up",0.629753612822857,0.409776075992294,"tissue_specific","Seed_Silique","seed_stage_8"
"AT5G16320",77.95961749,0.31808428,0.068825218,4.62162401,3.81e-06,5.45e-05,"yes","up",0.71013888034891,0.610679790263816,"tissue_specific","Seed_Silique","seed_stage_10"
"AT5G16380",92.86628636,0.149577631,0.057043377,2.622173477,0.008737095,0.032927183,"yes","up",0.746787733690231,0.592779001320637,"tissue_specific","Seed_Silique","seed_stage_10"
"AT5G16970",1268.356474,0.318037015,0.067536427,4.709118175,2.49e-06,3.78e-05,"yes","up",0.816473581572186,0.705375618590268,"tissue_specific","Seed_Silique","seed_stage_10"
"AT5G17190",635.5235184,0.288298472,0.068542069,4.206153633,2.6e-05,0.000276441,"yes","up",0.769307070337702,0.705232517321611,"tissue_specific","Seed_Silique","seed_stage_9"
"AT5G17300",321.1777836,-0.374817786,0.114296068,-3.279358525,0.001040434,0.005927052,"yes","down",0.847409972979024,0.697366148539068,"tissue_specific","Seed_Silique","seed_stage_9"
"AT5G17490",51.92403704,-0.305593931,0.097638032,-3.129865732,0.001748862,0.008997365,"yes","down",0.888297589692647,0.829912315357463,"tissue_specific","Seed_Silique","seed_stage_9"
"AT5G17800",46.62995296,-0.311492974,0.098813819,-3.152321973,0.001619776,0.008475687,"yes","down",0.76716860910492,0.744264772948739,"tissue_specific","Seed_Silique","seed_stage_7"
"AT5G17850",67.19468705,0.610876254,0.148233359,4.121044389,3.77e-05,0.000376727,"yes","up",0.703444667191115,0.785388239015873,"tissue_specific","Seed_Silique","seed_stage_10"
"AT5G18270",209.6117821,1.377275785,0.17503009,7.868794339,3.58e-15,5.63e-13,"yes","up",0.803656680614692,0.653839826462054,"tissue_specific","Seed_Silique","seed_stage_9"
"AT5G19550",1594.585208,0.524014915,0.073971408,7.084019698,1.4e-12,1.27e-10,"yes","up",0.624201709937529,0.302576444025324,"tissue_specific","Seed_Silique","seed_stage_8"
"AT5G22220",88.65336096,0.453019114,0.071379473,6.346630085,2.2e-10,1.17e-08,"yes","up",0.691545048975284,0.632193561928407,"tissue_specific","Seed_Silique","seed_stage_9"
"AT5G22540",4.578075653,1.547854489,0.303079499,5.107090698,3.27e-07,6.71e-06,"yes","up",0.724095755143251,0.517387256614425,"tissue_specific","Seed_Silique","seed_stage_9"
"AT5G23850",111.9171622,0.360204773,0.076443669,4.712028844,2.45e-06,3.74e-05,"yes","up",0.671378906392124,0.552009112844177,"tissue_specific","Seed_Silique","seed_stage_9"
"AT5G24590",416.193366,0.824255454,0.172918532,4.7667271,1.87e-06,2.97e-05,"yes","up",0.616902541483334,0.564937091733181,"tissue_specific","Seed_Silique","seed_stage_8"
"AT5G24990",88.49650712,-0.344753653,0.10322234,-3.339913173,0.000838046,0.004927726,"yes","down",0.809919893379334,0.642041769433935,"tissue_specific","Seed_Silique","seed_stage_10"
"AT5G25470",5.89501996,0.725770542,0.216984834,3.344798479,0.000823424,0.004858715,"yes","up",0.846390699699076,0.893844891981589,"tissue_specific","Seed_Silique","seed_stage_6"
"AT5G26010",153.1896753,-0.200051967,0.068830447,-2.906445866,0.003655601,0.016377333,"yes","down",0.792789714432164,0.771211916224418,"tissue_specific","Seed_Silique","seed_stage_9"
"AT5G26040",66.13972619,0.184751936,0.068234875,2.707588118,0.006777408,0.026824014,"yes","up",0.69895487615253,0.350074793044852,"tissue_specific","Seed_Silique","seed_stage_10"
"AT5G27200",5.141536838,-0.510202669,0.190042156,-2.684681547,0.007259894,0.028362301,"yes","down",0.919398483973688,0.95647191691679,"tissue_specific","Seed_Silique","seed_stage_6"
"AT5G27230",49.8835838,0.284856151,0.093820313,3.036188439,0.002395896,0.011606751,"yes","up",0.837436609070407,0.768803433870498,"tissue_specific","Seed_Silique","seed_stage_10"
"AT5G27460",111.1971398,0.157181941,0.055027227,2.856439448,0.004284217,0.018660726,"yes","up",0.635310407862904,0.465478099704582,"tissue_specific","Seed_Silique","seed_stage_8"
"AT5G27600",389.9053027,0.325345807,0.064816801,5.019467188,5.18e-07,1e-05,"yes","up",0.68698647356215,0.461173829663398,"tissue_specific","Seed_Silique","seed_stage_10"
"AT5G27760",696.4760846,1.207463992,0.158745757,7.606275675,2.82e-14,3.6e-12,"yes","up",0.6839764374852,0.556098318633421,"tissue_specific","Seed_Silique","seed_stage_9"
"AT5G35360",3393.396106,-0.145171789,0.029820303,-4.868219737,1.13e-06,1.92e-05,"yes","down",0.670918929904547,0.394009659833272,"tissue_specific","Seed_Silique","seed_stage_6"
"AT5G37260",895.1309496,-0.23980606,0.074058675,-3.238054951,0.001203476,0.006676758,"yes","down",0.853880099360846,0.637476175040641,"tissue_specific","Seed_Silique","seed_stage_9"
"AT5G39850",185.2089944,0.449818829,0.121709592,3.695837118,0.000219163,0.001621002,"yes","up",0.664185762541674,0.567488712574598,"tissue_specific","Seed_Silique","seed_stage_6"
"AT5G40540",133.3284147,0.278841706,0.084009859,3.319154562,0.000902904,0.005243697,"yes","up",0.734143869111884,0.543488007645058,"tissue_specific","Seed_Silique","seed_stage_8"
"AT5G40840",402.2423857,2.309974812,0.281416247,8.208391784,2.24e-16,4.48e-14,"yes","up",0.713739028438004,0.373261660715725,"tissue_specific","Seed_Silique","seed_stage_10"
"AT5G41350",164.2945297,0.22175419,0.058943588,3.762142722,0.000168464,0.001303742,"yes","up",0.796124168889808,0.657643323571139,"tissue_specific","Seed_Silique","seed_stage_10"
"AT5G43860",21.14347719,0.850072082,0.225667177,3.76692833,0.000165268,0.001283648,"yes","up",0.763660634210292,0.747039013671872,"tissue_specific","Seed_Silique","seed_stage_8"
"AT5G44000",406.4274679,0.147620907,0.032013241,4.611245309,4e-06,5.68e-05,"yes","up",0.671376067722149,0.492345416583293,"tissue_specific","Seed_Silique","seed_stage_10"
"AT5G44210",31.89977235,-0.257331417,0.100052839,-2.571955175,0.010112598,0.036947347,"yes","down",0.772931534599021,0.50982095583539,"tissue_specific","Seed_Silique","seed_stage_7"
"AT5G44240",642.0574391,0.136588891,0.043257297,3.157591919,0.001590781,0.008361087,"yes","up",0.691220214691126,0.484744074426941,"tissue_specific","Seed_Silique","seed_stage_10"
"AT5G44670",167.2243886,-0.285405279,0.079226448,-3.602399024,0.000315294,0.002189871,"yes","down",0.761288560490619,0.628497813055781,"tissue_specific","Seed_Silique","seed_stage_9"
"AT5G45160",311.62168,0.16921408,0.043331442,3.905110715,9.42e-05,0.000809391,"yes","up",0.791674761408254,0.724853554951288,"tissue_specific","Seed_Silique","seed_stage_9"
"AT5G45630",7.908377076,1.487160073,0.335830341,4.42830767,9.5e-06,0.000117649,"yes","up",0.898593176008164,0.835638474777655,"tissue_specific","Seed_Silique","seed_stage_8"
"AT5G45830",15.65729124,-0.552005062,0.1734978,-3.181625708,0.00146451,0.007835425,"yes","down",0.94619841406922,0.993397136497114,"tissue_specific","Seed_Silique","seed_stage_9"
"AT5G45920",63.24173948,-0.255690003,0.074134656,-3.448994273,0.000562679,0.003542329,"yes","down",0.623550308545299,0.523356097147405,"tissue_specific","Seed_Silique","seed_stage_10"
"AT5G46290",3884.468061,-0.153731101,0.037370425,-4.113710292,3.89e-05,0.000386938,"yes","down",0.714834098315041,0.433122018190017,"tissue_specific","Seed_Silique","seed_stage_6"
"AT5G46540",2.011950748,0.710684777,0.282773538,2.51326479,0.011961951,0.042319413,"yes","up",0.886989679593495,0.772668033755001,"tissue_specific","Seed_Silique","silique_stage_3"
"AT5G46690",200.1206792,-0.358027761,0.111394947,-3.214039508,0.001308817,0.007168386,"yes","down",0.861447466971418,0.683905700943243,"tissue_specific","Seed_Silique","seed_stage_6"
"AT5G47090",176.5680901,0.151486645,0.055344511,2.737157536,0.006197261,0.024916942,"yes","up",0.799171383207016,0.594326111996984,"tissue_specific","Seed_Silique","seed_stage_10"
"AT5G47370",315.4058625,-0.495998233,0.171776751,-2.887458456,0.003883679,0.017218349,"yes","down",0.608945302522761,0.123215440645064,"tissue_specific","Seed_Silique","silique_stage_3"
"AT5G47400",155.9465922,0.147425748,0.050354587,2.927752073,0.003414222,0.015516377,"yes","up",0.632300492006455,0.456301858039199,"tissue_specific","Seed_Silique","seed_stage_9"
"AT5G47440",18.25631854,-0.271478816,0.102378042,-2.651728938,0.00800808,0.030698955,"yes","down",0.618177026628706,0.241535315053513,"tissue_specific","Seed_Silique","silique_stage_3"
"AT5G48950",10.45105861,0.332549742,0.128643919,2.585040507,0.009736756,0.03586321,"yes","up",0.697183153124216,0.743635238782003,"tissue_specific","Seed_Silique","seed_stage_6"
"AT5G49690",23.69369136,0.371967788,0.146677378,2.535958799,0.011213993,0.040160109,"yes","up",0.897279301081803,0.791820433738368,"tissue_specific","Seed_Silique","seed_stage_10"
"AT5G49700",129.1365805,0.381560909,0.153954289,2.478403886,0.013197166,0.045752711,"yes","up",0.907269965078141,0.891037906602748,"tissue_specific","Seed_Silique","seed_stage_10"
"AT5G49990",252.9024486,0.643462713,0.128222364,5.018334505,5.21e-07,1.01e-05,"yes","up",0.875793507607373,0.890113125645096,"tissue_specific","Seed_Silique","seed_stage_10"
"AT5G50580",4.966174402,-2.185609818,0.508726351,-4.296238661,1.74e-05,0.000197095,"yes","down",0.656215818762941,0.579637429284838,"tissue_specific","Seed_Silique","seed_stage_10"
"AT5G50770",5.680172604,0.643496059,0.253766945,2.535775724,0.011219856,0.040164871,"yes","up",0.891507320750503,0.962853961009914,"tissue_specific","Seed_Silique","seed_stage_8"
"AT5G51480",2.988765164,0.800797234,0.261158842,3.0663225,0.002167094,0.01072294,"yes","up",0.854127662898126,0.915910684938379,"tissue_specific","Seed_Silique","silique_stage_3"
"AT5G51490",32.15879917,-0.329072221,0.127432306,-2.582329642,0.00981358,0.036078528,"yes","down",0.908205340730745,0.986348053536439,"tissue_specific","Seed_Silique","seed_stage_7"
"AT5G51570",441.1487937,0.221968508,0.047746746,4.648871981,3.34e-06,4.86e-05,"yes","up",0.778606901615616,0.616839605563929,"tissue_specific","Seed_Silique","seed_stage_10"
"AT5G51580",72.93166325,2.689526558,0.393326727,6.837894238,8.04e-12,6.07e-10,"yes","up",0.622268549405155,0.466760517206876,"tissue_specific","Seed_Silique","seed_stage_7"
"AT5G51740",199.2407505,0.822372343,0.125700867,6.542296481,6.06e-11,3.73e-09,"yes","up",0.776744201356887,0.688136989130341,"tissue_specific","Seed_Silique","seed_stage_10"
"AT5G51830",398.8584615,0.283821792,0.076105044,3.729342727,0.00019198,0.001450029,"yes","up",0.812236933202113,0.780875310377972,"tissue_specific","Seed_Silique","seed_stage_8"
"AT5G52230",121.2330129,0.113293903,0.044345805,2.554782841,0.010625406,0.03847507,"yes","up",0.799186789425717,0.717445458019273,"tissue_specific","Seed_Silique","seed_stage_7"
"AT5G52260",4.885432569,-0.600018285,0.213038356,-2.816480082,0.004855305,0.020621731,"yes","down",0.69786679308591,0.61845982693062,"tissue_specific","Seed_Silique","seed_stage_10"
"AT5G52580",524.7109049,0.134441581,0.042506011,3.162883997,0.001562146,0.008236292,"yes","up",0.692476288159593,0.57712783272396,"tissue_specific","Seed_Silique","seed_stage_10"
"AT5G52640",325.0858907,0.810031121,0.142592747,5.680731588,1.34e-08,4.34e-07,"yes","up",0.85015512570956,0.597138251289236,"tissue_specific","Seed_Silique","seed_stage_10"
"AT5G53090",79.14627799,-0.184535699,0.058293304,-3.165641427,0.001547414,0.008184248,"yes","down",0.605401147385845,0.397710678055477,"tissue_specific","Seed_Silique","seed_stage_6"
"AT5G53240",7.145688085,2.182062269,0.332616041,6.560303779,5.37e-11,3.36e-09,"yes","up",0.669230813068319,0.246119252647193,"tissue_specific","Seed_Silique","seed_stage_10"
"AT5G53970",490.3370606,0.628859487,0.150800409,4.170144443,3.04e-05,0.000315142,"yes","up",0.79490705103815,0.745578161224532,"tissue_specific","Seed_Silique","seed_stage_9"
"AT5G54020",43.43745925,-0.273438485,0.102098806,-2.678175146,0.00740245,0.028818819,"yes","down",0.83472876450752,0.726829806165138,"tissue_specific","Seed_Silique","seed_stage_7"
"AT5G54170",481.1353528,0.232601536,0.076122669,3.055614568,0.002245998,0.011025595,"yes","up",0.767697707961847,0.611705592133544,"tissue_specific","Seed_Silique","seed_stage_10"
"AT5G54260",117.3755096,-0.16100017,0.053649399,-3.000968784,0.002691222,0.01277233,"yes","down",0.674158673568386,0.510505187287516,"tissue_specific","Seed_Silique","seed_stage_7"
"AT5G54640",311.7002696,-0.17148321,0.047416155,-3.616556665,0.000298548,0.002090812,"yes","down",0.800770769623021,0.797137192007334,"tissue_specific","Seed_Silique","seed_stage_10"
"AT5G54790",14.05010712,-0.467930851,0.130359568,-3.589539751,0.000331262,0.00227929,"yes","down",0.600642925211102,0.56657430771121,"tissue_specific","Seed_Silique","seed_stage_10"
"AT5G55180",662.2237746,-0.66812075,0.14201143,-4.704697022,2.54e-06,3.85e-05,"yes","down",0.646197357195732,0.507722386805255,"tissue_specific","Seed_Silique","seed_stage_7"
"AT5G55250",67.40531985,-0.215698193,0.085583059,-2.520337488,0.011724236,0.04166673,"yes","down",0.813448206896804,0.727987238981853,"tissue_specific","Seed_Silique","silique_stage_4"
"AT5G55480",844.8746799,-0.170432169,0.049415617,-3.448953599,0.000562763,0.003542329,"yes","down",0.639354342460917,0.30348793030795,"tissue_specific","Seed_Silique","seed_stage_6"
"AT5G55730",734.9486039,-0.261840019,0.088288981,-2.965715733,0.003019795,0.014049454,"yes","down",0.66770339698583,0.439213234652472,"tissue_specific","Seed_Silique","seed_stage_6"
"AT5G56150",457.5297291,0.284969422,0.053480314,5.328491962,9.9e-08,2.44e-06,"yes","up",0.754561237747682,0.678321703476648,"tissue_specific","Seed_Silique","seed_stage_10"
"AT5G56510",8.495778736,3.18700681,0.378979131,8.409451999,4.12e-17,9.52e-15,"yes","up",0.700394609014632,0.838026326593404,"tissue_specific","Seed_Silique","silique_stage_4"
"AT5G56540",252.5349916,-0.279873886,0.102231723,-2.737642266,0.006188135,0.02488874,"yes","down",0.879088429112234,0.831952486127498,"tissue_specific","Seed_Silique","seed_stage_9"
"AT5G56590",172.0837033,-0.24180628,0.076202213,-3.173218616,0.00150759,0.008025838,"yes","down",0.64946243202535,0.324990621017247,"tissue_specific","Seed_Silique","seed_stage_6"
"AT5G57390",68.37262008,-0.31487084,0.086882933,-3.6240816,0.00028999,0.002043017,"yes","down",0.861170009817842,0.916980636975492,"tissue_specific","Seed_Silique","seed_stage_9"
"AT5G57900",201.7012142,0.153930017,0.062992032,2.443642664,0.01453982,0.04945133,"yes","up",0.797809181114149,0.483337476558362,"tissue_specific","Seed_Silique","seed_stage_10"
"AT5G57920",12.20125771,-0.357388367,0.140906294,-2.536354885,0.011201316,0.040135068,"yes","down",0.898982006804661,0.923216927288723,"tissue_specific","Seed_Silique","silique_stage_5"
"AT5G58070",1581.3542,0.854319993,0.136066229,6.278707045,3.41e-10,1.7e-08,"yes","up",0.862816954057519,0.859891499934855,"tissue_specific","Seed_Silique","seed_stage_10"
"AT5G58210",152.1794127,0.341731656,0.07217202,4.734960361,2.19e-06,3.4e-05,"yes","up",0.862361616315122,0.776351085380603,"tissue_specific","Seed_Silique","seed_stage_10"
"AT5G58620",438.6382667,0.32905184,0.051372602,6.405200915,1.5e-10,8.3e-09,"yes","up",0.620556462189211,0.403669624505417,"tissue_specific","Seed_Silique","seed_stage_6"
"AT5G58730",225.3761957,0.162246672,0.048232677,3.363833,0.00076868,0.004594347,"yes","up",0.751163573563723,0.753944459453454,"tissue_specific","Seed_Silique","seed_stage_7"
"AT5G58930",469.7741596,0.186930987,0.04832683,3.868058161,0.000109706,0.000919661,"yes","up",0.786917791731066,0.751737986954629,"tissue_specific","Seed_Silique","silique_stage_5"
"AT5G59760",4.570719197,-0.547735871,0.208439377,-2.627794612,0.008594039,0.032486734,"yes","down",0.67712554473816,0.450046186840911,"tissue_specific","Seed_Silique","seed_stage_10"
"AT5G60350",5.077087734,0.519186359,0.195613922,2.654138082,0.007951128,0.030571187,"yes","up",0.712185949791192,0.348765889261879,"tissue_specific","Seed_Silique","seed_stage_10"
"AT5G61740",32.19586495,3.06800269,0.376240029,8.154376074,3.51e-16,6.78e-14,"yes","up",0.621833267118739,0.308531540334165,"tissue_specific","Seed_Silique","silique_stage_3"
"AT5G62260",93.90970844,-0.21416784,0.068206271,-3.140002195,0.001689466,0.008772197,"yes","down",0.652305426758685,0.595272428065791,"tissue_specific","Seed_Silique","seed_stage_7"
"AT5G62740",467.4138717,0.275246031,0.048908405,5.627785931,1.83e-08,5.65e-07,"yes","up",0.694593777733341,0.627049858586967,"tissue_specific","Seed_Silique","silique_stage_3"
"AT5G63140",242.8567016,-0.333116438,0.088702922,-3.75541675,0.000173053,0.001334004,"yes","down",0.693667237412471,0.60165367788421,"tissue_specific","Seed_Silique","silique_stage_3"
"AT5G63905",53.76544077,0.303878487,0.099659901,3.049155014,0.00229486,0.011217479,"yes","up",0.685665512091641,0.502206718835449,"tissue_specific","Seed_Silique","seed_stage_9"
"AT5G64190",10.5237152,0.63801518,0.184927607,3.450080764,0.000560419,0.003532287,"yes","up",0.905574596908208,0.973933984067317,"tissue_specific","Seed_Silique","seed_stage_10"
"AT5G64230",70.84913148,0.368111868,0.127245273,2.892931575,0.003816644,0.016972224,"yes","up",0.797812159589367,0.868557588707266,"tissue_specific","Seed_Silique","seed_stage_10"
"AT5G64260",2138.591536,0.640698412,0.178862491,3.58207252,0.000340879,0.002335235,"yes","up",0.842747655936667,0.566759628457984,"tissue_specific","Seed_Silique","seed_stage_9"
"AT5G64530",26.0669856,0.294923105,0.119541188,2.467125433,0.013620264,0.046953857,"yes","up",0.885860416090673,0.780359827017156,"tissue_specific","Seed_Silique","seed_stage_6"
"AT5G65470",583.7776373,-0.162740353,0.063216563,-2.574330925,0.010043416,0.03674584,"yes","down",0.611156389763672,0.507711652838358,"tissue_specific","Seed_Silique","silique_stage_5"
"AT5G65710",161.0885873,-0.190352529,0.044839002,-4.245244541,2.18e-05,0.000238411,"yes","down",0.796946556301089,0.796495184788818,"tissue_specific","Seed_Silique","silique_stage_4"
"AT5G65750",900.4117365,0.65772337,0.092854735,7.083358449,1.41e-12,1.28e-10,"yes","up",0.825003785871769,0.723608713370383,"tissue_specific","Seed_Silique","seed_stage_10"
"AT5G65800",7.402420649,-0.960910589,0.225341975,-4.264232569,2.01e-05,0.000221684,"yes","down",0.890680151298221,0.60374837023501,"tissue_specific","Seed_Silique","seed_stage_10"
"AT5G65890",76.13784461,-0.417424789,0.131918261,-3.164268437,0.001554733,0.008208685,"yes","down",0.807722655925094,0.84590152035986,"tissue_specific","Seed_Silique","seed_stage_8"
"AT5G66330",62.47436944,-0.472303856,0.118834121,-3.974480148,7.05e-05,0.000637285,"yes","down",0.73064816376227,0.615466486606503,"tissue_specific","Seed_Silique","silique_stage_4"
"AT5G66730",573.4705213,0.410455589,0.063801151,6.433357062,1.25e-10,7.06e-09,"yes","up",0.800771556314884,0.6721158728613,"tissue_specific","Seed_Silique","seed_stage_10"
"AT5G67360",3948.046007,0.816476384,0.129343769,6.312452391,2.75e-10,1.41e-08,"yes","up",0.732906733468186,0.579690749712997,"tissue_specific","Seed_Silique","silique_stage_4"
