"gene_id","baseMean","log2FoldChange","lfcSE","stat","pvalue","padj","deg_flag","regulation","tau_subtissue","tau_broad","specificity","predominant_broad_organ","predominant_subtissue"
"AT1G02120",706.6702215,0.148751857,0.037850768,3.929956154,8.5e-05,0.00074127,"yes","up",0.628801033352269,0.194818247875456,"tissue_specific","Leaf_Shoot","senescing_leaf"
"AT1G02150",1790.719941,-0.124965422,0.03419524,-3.654468402,0.000257715,0.001856701,"yes","down",0.611641885257033,0.370369168180239,"tissue_specific","Leaf_Shoot","rosette_vegetative"
"AT1G02560",3951.805356,-0.057143316,0.021038642,-2.71611238,0.006605349,0.026248803,"yes","down",0.630846509837827,0.456781813909861,"tissue_specific","Leaf_Shoot","cauline_leaf"
"AT1G02690",387.0726923,-0.429195392,0.111111945,-3.862729521,0.000112127,0.000935957,"yes","down",0.754383333656006,0.500892546455779,"tissue_specific","Leaf_Shoot","shoot_apex_transition"
"AT1G02920",503.6746731,1.945008267,0.204826733,9.495871184,2.18e-21,1.03e-18,"yes","up",0.749948622536459,0.56811789453635,"tissue_specific","Leaf_Shoot","senescing_leaf"
"AT1G02970",104.2686019,0.549880069,0.128678969,4.273270698,1.93e-05,0.000214188,"yes","up",0.654007869442729,0.325280579849465,"tissue_specific","Leaf_Shoot","shoot_apex_transition"
"AT1G03080",1357.118889,0.13462787,0.036317223,3.706997918,0.000209731,0.001565128,"yes","up",0.657166206753189,0.366802891446659,"tissue_specific","Leaf_Shoot","senescing_leaf"
"AT1G03130",6431.284982,-0.300470242,0.102243911,-2.938759283,0.003295289,0.015106933,"yes","down",0.686985764610407,0.609504047408062,"tissue_specific","Leaf_Shoot","cotyledon"
"AT1G03290",321.7002572,0.266795228,0.065852384,4.051413373,5.09e-05,0.00048547,"yes","up",0.738850233673362,0.338144302888736,"tissue_specific","Leaf_Shoot","senescing_leaf"
"AT1G03475",3708.367714,-0.123088344,0.034092571,-3.610415391,0.000305707,0.002135189,"yes","down",0.642906018090166,0.551644402608523,"tissue_specific","Leaf_Shoot","shoot_apex_vegetative_with_leaves"
"AT1G03630",3058.422306,-0.166093415,0.065944223,-2.518695458,0.011779049,0.041835265,"yes","down",0.703735899751405,0.596420505728717,"tissue_specific","Leaf_Shoot","rosette_vegetative"
"AT1G03740",496.3455342,0.38231338,0.112106672,3.41026428,0.000649,0.00399442,"yes","up",0.765620455986685,0.460117949228963,"tissue_specific","Leaf_Shoot","senescing_leaf"
"AT1G03830",283.9510848,0.306577986,0.054634979,5.611386567,2.01e-08,6.12e-07,"yes","up",0.664532742183255,0.411116547655022,"tissue_specific","Leaf_Shoot","shoot_apex_transition"
"AT1G03870",2644.166027,-0.337603615,0.125431473,-2.691538317,0.007112333,0.027910608,"yes","down",0.764507377167399,0.606907468835604,"tissue_specific","Leaf_Shoot","rosette_leaf"
"AT1G04020",242.4443223,-0.29641054,0.090574282,-3.272568485,0.00106575,0.006043526,"yes","down",0.66577735448444,0.434442666461758,"tissue_specific","Leaf_Shoot","shoot_apex_transition"
"AT1G04110",126.2285525,-0.341625213,0.11265584,-3.032467861,0.002425629,0.011721886,"yes","down",0.82089584044713,0.531972997549391,"tissue_specific","Leaf_Shoot","rosette_vegetative"
"AT1G04420",1799.184424,-0.126623686,0.033838513,-3.74199908,0.000182562,0.001394084,"yes","down",0.667807105039438,0.57848544243936,"tissue_specific","Leaf_Shoot","cotyledon"
"AT1G04650",102.179502,0.781359711,0.138099728,5.657938087,1.53e-08,4.87e-07,"yes","up",0.60518248765619,0.284871936295885,"tissue_specific","Leaf_Shoot","shoot_apex_transition"
"AT1G04730",118.5171564,-0.214151534,0.074529739,-2.87337023,0.004061179,0.017850861,"yes","down",0.647084774507056,0.410666886767772,"tissue_specific","Leaf_Shoot","shoot_apex_transition"
"AT1G04780",681.7711253,0.160443483,0.052672352,3.046066446,0.002318566,0.01131585,"yes","up",0.61263975430984,0.111021848340787,"tissue_specific","Leaf_Shoot","senescing_leaf"
"AT1G04970",357.976891,0.137796191,0.046184617,2.983594948,0.002848836,0.013396293,"yes","up",0.632750608719102,0.221544439326616,"tissue_specific","Leaf_Shoot","senescing_leaf"
"AT1G05060",138.4762313,0.48006374,0.063115345,7.606133534,2.82e-14,3.6e-12,"yes","up",0.657040036052389,0.206337693910779,"tissue_specific","Leaf_Shoot","senescing_leaf"
"AT1G05190",5377.333742,-0.141694648,0.035996789,-3.936313589,8.27e-05,0.000726172,"yes","down",0.627371766121807,0.57388179470278,"tissue_specific","Leaf_Shoot","shoot_apex_vegetative_with_leaves"
"AT1G05470",189.2967624,-0.33039727,0.066453496,-4.971856897,6.63e-07,1.24e-05,"yes","down",0.666435464316344,0.390395687551821,"tissue_specific","Leaf_Shoot","shoot_apex_transition"
"AT1G05570",1218.484587,-0.234169746,0.083861749,-2.792330821,0.005232982,0.021840845,"yes","down",0.613676816863051,0.601108032514278,"tissue_specific","Leaf_Shoot","stem"
"AT1G05575",41.3375446,1.774994476,0.332185789,5.343378727,9.12e-08,2.27e-06,"yes","up",0.896649052572263,0.677454564816525,"tissue_specific","Leaf_Shoot","cotyledon"
"AT1G05710",194.294589,0.739774752,0.119122683,6.210192168,5.29e-10,2.52e-08,"yes","up",0.690633494857509,0.482894154752486,"tissue_specific","Leaf_Shoot","hypocotyl"
"AT1G05760",27.67421759,0.374860981,0.119498821,3.136942939,0.001707193,0.008827303,"yes","up",0.675601718521854,0.589171963308613,"tissue_specific","Leaf_Shoot","stem"
"AT1G05880",4.324764988,1.945844312,0.337904715,5.75855922,8.48e-09,2.91e-07,"yes","up",0.629780270023418,0.404379266237417,"tissue_specific","Leaf_Shoot","senescing_leaf"
"AT1G05950",130.8738106,0.233079173,0.074987578,3.1082371,0.00188207,0.009559586,"yes","up",0.700387124337337,0.692143505634034,"tissue_specific","Leaf_Shoot","shoot_apex_vegetative"
"AT1G06460",1007.311585,0.143259179,0.057027845,2.51209177,0.012001787,0.042434466,"yes","up",0.741556434254708,0.635141807913749,"tissue_specific","Leaf_Shoot","cotyledon"
"AT1G06640",1110.909177,-0.136764471,0.046469215,-2.943119871,0.003249226,0.014924268,"yes","down",0.808043099664521,0.756884535753267,"tissue_specific","Leaf_Shoot","hypocotyl"
"AT1G06870",345.382516,0.113655059,0.041950825,2.709244926,0.006743654,0.026730813,"yes","up",0.68304861275436,0.422830821514474,"tissue_specific","Leaf_Shoot","senescing_leaf"
"AT1G06950",4699.400745,-0.185938269,0.044948935,-4.136655742,3.52e-05,0.000355617,"yes","down",0.604538373658226,0.31086572481268,"tissue_specific","Leaf_Shoot","shoot_apex_vegetative_with_leaves"
"AT1G07000",188.4240711,0.902919801,0.170417568,5.298278877,1.17e-07,2.81e-06,"yes","up",0.864949741603035,0.495690316165911,"tissue_specific","Leaf_Shoot","senescing_leaf"
"AT1G07070",320.578231,-0.217312156,0.061076158,-3.55805217,0.000373615,0.00251779,"yes","down",0.650771567767854,0.366387467134846,"tissue_specific","Leaf_Shoot","shoot_apex_vegetative"
"AT1G07320",6793.514725,-0.172959611,0.034693954,-4.985295513,6.19e-07,1.16e-05,"yes","down",0.66301858526377,0.572240436075161,"tissue_specific","Leaf_Shoot","rosette_vegetative"
"AT1G07370",392.3093424,-0.307082625,0.093772189,-3.274772919,0.001057469,0.006003788,"yes","down",0.79540624020551,0.57531102756386,"tissue_specific","Leaf_Shoot","shoot_apex_transition"
"AT1G07440",459.26991,0.160813094,0.062705149,2.564591515,0.010329733,0.037624043,"yes","up",0.710225226731602,0.445397873612477,"tissue_specific","Leaf_Shoot","cauline_leaf"
"AT1G07630",312.3720753,0.24679923,0.058424835,4.224217813,2.4e-05,0.000258443,"yes","up",0.634029064626598,0.325947626865823,"tissue_specific","Leaf_Shoot","senescing_leaf"
"AT1G07650",519.9706925,0.310418656,0.066062653,4.698852428,2.62e-06,3.94e-05,"yes","up",0.642997644821535,0.397910542869745,"tissue_specific","Leaf_Shoot","senescing_leaf"
"AT1G07660",261.3146497,-0.196113667,0.060558894,-3.238395759,0.001202039,0.006671927,"yes","down",0.672013489384944,0.407950172243868,"tissue_specific","Leaf_Shoot","shoot_apex_transition"
"AT1G08230",119.2544791,0.308231914,0.084511403,3.647222764,0.00026509,0.00189535,"yes","up",0.869819020222836,0.407152005169022,"tissue_specific","Leaf_Shoot","senescing_leaf"
"AT1G08450",648.0758237,0.348608007,0.082809352,4.209766139,2.56e-05,0.000273044,"yes","up",0.805065575216139,0.520600494778418,"tissue_specific","Leaf_Shoot","senescing_leaf"
"AT1G08520",3152.398347,-0.140413903,0.03675628,-3.820133653,0.000133379,0.001078611,"yes","down",0.643445802444593,0.551591144510305,"tissue_specific","Leaf_Shoot","rosette_vegetative"
"AT1G08880",972.8852406,-0.363858272,0.061079684,-5.95710792,2.57e-09,1.01e-07,"yes","down",0.650953515458364,0.298281797232237,"tissue_specific","Leaf_Shoot","shoot_apex_transition"
"AT1G08930",2123.049285,0.781727618,0.230517074,3.391191836,0.000695894,0.004232466,"yes","up",0.76846364323563,0.592848502882499,"tissue_specific","Leaf_Shoot","cotyledon"
"AT1G08940",121.750626,0.353332501,0.062396906,5.662660597,1.49e-08,4.75e-07,"yes","up",0.771301097818479,0.735977646337441,"tissue_specific","Leaf_Shoot","stem"
"AT1G09450",64.53329174,-0.322726968,0.110973163,-2.90815329,0.003635701,0.016314236,"yes","down",0.747877133294815,0.600697216356341,"tissue_specific","Leaf_Shoot","shoot_apex_transition"
"AT1G09750",1998.290676,-0.296079961,0.09616016,-3.079029419,0.002076762,0.010365341,"yes","down",0.697308880549279,0.515117675845725,"tissue_specific","Leaf_Shoot","rosette_vegetative"
"AT1G10050",340.5833342,1.019447712,0.135628912,7.516448325,5.63e-14,6.77e-12,"yes","up",0.822439630582972,0.731600561311702,"tissue_specific","Leaf_Shoot","senescing_leaf"
"AT1G10120",263.9794268,-0.123992105,0.045419727,-2.729917449,0.006335019,0.025365954,"yes","down",0.603260056045044,0.398422362768246,"tissue_specific","Leaf_Shoot","shoot_apex_transition"
"AT1G10210",65.98938771,0.208775847,0.079543743,2.624667106,0.008673372,0.032724351,"yes","up",0.746660586546126,0.418150478289075,"tissue_specific","Leaf_Shoot","senescing_leaf"
"AT1G10230",101.0447142,-0.234844259,0.06358128,-3.693606976,0.000221095,0.001632795,"yes","down",0.660550335125559,0.585526351984863,"tissue_specific","Leaf_Shoot","shoot_apex_transition"
"AT1G10340",36.65506728,1.550701512,0.247827972,6.25716904,3.92e-10,1.93e-08,"yes","up",0.854537328102455,0.553716915964973,"tissue_specific","Leaf_Shoot","senescing_leaf"
"AT1G10550",37.97148525,-0.726010388,0.238464756,-3.044518611,0.00233053,0.011363055,"yes","down",0.722765227785355,0.421628658818482,"tissue_specific","Leaf_Shoot","rosette_leaf"
"AT1G10640",113.1970349,-0.474447128,0.169817187,-2.793869905,0.005208143,0.021756432,"yes","down",0.682717250333905,0.743110178709136,"tissue_specific","Leaf_Shoot","shoot_apex_transition"
"AT1G10730",89.47807993,0.254399755,0.070985429,3.583830651,0.000338592,0.002322162,"yes","up",0.610390306712222,0.344390447870198,"tissue_specific","Leaf_Shoot","senescing_leaf"
"AT1G10780",132.9589075,-0.523659547,0.150034759,-3.490254866,0.00048256,0.003128168,"yes","down",0.721706937422451,0.513601118343759,"tissue_specific","Leaf_Shoot","shoot_apex_transition"
"AT1G10850",503.4154767,-0.193194882,0.053656872,-3.600561794,0.00031753,0.002204755,"yes","down",0.616876438277701,0.602698709003984,"tissue_specific","Leaf_Shoot","shoot_apex_transition"
"AT1G11160",82.76824213,-0.347545866,0.075420698,-4.608096685,4.06e-06,5.74e-05,"yes","down",0.623465950103722,0.369056914461818,"tissue_specific","Leaf_Shoot","shoot_apex_transition"
"AT1G11210",59.10351842,0.381109908,0.106468354,3.579560444,0.000344173,0.002354547,"yes","up",0.860887393615185,0.571009595609427,"tissue_specific","Leaf_Shoot","senescing_leaf"
"AT1G11300",50.96149574,0.219974838,0.082074197,2.680194829,0.007357932,0.02867866,"yes","up",0.742008790602626,0.563293286927743,"tissue_specific","Leaf_Shoot","shoot_apex_transition"
"AT1G11310",1364.128854,0.354387928,0.073470078,4.823568126,1.41e-06,2.33e-05,"yes","up",0.747935774014612,0.434872117131559,"tissue_specific","Leaf_Shoot","senescing_leaf"
"AT1G11820",860.9697081,-0.189015484,0.060078324,-3.146151097,0.001654345,0.008624033,"yes","down",0.696187018736453,0.348483556734646,"tissue_specific","Leaf_Shoot","shoot_apex_transition"
"AT1G12090",6783.266893,-0.201458524,0.067240693,-2.996080418,0.002734743,0.012942401,"yes","down",0.619894041564083,0.462325267081365,"tissue_specific","Leaf_Shoot","rosette_vegetative"
"AT1G12270",926.7509907,-0.110076477,0.039728719,-2.770702907,0.005593544,0.022999582,"yes","down",0.610295474132345,0.335219511901822,"tissue_specific","Leaf_Shoot","shoot_apex_transition"
"AT1G12290",49.76989838,0.226509871,0.071979347,3.146873086,0.001650266,0.00861229,"yes","up",0.819702703727466,0.692631666677711,"tissue_specific","Leaf_Shoot","senescing_leaf"
"AT1G12480",81.79577208,1.137227642,0.225677178,5.039178756,4.68e-07,9.15e-06,"yes","up",0.699510401122133,0.421156623353689,"tissue_specific","Leaf_Shoot","cauline_leaf"
"AT1G12500",687.9855122,-0.195407167,0.05958597,-3.279415718,0.001040223,0.005927052,"yes","down",0.612978657341214,0.373460594188058,"tissue_specific","Leaf_Shoot","stem"
"AT1G12630",8.625826576,-0.407455926,0.146526162,-2.780772533,0.005422972,0.022431254,"yes","down",0.737793848723479,0.181422532926998,"tissue_specific","Leaf_Shoot","hypocotyl"
"AT1G12800",3038.250851,-0.143600295,0.043689003,-3.286875047,0.001013058,0.005793501,"yes","down",0.657051986498519,0.538624963769373,"tissue_specific","Leaf_Shoot","rosette_vegetative"
"AT1G12860",488.9586707,-0.359908952,0.064092471,-5.615463832,1.96e-08,5.99e-07,"yes","down",0.634960289027445,0.295816094691607,"tissue_specific","Leaf_Shoot","rosette_vegetative"
"AT1G12940",2.480472945,0.868993146,0.318533019,2.728110102,0.006369834,0.025463134,"yes","up",0.917697328299795,0.357968295806546,"tissue_specific","Leaf_Shoot","senescing_leaf"
"AT1G13210",577.5668182,0.750587225,0.172257752,4.357349487,1.32e-05,0.000155477,"yes","up",0.78788628195105,0.510752639450655,"tissue_specific","Leaf_Shoot","senescing_leaf"
"AT1G13310",4.408971566,1.825038617,0.355352318,5.135856799,2.81e-07,5.88e-06,"yes","up",0.91111655539444,0.428551846638119,"tissue_specific","Leaf_Shoot","senescing_leaf"
"AT1G13340",49.58033442,0.869143671,0.120761045,7.197218843,6.15e-13,6.06e-11,"yes","up",0.85396632549953,0.473888839461924,"tissue_specific","Leaf_Shoot","senescing_leaf"
"AT1G13470",42.98512365,2.33192145,0.416936172,5.592993862,2.23e-08,6.72e-07,"yes","up",0.931363122478487,0.715862344488634,"tissue_specific","Leaf_Shoot","senescing_leaf"
"AT1G13600",26.47214833,-0.272361904,0.110861801,-2.45676962,0.014019256,0.048025288,"yes","down",0.776341598306865,0.545859842151137,"tissue_specific","Leaf_Shoot","stem"
"AT1G13650",188.4017234,-0.662731864,0.229030694,-2.89363776,0.003808072,0.016940495,"yes","down",0.86721395670764,0.683768793907829,"tissue_specific","Leaf_Shoot","rosette_vegetative"
"AT1G13990",135.78378,0.514564926,0.099905707,5.150505846,2.6e-07,5.49e-06,"yes","up",0.778735336045312,0.259804747523515,"tissue_specific","Leaf_Shoot","senescing_leaf"
"AT1G14030",514.4326795,-0.19431065,0.056168867,-3.459401302,0.000541378,0.003431822,"yes","down",0.66501679821571,0.542836756257209,"tissue_specific","Leaf_Shoot","rosette_vegetative"
"AT1G14150",943.7902464,-0.162764241,0.052779979,-3.083825436,0.002043575,0.010239263,"yes","down",0.758412793298576,0.659008845702554,"tissue_specific","Leaf_Shoot","rosette_leaf"
"AT1G14180",110.4387051,-0.244426342,0.063790932,-3.831678517,0.000127272,0.001037407,"yes","down",0.701767047852311,0.65842329468028,"tissue_specific","Leaf_Shoot","shoot_apex_transition"
"AT1G14340",182.6865086,0.208875099,0.043263184,4.828010289,1.38e-06,2.29e-05,"yes","up",0.676730157194987,0.396252833222117,"tissue_specific","Leaf_Shoot","stem"
"AT1G14345",1486.058595,-0.283182616,0.064104032,-4.417547672,9.98e-06,0.000122884,"yes","down",0.664934027917944,0.589528905043068,"tissue_specific","Leaf_Shoot","rosette_leaf"
"AT1G14370",159.1962597,0.818976937,0.130349436,6.282934249,3.32e-10,1.66e-08,"yes","up",0.882025807882003,0.495339439358811,"tissue_specific","Leaf_Shoot","senescing_leaf"
"AT1G14410",525.962351,-0.202104045,0.065646111,-3.078690316,0.002079127,0.010374949,"yes","down",0.726028295785079,0.294175134372726,"tissue_specific","Leaf_Shoot","shoot_apex_vegetative"
"AT1G14440",217.7022422,-0.391490245,0.084068436,-4.656804185,3.21e-06,4.71e-05,"yes","down",0.771571243551018,0.746092607705552,"tissue_specific","Leaf_Shoot","shoot_apex_transition"
"AT1G14620",354.6484752,-0.093496257,0.032943718,-2.838060239,0.004538862,0.019528389,"yes","down",0.696761873022919,0.452510208899018,"tissue_specific","Leaf_Shoot","shoot_apex_transition"
"AT1G14687",28.77630668,-0.204070342,0.081731076,-2.496851289,0.012530149,0.043904565,"yes","down",0.80713852966483,0.649640502775148,"tissue_specific","Leaf_Shoot","shoot_apex_transition"
"AT1G14720",1015.906174,0.674127943,0.113085206,5.961239043,2.5e-09,9.85e-08,"yes","up",0.603641645968585,0.253326066467449,"tissue_specific","Leaf_Shoot","hypocotyl"
"AT1G14790",80.54239442,0.623955516,0.111017223,5.62034882,1.91e-08,5.83e-07,"yes","up",0.616100549816461,0.377503621873413,"tissue_specific","Leaf_Shoot","senescing_leaf"
"AT1G14810",2035.833906,-0.107236483,0.039546999,-2.711621275,0.006695504,0.02655782,"yes","down",0.644377225076838,0.408309074842787,"tissue_specific","Leaf_Shoot","shoot_apex_vegetative_with_leaves"
"AT1G14870",898.4412235,0.540854997,0.130267755,4.151871622,3.3e-05,0.000337103,"yes","up",0.814638451443357,0.699227504550881,"tissue_specific","Leaf_Shoot","senescing_leaf"
"AT1G15520",43.60621462,0.770534166,0.199026634,3.871512822,0.000108162,0.000908337,"yes","up",0.77389171709046,0.45235249597467,"tissue_specific","Leaf_Shoot","senescing_leaf"
"AT1G15570",223.2369172,-0.305780869,0.107787038,-2.836898329,0.004555412,0.019586533,"yes","down",0.645848980798818,0.458811694878694,"tissue_specific","Leaf_Shoot","shoot_apex_transition"
"AT1G15580",29.5408307,1.566401169,0.284341111,5.508880374,3.61e-08,1.02e-06,"yes","up",0.710874282741206,0.360245521787204,"tissue_specific","Leaf_Shoot","hypocotyl"
"AT1G15790",20.76936208,1.179313099,0.180134303,6.546854643,5.88e-11,3.64e-09,"yes","up",0.839862305612122,0.364100533934933,"tissue_specific","Leaf_Shoot","senescing_leaf"
"AT1G15820",29083.69999,-0.283324198,0.092629361,-3.058686749,0.002223095,0.010942788,"yes","down",0.626351340101177,0.578687905877556,"tissue_specific","Leaf_Shoot","cotyledon"
"AT1G15890",33.72281535,0.461681434,0.178336368,2.588823795,0.009630436,0.035539676,"yes","up",0.794983615017132,0.441985316518654,"tissue_specific","Leaf_Shoot","senescing_leaf"
"AT1G15980",2425.55667,-0.137700615,0.041728014,-3.299956135,0.000966999,0.005567923,"yes","down",0.687247951787074,0.627371298933975,"tissue_specific","Leaf_Shoot","rosette_leaf"
"AT1G16220",101.0869676,0.251349291,0.08372375,3.002126547,0.002681007,0.01274695,"yes","up",0.659694065838348,0.373866611655525,"tissue_specific","Leaf_Shoot","shoot_apex_transition"
"AT1G16420",14.35742039,0.551013216,0.136188672,4.045954852,5.21e-05,0.000495347,"yes","up",0.755642269409426,0.554527712743491,"tissue_specific","Leaf_Shoot","cotyledon"
"AT1G16670",119.0214123,0.475037027,0.076885152,6.178527512,6.47e-10,2.99e-08,"yes","up",0.721814106565393,0.37000587793066,"tissue_specific","Leaf_Shoot","senescing_leaf"
"AT1G16720",2203.226282,-0.144519926,0.052979857,-2.727827808,0.006375288,0.025480614,"yes","down",0.638146992240141,0.541098196061459,"tissue_specific","Leaf_Shoot","cotyledon"
"AT1G17020",57.76908012,0.234822774,0.08338608,2.816090826,0.004861192,0.020636212,"yes","up",0.899528407174728,0.726680663407596,"tissue_specific","Leaf_Shoot","senescing_leaf"
"AT1G17140",528.9041338,-0.328287108,0.088121135,-3.725407157,0.000195,0.001470957,"yes","down",0.621055835215555,0.707722871275148,"tissue_specific","Leaf_Shoot","shoot_apex_transition"
"AT1G17480",56.92558232,-0.481476826,0.14547313,-3.309730293,0.000933859,0.0054035,"yes","down",0.66204331787712,0.417768414137939,"tissue_specific","Leaf_Shoot","shoot_apex_transition"
"AT1G17750",51.72851493,0.35562943,0.110636307,3.214400774,0.001307171,0.007162701,"yes","up",0.656028792244471,0.502459923055902,"tissue_specific","Leaf_Shoot","hypocotyl"
"AT1G18140",81.90660448,-0.322959861,0.102009814,-3.165968518,0.001545675,0.008181848,"yes","down",0.836158810053659,0.860185749416988,"tissue_specific","Leaf_Shoot","shoot_apex_transition"
"AT1G18250",467.9875383,-0.553696085,0.154978627,-3.572725455,0.000353285,0.002405543,"yes","down",0.81642286207724,0.744907952657929,"tissue_specific","Leaf_Shoot","shoot_apex_transition"
"AT1G18370",463.4670124,-0.952435839,0.227523298,-4.186102469,2.84e-05,0.000297319,"yes","down",0.748237000930201,0.587078700480148,"tissue_specific","Leaf_Shoot","shoot_apex_transition"
"AT1G18650",285.3269344,-0.355009284,0.073234574,-4.847563973,1.25e-06,2.1e-05,"yes","down",0.717791408007,0.615289489443715,"tissue_specific","Leaf_Shoot","shoot_apex_transition"
"AT1G18730",1102.321427,-0.124291913,0.042435199,-2.928981518,0.003400746,0.015473035,"yes","down",0.734103374453294,0.646589061210779,"tissue_specific","Leaf_Shoot","rosette_leaf"
"AT1G18890",411.3159223,0.367525803,0.070579731,5.207242913,1.92e-07,4.25e-06,"yes","up",0.693471235246626,0.355205194251066,"tissue_specific","Leaf_Shoot","senescing_leaf"
"AT1G19150",1363.950241,-0.199026075,0.062921133,-3.163103783,0.001560967,0.008231917,"yes","down",0.732435359322364,0.649546938833707,"tissue_specific","Leaf_Shoot","rosette_leaf"
"AT1G19250",14.62957908,3.176726297,0.406944082,7.806296835,5.89e-15,8.79e-13,"yes","up",0.883254751845632,0.796110303057624,"tissue_specific","Leaf_Shoot","senescing_leaf"
"AT1G19300",179.51008,0.54850708,0.084347078,6.502976673,7.87e-11,4.71e-09,"yes","up",0.93099560539602,0.544407031080056,"tissue_specific","Leaf_Shoot","stem"
"AT1G19740",1034.316159,-0.121839488,0.039040395,-3.120856951,0.001803256,0.009238895,"yes","down",0.627648288403719,0.434533207313592,"tissue_specific","Leaf_Shoot","cauline_leaf"
"AT1G20020",10904.87847,-0.121475684,0.039918377,-3.043101758,0.002341531,0.011401966,"yes","down",0.663417690450131,0.607356186893335,"tissue_specific","Leaf_Shoot","cotyledon"
"AT1G20030",96.15457878,-0.672645204,0.148974232,-4.515178189,6.33e-06,8.36e-05,"yes","down",0.68926168401263,0.464829380142798,"tissue_specific","Leaf_Shoot","shoot_apex_transition"
"AT1G20350",33.2813228,3.418648669,0.335111449,10.20152751,1.95e-24,1.7e-21,"yes","up",0.746967792480819,0.552114323972932,"tissue_specific","Leaf_Shoot","cotyledon"
"AT1G20510",411.6999194,0.912605214,0.134701135,6.77503731,1.24e-11,8.91e-10,"yes","up",0.733001111361248,0.495310474499426,"tissue_specific","Leaf_Shoot","cotyledon"
"AT1G20810",522.7189007,-0.098524962,0.037624444,-2.618642298,0.008828046,0.033169196,"yes","down",0.607318526599459,0.517772776959084,"tissue_specific","Leaf_Shoot","cotyledon"
"AT1G21065",750.3549705,-0.103673946,0.032160312,-3.223661115,0.001265631,0.006970728,"yes","down",0.614776584753477,0.35904134291716,"tissue_specific","Leaf_Shoot","cauline_leaf"
"AT1G21240",5.343409135,2.511015283,0.431488511,5.819425596,5.91e-09,2.12e-07,"yes","up",0.937137200019675,0.689169933128076,"tissue_specific","Leaf_Shoot","senescing_leaf"
"AT1G21250",208.1384917,2.133257451,0.311148317,6.856079021,7.08e-12,5.45e-10,"yes","up",0.817252388168377,0.702688764390927,"tissue_specific","Leaf_Shoot","cauline_leaf"
"AT1G21270",386.0623005,0.924517671,0.149910427,6.167133862,6.95e-10,3.18e-08,"yes","up",0.772559414419822,0.742632050115026,"tissue_specific","Leaf_Shoot","senescing_leaf"
"AT1G21500",1450.943259,-0.230368878,0.079069966,-2.91348142,0.003574231,0.016094623,"yes","down",0.773774993783041,0.63387400198642,"tissue_specific","Leaf_Shoot","rosette_vegetative"
"AT1G21560",231.0152533,-0.206246511,0.051011058,-4.043172539,5.27e-05,0.000499827,"yes","down",0.603556885865622,0.426755952997682,"tissue_specific","Leaf_Shoot","shoot_apex_transition"
"AT1G21580",1002.792544,0.121293496,0.044993586,2.695795262,0.007022081,0.027588587,"yes","up",0.604515135743125,0.0673460233560399,"tissue_specific","Leaf_Shoot","senescing_leaf"
"AT1G22070",347.8453075,0.303227624,0.077789361,3.898060369,9.7e-05,0.000827883,"yes","up",0.729569743212122,0.241646091194779,"tissue_specific","Leaf_Shoot","senescing_leaf"
"AT1G22280",385.9531732,0.53741747,0.094114078,5.710277181,1.13e-08,3.72e-07,"yes","up",0.696562357136724,0.358610693368429,"tissue_specific","Leaf_Shoot","senescing_leaf"
"AT1G22930",1742.314768,0.328334834,0.072841699,4.507512021,6.56e-06,8.62e-05,"yes","up",0.751649443002874,0.342608442821844,"tissue_specific","Leaf_Shoot","senescing_leaf"
"AT1G23000",195.6705577,1.000289694,0.158118131,6.326217532,2.51e-10,1.31e-08,"yes","up",0.803329568593772,0.679204195343574,"tissue_specific","Leaf_Shoot","shoot_apex_transition"
"AT1G23340",58.92166172,-0.451732466,0.087506531,-5.162271466,2.44e-07,5.22e-06,"yes","down",0.627382864743466,0.380490503851088,"tissue_specific","Leaf_Shoot","hypocotyl"
"AT1G23790",98.39674498,-1.091423441,0.248689189,-4.38870481,1.14e-05,0.000137633,"yes","down",0.691822083493135,0.569118912600003,"tissue_specific","Leaf_Shoot","shoot_apex_transition"
"AT1G23830",46.28646406,0.628263813,0.127714322,4.919290204,8.69e-07,1.55e-05,"yes","up",0.763432998471647,0.713189726587633,"tissue_specific","Leaf_Shoot","hypocotyl"
"AT1G23840",12.61231053,1.375465504,0.280056671,4.911382754,9.04e-07,1.6e-05,"yes","up",0.781190347849495,0.575031033729882,"tissue_specific","Leaf_Shoot","senescing_leaf"
"AT1G24140",21.89687392,1.906618527,0.247048529,7.71758706,1.19e-14,1.7e-12,"yes","up",0.888701907056194,0.555801465995378,"tissue_specific","Leaf_Shoot","senescing_leaf"
"AT1G24625",177.7522546,-0.247890803,0.092308429,-2.685462254,0.007242956,0.028319488,"yes","down",0.721771009218633,0.572230900785029,"tissue_specific","Leaf_Shoot","hypocotyl"
"AT1G25390",354.9180243,0.286305314,0.063819669,4.486161068,7.25e-06,9.38e-05,"yes","up",0.601540614076543,0.429436548468274,"tissue_specific","Leaf_Shoot","cauline_leaf"
"AT1G25450",637.8949554,-0.176728269,0.051825835,-3.410041928,0.000649529,0.003995654,"yes","down",0.761422858848678,0.487347082463505,"tissue_specific","Leaf_Shoot","shoot_apex_vegetative_with_leaves"
"AT1G26380",34.5295276,2.726759949,0.356203731,7.655057236,1.93e-14,2.54e-12,"yes","up",0.871319725594666,0.743186472340783,"tissue_specific","Leaf_Shoot","senescing_leaf"
"AT1G26410",3.034900651,0.855149929,0.330694639,2.585920147,0.009711943,0.035777407,"yes","up",0.856834675612945,0.751883957071233,"tissue_specific","Leaf_Shoot","senescing_leaf"
"AT1G26420",23.56295704,1.672789841,0.258395805,6.473749987,9.56e-11,5.56e-09,"yes","up",0.91321085204178,0.715456388969923,"tissue_specific","Leaf_Shoot","senescing_leaf"
"AT1G26760",69.62252426,-1.009059898,0.22951749,-4.396440098,1.1e-05,0.000133642,"yes","down",0.678855066651378,0.396230291165167,"tissue_specific","Leaf_Shoot","shoot_apex_transition"
"AT1G27770",1220.165622,1.046748802,0.171070963,6.118798793,9.43e-10,4.12e-08,"yes","up",0.640727246537523,0.390928929527133,"tissue_specific","Leaf_Shoot","cotyledon"
"AT1G27920",83.91031441,0.354768601,0.101646675,3.490213532,0.000482635,0.003128168,"yes","up",0.902855245207698,0.308044694176966,"tissue_specific","Leaf_Shoot","stem"
"AT1G27980",310.6145925,0.195487346,0.065638424,2.978245577,0.002899036,0.013588979,"yes","up",0.678230894683946,0.415932959798119,"tissue_specific","Leaf_Shoot","senescing_leaf"
"AT1G28110",362.1776573,-0.155670391,0.053474678,-2.911104768,0.003601532,0.016189726,"yes","down",0.641474258800896,0.322906783743252,"tissue_specific","Leaf_Shoot","hypocotyl"
"AT1G28190",65.41244308,0.725825832,0.13938519,5.207338239,1.92e-07,4.25e-06,"yes","up",0.833441714670647,0.536377559744814,"tissue_specific","Leaf_Shoot","senescing_leaf"
"AT1G28290",4005.802469,-0.229383768,0.082683836,-2.774227454,0.005533298,0.022823521,"yes","down",0.745920846806418,0.589939603053381,"tissue_specific","Leaf_Shoot","hypocotyl"
"AT1G28370",41.9787087,1.908796632,0.300585237,6.350267408,2.15e-10,1.14e-08,"yes","up",0.815507123299856,0.601777184780756,"tissue_specific","Leaf_Shoot","cotyledon"
"AT1G28380",515.5823187,0.676678045,0.134280265,5.039296323,4.67e-07,9.15e-06,"yes","up",0.724640042867273,0.588493244193777,"tissue_specific","Leaf_Shoot","senescing_leaf"
"AT1G29070",4349.689482,-0.214425449,0.04138522,-5.181208399,2.2e-07,4.77e-06,"yes","down",0.636193429056266,0.560757092588216,"tissue_specific","Leaf_Shoot","rosette_vegetative"
"AT1G29270",23.69648392,-0.561994428,0.163833308,-3.430281874,0.000602955,0.003758183,"yes","down",0.903517998453789,0.336099463269773,"tissue_specific","Leaf_Shoot","shoot_apex_transition"
"AT1G30520",400.9648007,-0.309526748,0.096463282,-3.208751982,0.001333124,0.007287973,"yes","down",0.745931313073243,0.585456987829014,"tissue_specific","Leaf_Shoot","rosette_vegetative"
"AT1G31040",26.01787269,0.454218066,0.124497919,3.648398867,0.00026388,0.001890136,"yes","up",0.72686941584418,0.548838243954397,"tissue_specific","Leaf_Shoot","shoot_apex_transition"
"AT1G31180",1296.104872,-0.146013743,0.036141387,-4.040070227,5.34e-05,0.000505469,"yes","down",0.726423716320685,0.525193898362592,"tissue_specific","Leaf_Shoot","shoot_apex_vegetative"
"AT1G31335",66.46065229,-0.671010742,0.171394231,-3.915013576,9.04e-05,0.000782298,"yes","down",0.679799855263261,0.401265244089694,"tissue_specific","Leaf_Shoot","hypocotyl"
"AT1G31540",286.8482989,0.695626923,0.128818016,5.400074806,6.66e-08,1.73e-06,"yes","up",0.765104109048864,0.485961479695023,"tissue_specific","Leaf_Shoot","senescing_leaf"
"AT1G31710",494.0121005,-0.252240051,0.080955196,-3.11579817,0.001834478,0.009361765,"yes","down",0.94721687909794,0.8473742843597,"tissue_specific","Leaf_Shoot","hypocotyl"
"AT1G32060",18890.21886,-0.157581035,0.054129743,-2.911172808,0.003600748,0.016189288,"yes","down",0.63920724012747,0.597570371971407,"tissue_specific","Leaf_Shoot","cotyledon"
"AT1G32200",1255.516826,-0.257986071,0.051291155,-5.029835463,4.91e-07,9.55e-06,"yes","down",0.613634046340252,0.451821780949593,"tissue_specific","Leaf_Shoot","rosette_vegetative"
"AT1G32340",234.0151598,0.184457947,0.063907386,2.886332209,0.003897605,0.017263857,"yes","up",0.618289098340426,0.336698884331049,"tissue_specific","Leaf_Shoot","senescing_leaf"
"AT1G32350",1.714384562,1.069053617,0.346193589,3.088022574,0.002014932,0.010112409,"yes","up",0.945173088765901,0.288670407600815,"tissue_specific","Leaf_Shoot","senescing_leaf"
"AT1G32930",95.29478585,-0.211563407,0.076664535,-2.759599421,0.005787227,0.023614733,"yes","down",0.651372297557599,0.470356832931203,"tissue_specific","Leaf_Shoot","shoot_apex_transition"
"AT1G32960",3.341168815,1.101355169,0.328762045,3.350007055,0.000808095,0.004783833,"yes","up",0.93154872945783,0.425288681266498,"tissue_specific","Leaf_Shoot","senescing_leaf"
"AT1G32990",4071.894445,-0.148485911,0.035824906,-4.144767648,3.4e-05,0.000345627,"yes","down",0.636479703563827,0.588065115581403,"tissue_specific","Leaf_Shoot","rosette_vegetative"
"AT1G33030",5.616270465,1.539296259,0.286593482,5.371009313,7.83e-08,1.98e-06,"yes","up",0.917423750351473,0.346199917065165,"tissue_specific","Leaf_Shoot","senescing_leaf"
"AT1G33720",64.71361012,0.445652754,0.169275376,2.632708692,0.008470697,0.032135187,"yes","up",0.908385905842433,0.690356413770267,"tissue_specific","Leaf_Shoot","cotyledon"
"AT1G33760",13.64869497,1.964206948,0.535072984,3.670914074,0.000241685,0.00175732,"yes","up",0.95500345639396,0.775617844060371,"tissue_specific","Leaf_Shoot","cotyledon"
"AT1G33811",601.6867967,-0.281140079,0.061624413,-4.562154281,5.06e-06,6.95e-05,"yes","down",0.80038474561426,0.73865951296252,"tissue_specific","Leaf_Shoot","rosette_vegetative"
"AT1G33970",250.5580636,0.412728624,0.065955819,6.257652911,3.91e-10,1.93e-08,"yes","up",0.794339751277128,0.195365304064089,"tissue_specific","Leaf_Shoot","senescing_leaf"
"AT1G34245",42.3281309,-0.624688705,0.146453742,-4.26543355,2e-05,0.000220702,"yes","down",0.784124753039301,0.404346447323172,"tissue_specific","Leaf_Shoot","shoot_apex_vegetative_with_leaves"
"AT1G34260",374.6723195,0.512806356,0.066815386,7.674974122,1.65e-14,2.25e-12,"yes","up",0.654676484530939,0.237197156790898,"tissue_specific","Leaf_Shoot","senescing_leaf"
"AT1G34355",150.2246985,-0.671853173,0.209098113,-3.21310012,0.001313105,0.007188101,"yes","down",0.704869159917027,0.569569142675969,"tissue_specific","Leaf_Shoot","shoot_apex_transition"
"AT1G34420",64.5023282,0.706392968,0.125252106,5.639769176,1.7e-08,5.32e-07,"yes","up",0.779879138630559,0.496190853551157,"tissue_specific","Leaf_Shoot","senescing_leaf"
"AT1G34750",124.1845291,0.519304232,0.082592428,6.287552539,3.23e-10,1.63e-08,"yes","up",0.750349078562371,0.462215977903231,"tissue_specific","Leaf_Shoot","senescing_leaf"
"AT1G35210",20.57170942,2.337211913,0.28576704,8.17873158,2.87e-16,5.68e-14,"yes","up",0.870948653356578,0.528407326368227,"tissue_specific","Leaf_Shoot","cotyledon"
"AT1G35350",277.6360054,0.546805045,0.207086085,2.640472169,0.008279059,0.031589877,"yes","up",0.829196530903911,0.700407392899308,"tissue_specific","Leaf_Shoot","cotyledon"
"AT1G35680",4824.725269,-0.184131068,0.039596145,-4.650227177,3.32e-06,4.83e-05,"yes","down",0.632964970460115,0.516489907686778,"tissue_specific","Leaf_Shoot","rosette_vegetative"
"AT1G35710",169.1477932,1.632940214,0.271615979,6.011944582,1.83e-09,7.49e-08,"yes","up",0.871493206575127,0.731072636681558,"tissue_specific","Leaf_Shoot","cauline_leaf"
"AT1G36180",301.9137462,1.045095463,0.187106042,5.585578384,2.33e-08,6.97e-07,"yes","up",0.604645051305577,0.486075838811101,"tissue_specific","Leaf_Shoot","shoot_apex_transition"
"AT1G36390",544.180804,-0.103380388,0.039930366,-2.589016827,0.009625039,0.035529447,"yes","down",0.622841065533934,0.493952990199818,"tissue_specific","Leaf_Shoot","shoot_apex_vegetative_with_leaves"
"AT1G42970",32609.45433,-0.160951817,0.042522112,-3.78513221,0.000153627,0.001212974,"yes","down",0.677434670176084,0.601656301375203,"tissue_specific","Leaf_Shoot","cotyledon"
"AT1G43560",1328.275638,-0.102804639,0.036050511,-2.851683227,0.004348841,0.018891601,"yes","down",0.669291728388695,0.603575650999309,"tissue_specific","Leaf_Shoot","rosette_leaf"
"AT1G44130",12.25317671,2.798641427,0.354312614,7.898791397,2.82e-15,4.64e-13,"yes","up",0.832919627413212,0.151838515862083,"tissue_specific","Leaf_Shoot","senescing_leaf"
"AT1G44760",275.9747663,-0.300453129,0.063055307,-4.764914223,1.89e-06,2.99e-05,"yes","down",0.773461359139098,0.747897473413493,"tissue_specific","Leaf_Shoot","shoot_apex_transition"
"AT1G44830",28.84085683,1.459053995,0.213874238,6.822018428,8.98e-12,6.63e-10,"yes","up",0.735213296103432,0.492338475654991,"tissue_specific","Leaf_Shoot","stem"
"AT1G46264",147.7170647,-0.310795122,0.079066092,-3.930826886,8.47e-05,0.000739916,"yes","down",0.80024859799746,0.317006640928452,"tissue_specific","Leaf_Shoot","shoot_apex_transition"
"AT1G47210",317.275187,-0.310021118,0.081871279,-3.786689577,0.000152668,0.00120782,"yes","down",0.715264466370106,0.335809463648718,"tissue_specific","Leaf_Shoot","shoot_apex_transition"
"AT1G47400",182.8089969,0.779082285,0.283874495,2.744460311,0.006061048,0.024510192,"yes","up",0.899156607749059,0.779600321830625,"tissue_specific","Leaf_Shoot","hypocotyl"
"AT1G47410",68.38309779,-0.155417469,0.059803698,-2.598793642,0.009355199,0.034740094,"yes","down",0.768767178750752,0.475519113603702,"tissue_specific","Leaf_Shoot","hypocotyl"
"AT1G47670",363.6888053,-0.252400115,0.072536287,-3.479639279,0.000502089,0.003227639,"yes","down",0.760121207333224,0.696078828531637,"tissue_specific","Leaf_Shoot","stem"
"AT1G47890",4.800086267,1.364151886,0.261569719,5.215251567,1.84e-07,4.1e-06,"yes","up",0.948802570742993,0.451140082496979,"tissue_specific","Leaf_Shoot","senescing_leaf"
"AT1G48260",56.86226316,0.480157525,0.134008249,3.583044534,0.000339613,0.002327912,"yes","up",0.883976477614832,0.169425829806989,"tissue_specific","Leaf_Shoot","senescing_leaf"
"AT1G48490",475.253794,0.135001012,0.050023719,2.698739991,0.006960253,0.027403877,"yes","up",0.633234810157742,0.332009401768752,"tissue_specific","Leaf_Shoot","senescing_leaf"
"AT1G48630",2674.899437,-0.30798811,0.070978275,-4.339188456,1.43e-05,0.000167304,"yes","down",0.642132476261329,0.331789879991596,"tissue_specific","Leaf_Shoot","shoot_apex_vegetative"
"AT1G49000",27.00858561,0.694045689,0.14896222,4.659206131,3.17e-06,4.67e-05,"yes","up",0.939313911624852,0.715291345890288,"tissue_specific","Leaf_Shoot","senescing_leaf"
"AT1G49050",346.971378,1.160355187,0.147265143,7.879360762,3.29e-15,5.31e-13,"yes","up",0.713563087523053,0.493217936530228,"tissue_specific","Leaf_Shoot","senescing_leaf"
"AT1G49230",65.55505568,-0.249987977,0.099081161,-2.523062663,0.011633767,0.041385606,"yes","down",0.790690824557351,0.616415253193658,"tissue_specific","Leaf_Shoot","stem"
"AT1G49600",2087.870296,-0.174301206,0.045075103,-3.866906423,0.000110225,0.000923357,"yes","down",0.641918466092389,0.451377549966329,"tissue_specific","Leaf_Shoot","shoot_apex_vegetative"
"AT1G49870",170.2321026,-1.026674548,0.225620562,-4.550447607,5.35e-06,7.29e-05,"yes","down",0.712549412204935,0.563658720495652,"tissue_specific","Leaf_Shoot","shoot_apex_transition"
"AT1G49975",362.8375914,-0.211679418,0.058734652,-3.603995458,0.000313363,0.002179619,"yes","down",0.626308457370701,0.586942662144359,"tissue_specific","Leaf_Shoot","shoot_apex_vegetative_with_leaves"
"AT1G50450",794.8996546,-0.105268129,0.032982885,-3.191598538,0.001414878,0.007631191,"yes","down",0.623723060053198,0.480012047001176,"tissue_specific","Leaf_Shoot","rosette_vegetative"
"AT1G50490",450.9087653,-0.714508901,0.179974268,-3.970061448,7.19e-05,0.000646989,"yes","down",0.688119958210586,0.456715875745138,"tissue_specific","Leaf_Shoot","shoot_apex_transition"
"AT1G50570",448.8723311,0.110046944,0.03463332,3.177487554,0.001485571,0.007921139,"yes","up",0.67580563091439,0.167062170737277,"tissue_specific","Leaf_Shoot","senescing_leaf"
"AT1G51060",1522.349944,-0.451982396,0.071323781,-6.337050431,2.34e-10,1.23e-08,"yes","down",0.657147817539435,0.422691509875786,"tissue_specific","Leaf_Shoot","shoot_apex_transition"
"AT1G51080",164.008597,-0.204188439,0.071150822,-2.869797342,0.00410735,0.018020203,"yes","down",0.682953519937126,0.623864064316707,"tissue_specific","Leaf_Shoot","rosette_leaf"
"AT1G51100",368.7834402,-0.197854551,0.053747701,-3.68117236,0.000232164,0.001700156,"yes","down",0.602530723400734,0.532333793382186,"tissue_specific","Leaf_Shoot","rosette_vegetative"
"AT1G51110",1056.210446,-0.092736221,0.036380998,-2.549029048,0.01080233,0.038989945,"yes","down",0.67610445509857,0.573746185682586,"tissue_specific","Leaf_Shoot","cotyledon"
"AT1G51270",65.21207033,0.505115571,0.16051992,3.146746971,0.001650978,0.008614098,"yes","up",0.707738473704894,0.374050939348315,"tissue_specific","Leaf_Shoot","senescing_leaf"
"AT1G51380",66.24837906,-0.26422801,0.108166538,-2.442788821,0.014574263,0.049554175,"yes","down",0.763794866899637,0.63635475409295,"tissue_specific","Leaf_Shoot","shoot_apex_transition"
"AT1G51660",283.8634446,0.436539814,0.095706029,4.561257207,5.08e-06,6.97e-05,"yes","up",0.67787179607999,0.283348306121119,"tissue_specific","Leaf_Shoot","senescing_leaf"
"AT1G51805",698.1052173,0.187349714,0.075701848,2.474836719,0.01332971,0.046154709,"yes","up",0.822854776314794,0.702590832981016,"tissue_specific","Leaf_Shoot","cauline_leaf"
"AT1G51890",95.42033914,0.701685456,0.129862776,5.403283971,6.54e-08,1.7e-06,"yes","up",0.922137775391762,0.69079786885621,"tissue_specific","Leaf_Shoot","senescing_leaf"
"AT1G52150",563.3902073,-0.149066273,0.046326234,-3.217750728,0.001292,0.007089462,"yes","down",0.828938024347422,0.44987722266115,"tissue_specific","Leaf_Shoot","stem"
"AT1G52230",8137.798879,-0.196954994,0.060383066,-3.261758743,0.001107233,0.006224854,"yes","down",0.623767141264281,0.589135425608759,"tissue_specific","Leaf_Shoot","cotyledon"
"AT1G52760",834.3422646,-0.186700418,0.045473474,-4.105699436,4.03e-05,0.000398078,"yes","down",0.751141749009841,0.550625349210779,"tissue_specific","Leaf_Shoot","stem"
"AT1G52930",658.8944413,-0.176117,0.070287012,-2.505683397,0.0122215,0.043025301,"yes","down",0.705063971066948,0.401991040925991,"tissue_specific","Leaf_Shoot","shoot_apex_vegetative"
"AT1G53440",574.9069624,0.466180614,0.149620721,3.115749014,0.001834784,0.009361765,"yes","up",0.61129605635769,0.50680223602839,"tissue_specific","Leaf_Shoot","hypocotyl"
"AT1G53580",613.6890663,0.190508738,0.069051029,2.758955797,0.005798638,0.023644921,"yes","up",0.644949088104667,0.565800975871539,"tissue_specific","Leaf_Shoot","senescing_leaf"
"AT1G53590",475.4519249,0.119938396,0.040149928,2.987263035,0.002814874,0.013260398,"yes","up",0.62904152885926,0.352190614976821,"tissue_specific","Leaf_Shoot","stem"
"AT1G53645",632.5497561,-0.104950061,0.041747993,-2.513894751,0.011940606,0.042273481,"yes","down",0.61852419288418,0.420803681143319,"tissue_specific","Leaf_Shoot","shoot_apex_transition"
"AT1G53800",959.7148958,-0.170751008,0.052741144,-3.237529475,0.001205695,0.00668592,"yes","down",0.6457567238114,0.420053153427078,"tissue_specific","Leaf_Shoot","shoot_apex_vegetative_with_leaves"
"AT1G54000",1405.109703,-0.177612807,0.070744307,-2.510630392,0.012051581,0.042535096,"yes","down",0.866771166455367,0.813050635400471,"tissue_specific","Leaf_Shoot","hypocotyl"
"AT1G54690",541.0365838,-0.277071308,0.070408881,-3.935175581,8.31e-05,0.000728536,"yes","down",0.671510028778199,0.31519073289477,"tissue_specific","Leaf_Shoot","shoot_apex_transition"
"AT1G55180",94.39988156,0.152651527,0.062448534,2.444437319,0.014507829,0.049363893,"yes","up",0.691899956509967,0.488798259789172,"tissue_specific","Leaf_Shoot","stem"
"AT1G55200",130.3423283,-0.398001747,0.095906747,-4.149882686,3.33e-05,0.000339604,"yes","down",0.844394327112169,0.768428017863484,"tissue_specific","Leaf_Shoot","shoot_apex_transition"
"AT1G55370",382.4604258,-0.215006716,0.063241675,-3.399763173,0.000674442,0.004123089,"yes","down",0.658021517257546,0.613623556877182,"tissue_specific","Leaf_Shoot","rosette_vegetative"
"AT1G55480",2780.392245,-0.153248367,0.040248029,-3.807599259,0.000140322,0.001126183,"yes","down",0.615000509929001,0.543116521585114,"tissue_specific","Leaf_Shoot","cotyledon"
"AT1G55490",14061.63383,-0.190237417,0.05035921,-3.77760928,0.000158341,0.001242948,"yes","down",0.634859431229332,0.526712341171423,"tissue_specific","Leaf_Shoot","rosette_vegetative"
"AT1G55760",102.3136927,0.479868339,0.090496549,5.302614769,1.14e-07,2.76e-06,"yes","up",0.87067813480547,0.363908743249068,"tissue_specific","Leaf_Shoot","senescing_leaf"
"AT1G55850",1061.639998,0.33521042,0.054133156,6.192330948,5.93e-10,2.77e-08,"yes","up",0.783162774472958,0.387785394857575,"tissue_specific","Leaf_Shoot","cauline_leaf"
"AT1G55920",749.2525276,0.354989271,0.073248503,4.846368982,1.26e-06,2.11e-05,"yes","up",0.84483954848903,0.719031443064864,"tissue_specific","Leaf_Shoot","senescing_leaf"
"AT1G56050",1083.540168,-0.228084982,0.051597741,-4.420445127,9.85e-06,0.000121501,"yes","down",0.689088346544834,0.592892100622389,"tissue_specific","Leaf_Shoot","shoot_apex_vegetative_with_leaves"
"AT1G56120",69.38632623,1.02260486,0.176567958,5.791565317,6.97e-09,2.44e-07,"yes","up",0.686417460043517,0.648682636237439,"tissue_specific","Leaf_Shoot","senescing_leaf"
"AT1G56150",30.05569738,0.864426567,0.197785376,4.370528211,1.24e-05,0.000147738,"yes","up",0.82616500511493,0.69185709351363,"tissue_specific","Leaf_Shoot","cauline_leaf"
"AT1G56510",703.9658819,1.486242506,0.185038514,8.032071139,9.58e-16,1.71e-13,"yes","up",0.765920502792003,0.647591054752109,"tissue_specific","Leaf_Shoot","cotyledon"
"AT1G56520",158.8817808,0.751512105,0.121645068,6.177908544,6.5e-10,2.99e-08,"yes","up",0.908065798882258,0.586825714860036,"tissue_specific","Leaf_Shoot","cotyledon"
"AT1G57630",9.525622984,2.444043948,0.350108004,6.980828546,2.93e-12,2.51e-10,"yes","up",0.926888543904129,0.64373344230121,"tissue_specific","Leaf_Shoot","senescing_leaf"
"AT1G57820",566.5435517,-0.249760957,0.097538277,-2.560645562,0.010447789,0.037948493,"yes","down",0.819754269265858,0.688256701330329,"tissue_specific","Leaf_Shoot","shoot_apex_transition"
"AT1G58290",4353.789988,-0.321938543,0.101028551,-3.186609525,0.00143951,0.007729741,"yes","down",0.700244824398405,0.513237498415129,"tissue_specific","Leaf_Shoot","rosette_vegetative"
"AT1G58300",7.137810865,1.718208998,0.350352351,4.904231385,9.38e-07,1.65e-05,"yes","up",0.715780949936978,0.32775881368597,"tissue_specific","Leaf_Shoot","cotyledon"
"AT1G58420",25.08112152,1.667118322,0.236629593,7.045265575,1.85e-12,1.66e-10,"yes","up",0.760774556649083,0.547759772687589,"tissue_specific","Leaf_Shoot","senescing_leaf"
"AT1G58807",949.0595845,0.125953448,0.041214971,3.056012037,0.002243023,0.011020169,"yes","up",0.605211129251786,0.531600662308653,"tissue_specific","Leaf_Shoot","cauline_leaf"
"AT1G59540",190.7664853,-0.558352911,0.174673547,-3.196551056,0.001390812,0.007547333,"yes","down",0.74044568443158,0.592776106161553,"tissue_specific","Leaf_Shoot","shoot_apex_transition"
"AT1G59620",118.9699283,0.504692468,0.124653085,4.048776393,5.15e-05,0.000489981,"yes","up",0.724571262372402,0.466735219503597,"tissue_specific","Leaf_Shoot","senescing_leaf"
"AT1G59870",7587.021467,0.581836541,0.139484387,4.17133812,3.03e-05,0.000313771,"yes","up",0.755807100376302,0.623350463221552,"tissue_specific","Leaf_Shoot","cauline_leaf"
"AT1G60130",8.917735223,-0.432822318,0.145267013,-2.979494846,0.002887241,0.013541769,"yes","down",0.678354190926726,0.501762085800326,"tissue_specific","Leaf_Shoot","hypocotyl"
"AT1G60230",356.5000808,-0.125402002,0.036796866,-3.407953296,0.000654521,0.004016929,"yes","down",0.672098249390981,0.534733540381884,"tissue_specific","Leaf_Shoot","rosette_vegetative"
"AT1G60550",939.9539554,-0.170219834,0.069693804,-2.442395492,0.014590153,0.04960105,"yes","down",0.688898374929021,0.55009083416412,"tissue_specific","Leaf_Shoot","rosette_vegetative"
"AT1G60630",74.95940139,-0.267398844,0.062768285,-4.260094801,2.04e-05,0.000225454,"yes","down",0.74614391172953,0.537854555209055,"tissue_specific","Leaf_Shoot","shoot_apex_transition"
"AT1G60810",510.0805743,-0.164049561,0.042364154,-3.872367255,0.000107783,0.00090548,"yes","down",0.629495348554383,0.449120936584151,"tissue_specific","Leaf_Shoot","stem"
"AT1G61260",128.7736786,0.423364681,0.140902117,3.004672259,0.002658672,0.012653516,"yes","up",0.640070183949246,0.328252333096753,"tissue_specific","Leaf_Shoot","hypocotyl"
"AT1G61340",68.62979313,1.526017129,0.311566664,4.897883199,9.69e-07,1.69e-05,"yes","up",0.706327303837186,0.559403242366295,"tissue_specific","Leaf_Shoot","shoot_apex_vegetative_with_leaves"
"AT1G61380",282.4028614,0.42289641,0.092574087,4.568194226,4.92e-06,6.79e-05,"yes","up",0.674563820036515,0.574046226483628,"tissue_specific","Leaf_Shoot","senescing_leaf"
"AT1G61420",56.49954135,0.26261975,0.095432745,2.751883008,0.005925369,0.024053506,"yes","up",0.860429361444254,0.242074985438425,"tissue_specific","Leaf_Shoot","senescing_leaf"
"AT1G61450",36.54660397,-0.539090441,0.190401109,-2.831340867,0.004635329,0.019877864,"yes","down",0.738507715409596,0.600183309029821,"tissue_specific","Leaf_Shoot","shoot_apex_transition"
"AT1G61460",29.65215442,0.935458971,0.129714505,7.211675887,5.53e-13,5.52e-11,"yes","up",0.792775031685455,0.224800371731446,"tissue_specific","Leaf_Shoot","senescing_leaf"
"AT1G61660",344.6783045,0.265172541,0.044402348,5.972038695,2.34e-09,9.33e-08,"yes","up",0.607062300528536,0.379461265932521,"tissue_specific","Leaf_Shoot","stem"
"AT1G62630",252.281669,0.205602983,0.075139923,2.736268227,0.006214035,0.024971608,"yes","up",0.774594278264694,0.622006157332203,"tissue_specific","Leaf_Shoot","cauline_leaf"
"AT1G62750",10178.85895,-0.149908619,0.041599392,-3.603625236,0.000313809,0.002181489,"yes","down",0.614429949778932,0.605026672623914,"tissue_specific","Leaf_Shoot","cotyledon"
"AT1G62780",1952.651788,-0.167594204,0.039265481,-4.268232535,1.97e-05,0.000218567,"yes","down",0.730736337248099,0.674894570683416,"tissue_specific","Leaf_Shoot","rosette_leaf"
"AT1G63100",308.8256504,-0.947039886,0.238379502,-3.972824329,7.1e-05,0.000640996,"yes","down",0.719477350272734,0.566641976417455,"tissue_specific","Leaf_Shoot","shoot_apex_transition"
"AT1G63350",42.25952208,0.753724142,0.164435756,4.583699793,4.57e-06,6.36e-05,"yes","up",0.6969052081835,0.360945376710202,"tissue_specific","Leaf_Shoot","senescing_leaf"
"AT1G63650",115.5835522,-0.592361018,0.1127179,-5.255252418,1.48e-07,3.44e-06,"yes","down",0.808260749980479,0.644905137299557,"tissue_specific","Leaf_Shoot","shoot_apex_transition"
"AT1G63680",1086.693248,-0.195335246,0.058784311,-3.322914615,0.000890822,0.005185023,"yes","down",0.667578087864169,0.432489235702723,"tissue_specific","Leaf_Shoot","shoot_apex_vegetative_with_leaves"
"AT1G63720",85.76440061,1.135958178,0.167280507,6.790738487,1.12e-11,8.09e-10,"yes","up",0.725585214521956,0.502604714468859,"tissue_specific","Leaf_Shoot","senescing_leaf"
"AT1G63880",574.2008272,0.31898994,0.079549927,4.009933771,6.07e-05,0.000564783,"yes","up",0.791487847032982,0.620267873555378,"tissue_specific","Leaf_Shoot","senescing_leaf"
"AT1G64150",516.6811259,-0.168331281,0.038314402,-4.393420582,1.12e-05,0.000135113,"yes","down",0.62680208294289,0.541385531357607,"tissue_specific","Leaf_Shoot","rosette_vegetative"
"AT1G64160",2.615825538,0.879522545,0.336501994,2.61372164,0.008956197,0.03357753,"yes","up",0.780125471851105,0.73057239240046,"tissue_specific","Leaf_Shoot","hypocotyl"
"AT1G64260",12.39772796,0.391388147,0.140130193,2.793032244,0.005221649,0.021801262,"yes","up",0.755581077121816,0.344634941177189,"tissue_specific","Leaf_Shoot","shoot_apex_transition"
"AT1G64280",419.9797376,0.220203823,0.060447234,3.642909811,0.000269573,0.001918675,"yes","up",0.638016499239603,0.301278810038315,"tissue_specific","Leaf_Shoot","senescing_leaf"
"AT1G64510",4294.6598,-0.156016974,0.029533223,-5.282761462,1.27e-07,3.02e-06,"yes","down",0.659201478001771,0.613203803303488,"tissue_specific","Leaf_Shoot","rosette_vegetative"
"AT1G65390",272.4298204,1.684139479,0.316478037,5.321505065,1.03e-07,2.51e-06,"yes","up",0.88195399715509,0.769582823780165,"tissue_specific","Leaf_Shoot","cotyledon"
"AT1G65690",168.2508503,0.412200292,0.103838435,3.9696312,7.2e-05,0.000647663,"yes","up",0.926563651740049,0.85831491406817,"tissue_specific","Leaf_Shoot","senescing_leaf"
"AT1G65790",7.428372204,1.957271254,0.375244963,5.215982747,1.83e-07,4.09e-06,"yes","up",0.864257152073736,0.652354461671443,"tissue_specific","Leaf_Shoot","senescing_leaf"
"AT1G65900",143.3432682,-0.246641999,0.098490714,-2.504215769,0.012272317,0.043159225,"yes","down",0.716793121849826,0.620231843325568,"tissue_specific","Leaf_Shoot","shoot_apex_transition"
"AT1G66040",53.36675667,3.14691779,0.42258201,7.446880647,9.56e-14,1.1e-11,"yes","up",0.638771831869774,0.326259041297111,"tissue_specific","Leaf_Shoot","hypocotyl"
"AT1G66090",108.8644784,2.320217655,0.380264416,6.101590247,1.05e-09,4.52e-08,"yes","up",0.901688931823495,0.661311754003765,"tissue_specific","Leaf_Shoot","cotyledon"
"AT1G66100",458.4035078,-0.422367631,0.102421614,-4.123813465,3.73e-05,0.000373173,"yes","down",0.924661956654777,0.745877556709263,"tissue_specific","Leaf_Shoot","cotyledon"
"AT1G66160",139.7944985,0.922090681,0.221504516,4.162852735,3.14e-05,0.000323533,"yes","up",0.904561421596317,0.639273103968125,"tissue_specific","Leaf_Shoot","cotyledon"
"AT1G66230",60.25408049,-0.314840185,0.116424946,-2.704233037,0.006846226,0.027050722,"yes","down",0.883210986127169,0.573325324269449,"tissue_specific","Leaf_Shoot","stem"
"AT1G66250",268.651302,-0.486488551,0.094335,-5.15703135,2.51e-07,5.34e-06,"yes","down",0.668521953861559,0.455261645435478,"tissue_specific","Leaf_Shoot","shoot_apex_transition"
"AT1G66670",1664.16333,-0.070188355,0.025682971,-2.732875203,0.006278412,0.025174519,"yes","down",0.622187969920805,0.421946291588608,"tissue_specific","Leaf_Shoot","cauline_leaf"
"AT1G66810",47.01287055,0.946448455,0.174667194,5.418581673,6.01e-08,1.58e-06,"yes","up",0.756845457311348,0.169233607695739,"tissue_specific","Leaf_Shoot","stem"
"AT1G66830",15.1444592,0.638342447,0.161228219,3.959247643,7.52e-05,0.000669575,"yes","up",0.801976031076084,0.4976440864471,"tissue_specific","Leaf_Shoot","senescing_leaf"
"AT1G66880",300.2072972,0.667442903,0.120665651,5.531341322,3.18e-08,9.11e-07,"yes","up",0.868828712544274,0.439630179148816,"tissue_specific","Leaf_Shoot","senescing_leaf"
"AT1G66910",146.3909192,0.166805945,0.065299174,2.554487839,0.010634414,0.038494448,"yes","up",0.849004744016458,0.714834568041857,"tissue_specific","Leaf_Shoot","senescing_leaf"
"AT1G67040",200.3425445,-0.175388161,0.070088939,-2.502365752,0.01233664,0.043327119,"yes","down",0.813696979459471,0.713059269705109,"tissue_specific","Leaf_Shoot","shoot_apex_transition"
"AT1G67470",124.1213859,0.811247214,0.157734395,5.143121866,2.7e-07,5.68e-06,"yes","up",0.736347712963339,0.540117135350816,"tissue_specific","Leaf_Shoot","cotyledon"
"AT1G67740",15890.64194,-0.149644167,0.052505764,-2.850052168,0.004371206,0.018950787,"yes","down",0.618663945829532,0.557350330699193,"tissue_specific","Leaf_Shoot","cotyledon"
"AT1G67800",205.4598675,0.444396389,0.076188613,5.832845277,5.45e-09,1.98e-07,"yes","up",0.803820984365192,0.516248215098757,"tissue_specific","Leaf_Shoot","senescing_leaf"
"AT1G67970",94.85371883,0.841541221,0.120891404,6.961133641,3.38e-12,2.82e-10,"yes","up",0.769065878143818,0.434175772663898,"tissue_specific","Leaf_Shoot","senescing_leaf"
"AT1G67980",2.891167392,1.192440159,0.273204074,4.364649986,1.27e-05,0.00015136,"yes","up",0.902933360519379,0.350608676152722,"tissue_specific","Leaf_Shoot","senescing_leaf"
"AT1G68010",9357.519245,-0.156390874,0.05504835,-2.840972989,0.004497612,0.019378946,"yes","down",0.650114726193354,0.636847562064554,"tissue_specific","Leaf_Shoot","cotyledon"
"AT1G68200",73.02757433,2.856239017,0.297840612,9.589823879,8.82e-22,4.52e-19,"yes","up",0.938946078316424,0.512453960293258,"tissue_specific","Leaf_Shoot","stem"
"AT1G68360",21.91921962,0.360678428,0.128411024,2.808780879,0.004972948,0.021012243,"yes","up",0.805314528652682,0.649414897283886,"tissue_specific","Leaf_Shoot","stem"
"AT1G68430",31.51470427,-0.286914674,0.095582761,-3.001740791,0.002684406,0.012749447,"yes","down",0.774305268122951,0.396066820368129,"tissue_specific","Leaf_Shoot","hypocotyl"
"AT1G68590",4300.063034,-0.167831402,0.038918983,-4.312327571,1.62e-05,0.000185489,"yes","down",0.649358766173215,0.609631238203283,"tissue_specific","Leaf_Shoot","rosette_leaf"
"AT1G68620",75.64461846,0.412122085,0.157405458,2.618219785,0.008838985,0.033194425,"yes","up",0.9107838018449,0.723341340541246,"tissue_specific","Leaf_Shoot","senescing_leaf"
"AT1G68640",68.70235834,-0.41300789,0.119291378,-3.462177212,0.000535824,0.003403661,"yes","down",0.878307088489654,0.779662524447668,"tissue_specific","Leaf_Shoot","shoot_apex_transition"
"AT1G68820",225.726837,0.307161458,0.071555676,4.292621844,1.77e-05,0.000199254,"yes","up",0.678076750358253,0.423355808405785,"tissue_specific","Leaf_Shoot","senescing_leaf"
"AT1G69040",547.9096787,-0.310029396,0.077930605,-3.978275236,6.94e-05,0.000630257,"yes","down",0.771795167504259,0.516663210760291,"tissue_specific","Leaf_Shoot","shoot_apex_transition"
"AT1G69080",30.49714154,-0.2375286,0.084622827,-2.806909294,0.005001932,0.021104448,"yes","down",0.940853118039927,0.534672669381338,"tissue_specific","Leaf_Shoot","stem"
"AT1G69200",1022.668572,-0.226536322,0.080376257,-2.818448244,0.004825639,0.020534705,"yes","down",0.776329974272274,0.494891895495183,"tissue_specific","Leaf_Shoot","shoot_apex_vegetative_with_leaves"
"AT1G69230",21.23415377,-0.420021828,0.156946011,-2.67621857,0.007445807,0.028954142,"yes","down",0.970883517310509,0.730763480678848,"tissue_specific","Leaf_Shoot","hypocotyl"
"AT1G69270",137.3641631,0.410611038,0.091370333,4.493920778,6.99e-06,9.08e-05,"yes","up",0.767779362111488,0.418380413218796,"tissue_specific","Leaf_Shoot","senescing_leaf"
"AT1G69700",258.4955565,-0.173279791,0.051521722,-3.363237576,0.00077034,0.004603101,"yes","down",0.661923965834185,0.515490694035048,"tissue_specific","Leaf_Shoot","shoot_apex_transition"
"AT1G70250",242.6012399,0.656322616,0.126277504,5.197462714,2.02e-07,4.44e-06,"yes","up",0.729106677695161,0.462527454873311,"tissue_specific","Leaf_Shoot","senescing_leaf"
"AT1G70510",16.23350487,0.273449462,0.107975018,2.532525273,0.011324421,0.040465449,"yes","up",0.828916336778762,0.74171329297894,"tissue_specific","Leaf_Shoot","shoot_apex_transition"
"AT1G70690",107.3006724,0.24284781,0.079862221,3.040834642,0.002359234,0.011466848,"yes","up",0.863604877556799,0.733076078875671,"tissue_specific","Leaf_Shoot","stem"
"AT1G70760",1761.61695,-0.109250188,0.042046784,-2.598300721,0.009368641,0.034778736,"yes","down",0.768826574142105,0.636819954768754,"tissue_specific","Leaf_Shoot","cotyledon"
"AT1G70810",113.3019693,0.401196929,0.095198878,4.214303149,2.51e-05,0.000268465,"yes","up",0.742315701838831,0.502393449502363,"tissue_specific","Leaf_Shoot","senescing_leaf"
"AT1G71970",149.6792732,-0.311950737,0.12742247,-2.448161111,0.014358743,0.048941391,"yes","down",0.608793444597049,0.262625017410557,"tissue_specific","Leaf_Shoot","stem"
"AT1G72220",30.29597825,-0.307638776,0.110122437,-2.793606669,0.005212384,0.021769996,"yes","down",0.794365938211647,0.848358424174135,"tissue_specific","Leaf_Shoot","stem"
"AT1G72230",176.8699371,-0.228717914,0.067545495,-3.386131277,0.000708855,0.004297796,"yes","down",0.871428362848884,0.478783855807458,"tissue_specific","Leaf_Shoot","stem"
"AT1G72520",196.0367052,2.319344235,0.316510712,7.32785384,2.34e-13,2.46e-11,"yes","up",0.838229034317125,0.719484202988291,"tissue_specific","Leaf_Shoot","cotyledon"
"AT1G72730",404.8009235,-0.295867338,0.074406591,-3.976359278,7e-05,0.000633244,"yes","down",0.60859165873317,0.590179848393309,"tissue_specific","Leaf_Shoot","shoot_apex_vegetative"
"AT1G72890",52.22252692,-0.226408215,0.090482998,-2.502218325,0.012341779,0.043335315,"yes","down",0.842722535665102,0.41365584426019,"tissue_specific","Leaf_Shoot","senescing_leaf"
"AT1G72920",60.3312118,1.67628264,0.248527714,6.744851958,1.53e-11,1.08e-09,"yes","up",0.880819994308096,0.670199161317977,"tissue_specific","Leaf_Shoot","cotyledon"
"AT1G72940",188.8980935,1.103049552,0.206117676,5.35155245,8.72e-08,2.18e-06,"yes","up",0.84115457478858,0.722987552570626,"tissue_specific","Leaf_Shoot","cotyledon"
"AT1G73110",750.3516878,-0.142552856,0.041856731,-3.405733174,0.000659866,0.004046574,"yes","down",0.726320901136343,0.606334792707317,"tissue_specific","Leaf_Shoot","cotyledon"
"AT1G73500",230.8230301,1.320246694,0.178942962,7.378030839,1.61e-13,1.75e-11,"yes","up",0.649733133807132,0.252060793568779,"tissue_specific","Leaf_Shoot","senescing_leaf"
"AT1G73690",52.90535727,-0.462041485,0.106885342,-4.322776885,1.54e-05,0.000178305,"yes","down",0.682479309424827,0.398294935406337,"tissue_specific","Leaf_Shoot","shoot_apex_transition"
"AT1G73805",68.46216629,2.371429305,0.288317747,8.225054933,1.95e-16,3.93e-14,"yes","up",0.861859367464188,0.581357606237486,"tissue_specific","Leaf_Shoot","senescing_leaf"
"AT1G73940",568.4653917,-0.104297437,0.03407577,-3.060750664,0.002207829,0.010881276,"yes","down",0.614964402749018,0.369801131713808,"tissue_specific","Leaf_Shoot","shoot_apex_transition"
"AT1G74360",86.12404668,0.750677444,0.113102179,6.637161655,3.2e-11,2.08e-09,"yes","up",0.851254313870986,0.420359499191128,"tissue_specific","Leaf_Shoot","senescing_leaf"
"AT1G74440",56.07893604,1.535941902,0.168782644,9.100117567,9.02e-20,3.45e-17,"yes","up",0.685396338345745,0.450569903449455,"tissue_specific","Leaf_Shoot","cotyledon"
"AT1G74560",1408.283473,-0.111762236,0.044631537,-2.504109045,0.012276019,0.043159225,"yes","down",0.624742087518376,0.313589551517048,"tissue_specific","Leaf_Shoot","shoot_apex_transition"
"AT1G74590",54.85327097,0.42238707,0.074684409,5.655625782,1.55e-08,4.93e-07,"yes","up",0.937745026077575,0.927910538338823,"tissue_specific","Leaf_Shoot","senescing_leaf"
"AT1G74710",185.9351572,0.537010801,0.13953805,3.848490083,0.000118848,0.000981642,"yes","up",0.850575344532476,0.325952222107365,"tissue_specific","Leaf_Shoot","senescing_leaf"
"AT1G74730",2261.302386,-0.210313641,0.043547221,-4.82955367,1.37e-06,2.28e-05,"yes","down",0.696891297293336,0.576926649562897,"tissue_specific","Leaf_Shoot","rosette_vegetative"
"AT1G74880",1111.216929,-0.095194099,0.03786168,-2.514259769,0.011928254,0.042245301,"yes","down",0.661654929470071,0.63804124805169,"tissue_specific","Leaf_Shoot","rosette_leaf"
"AT1G74890",30.22265073,-0.537572535,0.16028814,-3.3537886,0.000797132,0.004732007,"yes","down",0.811015569286298,0.498597031057991,"tissue_specific","Leaf_Shoot","shoot_apex_vegetative"
"AT1G74970",3505.358336,-0.168653262,0.03473507,-4.855417385,1.2e-06,2.03e-05,"yes","down",0.73248176012225,0.606484196328157,"tissue_specific","Leaf_Shoot","rosette_vegetative"
"AT1G75040",158.523217,0.432099825,0.165252407,2.614786885,0.008928315,0.03349799,"yes","up",0.854894183799755,0.672718784524056,"tissue_specific","Leaf_Shoot","senescing_leaf"
"AT1G75460",1442.286383,-0.21146945,0.083179461,-2.542327731,0.011011687,0.039592392,"yes","down",0.729235305472068,0.619223816283296,"tissue_specific","Leaf_Shoot","cotyledon"
"AT1G76040",188.478219,0.546066452,0.084759749,6.442520841,1.18e-10,6.66e-09,"yes","up",0.811821337926261,0.363583625797744,"tissue_specific","Leaf_Shoot","stem"
"AT1G76100",1739.052411,-0.259139628,0.081543073,-3.177947793,0.001483215,0.007910366,"yes","down",0.690296566258779,0.615114320896038,"tissue_specific","Leaf_Shoot","rosette_vegetative"
"AT1G76120",150.056024,-0.268348051,0.076503567,-3.507654094,0.000452076,0.002965989,"yes","down",0.658397803611659,0.323953385647166,"tissue_specific","Leaf_Shoot","shoot_apex_transition"
"AT1G76180",4762.028976,1.158539228,0.176813134,6.552336921,5.66e-11,3.51e-09,"yes","up",0.689139938832495,0.351359207324446,"tissue_specific","Leaf_Shoot","stem"
"AT1G76280",279.1626038,-0.147540906,0.050074285,-2.946440598,0.003214542,0.014782752,"yes","down",0.727391907579001,0.433288960251495,"tissue_specific","Leaf_Shoot","shoot_apex_transition"
"AT1G76310",177.1248075,-0.724782946,0.234965376,-3.084637227,0.002038006,0.010215162,"yes","down",0.754370640816806,0.605978354956836,"tissue_specific","Leaf_Shoot","shoot_apex_transition"
"AT1G76360",266.3127247,0.682129459,0.117501603,5.805277882,6.43e-09,2.28e-07,"yes","up",0.817654470019886,0.647593793304946,"tissue_specific","Leaf_Shoot","senescing_leaf"
"AT1G76390",233.6785744,0.215632645,0.046774702,4.610027115,4.03e-06,5.7e-05,"yes","up",0.698861498571474,0.257476363173993,"tissue_specific","Leaf_Shoot","senescing_leaf"
"AT1G76450",1296.994946,-0.182147254,0.032380638,-5.625190348,1.85e-08,5.71e-07,"yes","down",0.682643973407186,0.603898655286697,"tissue_specific","Leaf_Shoot","cotyledon"
"AT1G76520",535.8018626,0.281092241,0.058669571,4.791107833,1.66e-06,2.67e-05,"yes","up",0.775557329631211,0.37581117550003,"tissue_specific","Leaf_Shoot","cauline_leaf"
"AT1G76650",68.56354052,2.007418977,0.426778456,4.703655837,2.56e-06,3.86e-05,"yes","up",0.849340355391845,0.401455452100045,"tissue_specific","Leaf_Shoot","cotyledon"
"AT1G76930",4098.24082,0.414089989,0.085067763,4.867766282,1.13e-06,1.92e-05,"yes","up",0.94333265026863,0.832031410036224,"tissue_specific","Leaf_Shoot","hypocotyl"
"AT1G77660",86.23262935,-0.203972543,0.063320597,-3.22126691,0.001276252,0.007019388,"yes","down",0.737386204603182,0.261288181064947,"tissue_specific","Leaf_Shoot","senescing_leaf"
"AT1G77890",120.3409291,0.562743689,0.103291857,5.448093452,5.09e-08,1.38e-06,"yes","up",0.648100250665155,0.10894320176416,"tissue_specific","Leaf_Shoot","senescing_leaf"
"AT1G77920",251.7722674,0.265957163,0.078606956,3.38337951,0.000715996,0.004334406,"yes","up",0.898258641941044,0.679024964073798,"tissue_specific","Leaf_Shoot","senescing_leaf"
"AT1G77930",497.8205543,0.406104245,0.09858681,4.119255356,3.8e-05,0.000379182,"yes","up",0.708104836819347,0.404260090251444,"tissue_specific","Leaf_Shoot","senescing_leaf"
"AT1G78410",14.18019346,2.06838599,0.320596532,6.451679249,1.11e-10,6.3e-09,"yes","up",0.854353500980285,0.684839895992042,"tissue_specific","Leaf_Shoot","senescing_leaf"
"AT1G78430",133.9790448,-0.663081168,0.157136089,-4.219789168,2.45e-05,0.000262612,"yes","down",0.743521082516036,0.674357935894985,"tissue_specific","Leaf_Shoot","shoot_apex_vegetative"
"AT1G78490",175.5746183,0.27841853,0.092701104,3.003400352,0.00266981,0.012698834,"yes","up",0.792985496258511,0.395748071677769,"tissue_specific","Leaf_Shoot","hypocotyl"
"AT1G78630",6970.65243,-0.164708893,0.033220931,-4.95798549,7.12e-07,1.31e-05,"yes","down",0.649896640342148,0.57703369089243,"tissue_specific","Leaf_Shoot","rosette_vegetative"
"AT1G79310",16.14877518,-0.397028997,0.13633874,-2.912077638,0.003590334,0.016154789,"yes","down",0.859451703338502,0.888607267899333,"tissue_specific","Leaf_Shoot","hypocotyl"
"AT1G79380",515.811996,0.21508738,0.0754315,2.851426537,0.004352354,0.018894668,"yes","up",0.603036593674404,0.383468381679344,"tissue_specific","Leaf_Shoot","senescing_leaf"
"AT1G79560",1575.850402,-0.13195099,0.050381217,-2.619051281,0.008817469,0.033145304,"yes","down",0.635961661660973,0.40507926203522,"tissue_specific","Leaf_Shoot","shoot_apex_vegetative_with_leaves"
"AT1G79620",133.7535467,0.284439551,0.086012294,3.306963892,0.00094313,0.005448086,"yes","up",0.947978199982035,0.585686881833588,"tissue_specific","Leaf_Shoot","stem"
"AT1G79680",4.440631122,1.844107856,0.317373381,5.810530955,6.23e-09,2.23e-07,"yes","up",0.76960651863114,0.381383024625805,"tissue_specific","Leaf_Shoot","senescing_leaf"
"AT1G79760",25.76782441,-0.431571392,0.114084447,-3.782911714,0.000155004,0.001221027,"yes","down",0.898351714962647,0.854548964760448,"tissue_specific","Leaf_Shoot","hypocotyl"
"AT1G79790",335.9226909,-0.174107346,0.059919306,-2.905696985,0.003664361,0.016409572,"yes","down",0.65272638126269,0.574116318825203,"tissue_specific","Leaf_Shoot","cotyledon"
"AT1G79890",73.15933625,0.280751218,0.063220036,4.440858217,8.96e-06,0.000112587,"yes","up",0.648113802043434,0.448722651815364,"tissue_specific","Leaf_Shoot","shoot_apex_transition"
"AT1G80050",149.0287956,-0.27498298,0.073576502,-3.737375031,0.000185951,0.001413099,"yes","down",0.638593978294883,0.28248853229902,"tissue_specific","Leaf_Shoot","shoot_apex_transition"
"AT1G80080",240.7220203,-0.32488425,0.072356589,-4.490043762,7.12e-06,9.22e-05,"yes","down",0.65568280624089,0.418055665917648,"tissue_specific","Leaf_Shoot","rosette_vegetative"
"AT1G80690",137.4818462,-0.18853062,0.0535468,-3.520856908,0.000430155,0.002843532,"yes","down",0.784325661627003,0.597908015511111,"tissue_specific","Leaf_Shoot","hypocotyl"
"AT1G80840",174.7922776,3.156616237,0.409489215,7.708667583,1.27e-14,1.81e-12,"yes","up",0.82690073659237,0.606129194658512,"tissue_specific","Leaf_Shoot","cotyledon"
"AT2G01110",1570.947012,-0.097141357,0.026301059,-3.69343902,0.000221242,0.001633363,"yes","down",0.671660408806398,0.504448413915633,"tissue_specific","Leaf_Shoot","cotyledon"
"AT2G01300",22.56433323,1.095918173,0.339572722,3.227344552,0.001249449,0.006892877,"yes","up",0.80733927595914,0.470063643591963,"tissue_specific","Leaf_Shoot","cotyledon"
"AT2G01420",910.6878479,-0.272804491,0.066588409,-4.096876516,4.19e-05,0.000411483,"yes","down",0.724458399878916,0.597810774938745,"tissue_specific","Leaf_Shoot","cauline_leaf"
"AT2G01590",451.0253081,-0.138333591,0.055403661,-2.496831232,0.012530858,0.043904565,"yes","down",0.627055922544523,0.581938399438946,"tissue_specific","Leaf_Shoot","rosette_leaf"
"AT2G01630",368.0645621,-0.213753873,0.04775452,-4.476097218,7.6e-06,9.76e-05,"yes","down",0.674967864655554,0.417565856984772,"tissue_specific","Leaf_Shoot","shoot_apex_transition"
"AT2G01650",296.1009038,0.232414534,0.056598616,4.106364238,4.02e-05,0.000397101,"yes","up",0.644937457717932,0.507813817171483,"tissue_specific","Leaf_Shoot","senescing_leaf"
"AT2G01870",152.476253,-0.146739127,0.05809337,-2.525918645,0.01153962,0.041087383,"yes","down",0.686635413135421,0.542420834476912,"tissue_specific","Leaf_Shoot","cotyledon"
"AT2G01950",477.616198,-0.157406089,0.048996578,-3.212593536,0.001315423,0.00719788,"yes","down",0.783947931658448,0.725673733610812,"tissue_specific","Leaf_Shoot","hypocotyl"
"AT2G02020",170.8410359,0.266008697,0.095537598,2.784335212,0.005363757,0.022272496,"yes","up",0.762719617962621,0.659714880767023,"tissue_specific","Leaf_Shoot","hypocotyl"
"AT2G02360",140.3615398,0.285370749,0.066958373,4.261912843,2.03e-05,0.000223788,"yes","up",0.782448171022736,0.203289287227799,"tissue_specific","Leaf_Shoot","senescing_leaf"
"AT2G02740",407.4724092,-0.174553527,0.068597513,-2.544604311,0.010940163,0.039396954,"yes","down",0.743971647572853,0.43426643129224,"tissue_specific","Leaf_Shoot","shoot_apex_vegetative_with_leaves"
"AT2G02950",247.4273391,-0.320421449,0.084106237,-3.809722782,0.000139123,0.001117771,"yes","down",0.74559132252584,0.667916032408002,"tissue_specific","Leaf_Shoot","hypocotyl"
"AT2G03420",869.6716754,-0.169536515,0.061232205,-2.768747492,0.005627223,0.02309591,"yes","down",0.623829008695345,0.573802128740687,"tissue_specific","Leaf_Shoot","rosette_vegetative"
"AT2G03530",99.83222802,0.408449288,0.121611074,3.358652084,0.000783236,0.004663608,"yes","up",0.870455496690034,0.468672079689377,"tissue_specific","Leaf_Shoot","senescing_leaf"
"AT2G04070",9.970316812,0.934692775,0.250436583,3.732253338,0.000189774,0.001436932,"yes","up",0.687595631036895,0.180141954357161,"tissue_specific","Leaf_Shoot","cauline_leaf"
"AT2G04790",103.4094987,-0.28533123,0.091648481,-3.113321983,0.001849941,0.009435018,"yes","down",0.64242130309066,0.551755130302283,"tissue_specific","Leaf_Shoot","cotyledon"
"AT2G05380",4014.516853,0.785554722,0.148154309,5.302273891,1.14e-07,2.77e-06,"yes","up",0.873989090738178,0.84745828737436,"tissue_specific","Leaf_Shoot","hypocotyl"
"AT2G05520",3460.351968,0.236644318,0.072530787,3.262674052,0.001103664,0.006212193,"yes","up",0.735506206702178,0.722618848604435,"tissue_specific","Leaf_Shoot","cotyledon"
"AT2G05760",105.1229012,-0.305499961,0.071852122,-4.251787618,2.12e-05,0.000232723,"yes","down",0.642737775384881,0.442004357851384,"tissue_specific","Leaf_Shoot","shoot_apex_transition"
"AT2G05940",337.9079345,0.441420234,0.101481566,4.349757811,1.36e-05,0.000160315,"yes","up",0.674746554595791,0.330172161861699,"tissue_specific","Leaf_Shoot","cotyledon"
"AT2G06050",466.3475274,0.331941793,0.104990625,3.161632706,0.001568873,0.008258831,"yes","up",0.636704379217118,0.495411049842814,"tissue_specific","Leaf_Shoot","cotyledon"
"AT2G11910",1564.570709,-0.140093098,0.044034527,-3.181437574,0.001465461,0.007838737,"yes","down",0.611083670261653,0.390966555053219,"tissue_specific","Leaf_Shoot","shoot_apex_transition"
"AT2G13360",14594.23195,-0.155596516,0.051001185,-3.050841212,0.002282012,0.011167506,"yes","down",0.659742691537363,0.596351319380013,"tissue_specific","Leaf_Shoot","cauline_leaf"
"AT2G13790",339.4599787,0.919166117,0.13471851,6.822864353,8.92e-12,6.63e-10,"yes","up",0.677582792667078,0.484980330328638,"tissue_specific","Leaf_Shoot","senescing_leaf"
"AT2G13820",300.0245982,-0.411559758,0.077843614,-5.287007361,1.24e-07,2.96e-06,"yes","down",0.827445519390611,0.753942390037943,"tissue_specific","Leaf_Shoot","hypocotyl"
"AT2G14080",255.0585746,0.40452785,0.095811337,4.222129252,2.42e-05,0.000260587,"yes","up",0.809748445124681,0.558398716145605,"tissue_specific","Leaf_Shoot","senescing_leaf"
"AT2G14560",142.2885155,2.696833072,0.494711402,5.451325886,5e-08,1.36e-06,"yes","up",0.868456483891895,0.745076133302737,"tissue_specific","Leaf_Shoot","senescing_leaf"
"AT2G14580",45.36243089,0.612949682,0.207875157,2.948643267,0.003191722,0.014702678,"yes","up",0.960343706468489,0.712872996202179,"tissue_specific","Leaf_Shoot","shoot_apex_vegetative"
"AT2G14610",6.436946813,1.297118018,0.484006864,2.679957899,0.007363142,0.028689479,"yes","up",0.867910079669587,0.702544892654454,"tissue_specific","Leaf_Shoot","cotyledon"
"AT2G14720",934.2686462,0.098800334,0.035715019,2.766352572,0.005668721,0.023243827,"yes","up",0.633536209221721,0.157675509119456,"tissue_specific","Leaf_Shoot","senescing_leaf"
"AT2G15320",198.4788676,0.239568754,0.06312719,3.795016893,0.000147633,0.001176167,"yes","up",0.695044969461622,0.304881570704496,"tissue_specific","Leaf_Shoot","stem"
"AT2G15390",115.7314516,0.281076087,0.113620565,2.473813487,0.013367947,0.046232776,"yes","up",0.884594937649847,0.642173153241467,"tissue_specific","Leaf_Shoot","senescing_leaf"
"AT2G15480",348.3978324,0.79374623,0.118259133,6.711923328,1.92e-11,1.31e-09,"yes","up",0.905741330194545,0.854167947415736,"tissue_specific","Leaf_Shoot","senescing_leaf"
"AT2G15580",305.8454958,0.338887602,0.063859052,5.306806038,1.12e-07,2.71e-06,"yes","up",0.755195156620683,0.551017114256809,"tissue_specific","Leaf_Shoot","cauline_leaf"
"AT2G15790",224.7732744,-0.138425821,0.048903797,-2.830574125,0.004646454,0.019917657,"yes","down",0.671320859983151,0.489376222807293,"tissue_specific","Leaf_Shoot","senescing_leaf"
"AT2G16270",190.5232851,-0.938678081,0.21283778,-4.410298212,1.03e-05,0.000126674,"yes","down",0.788764316663255,0.701208133486111,"tissue_specific","Leaf_Shoot","shoot_apex_transition"
"AT2G17040",43.09048644,2.253349701,0.249788961,9.021013965,1.86e-19,6.46e-17,"yes","up",0.876250175613168,0.756340233850898,"tissue_specific","Leaf_Shoot","senescing_leaf"
"AT2G17110",190.1296036,0.145901283,0.056402514,2.586786861,0.00968755,0.035698703,"yes","up",0.622611501414737,0.201299839898052,"tissue_specific","Leaf_Shoot","senescing_leaf"
"AT2G17220",295.0879621,0.359895904,0.054828298,6.564053936,5.24e-11,3.28e-09,"yes","up",0.751112419060865,0.28346494298247,"tissue_specific","Leaf_Shoot","senescing_leaf"
"AT2G17250",478.5938675,-0.187468192,0.072802991,-2.575006738,0.010023813,0.036691204,"yes","down",0.603597551172753,0.313141548699753,"tissue_specific","Leaf_Shoot","shoot_apex_transition"
"AT2G17630",487.4211789,-0.211157789,0.068568698,-3.07950703,0.002073435,0.01035312,"yes","down",0.613075737501558,0.524666930569751,"tissue_specific","Leaf_Shoot","shoot_apex_vegetative"
"AT2G17820",501.5659341,0.158787945,0.058847234,2.698307715,0.006969299,0.027415181,"yes","up",0.643598045072773,0.512070189083814,"tissue_specific","Leaf_Shoot","hypocotyl"
"AT2G18120",53.19658392,-0.425595335,0.134878624,-3.155395005,0.001602809,0.008413054,"yes","down",0.61393953426079,0.223494766340307,"tissue_specific","Leaf_Shoot","shoot_apex_vegetative"
"AT2G18170",208.5507798,0.30536724,0.07233882,4.221346706,2.43e-05,0.00026116,"yes","up",0.625915225064109,0.419199708657665,"tissue_specific","Leaf_Shoot","senescing_leaf"
"AT2G18300",580.2803357,-0.452506345,0.145951444,-3.100389645,0.001932662,0.00976187,"yes","down",0.839586251871819,0.780931991477561,"tissue_specific","Leaf_Shoot","cotyledon"
"AT2G18400",183.6878947,-0.167536379,0.042247551,-3.965587939,7.32e-05,0.000656237,"yes","down",0.606115680671754,0.351002221908833,"tissue_specific","Leaf_Shoot","shoot_apex_transition"
"AT2G18690",278.2211026,1.712035009,0.223638823,7.655356894,1.93e-14,2.54e-12,"yes","up",0.884489675719297,0.615669584480835,"tissue_specific","Leaf_Shoot","senescing_leaf"
"AT2G19130",128.4914548,0.379768446,0.073715814,5.151790677,2.58e-07,5.46e-06,"yes","up",0.893592873091891,0.556600139628505,"tissue_specific","Leaf_Shoot","senescing_leaf"
"AT2G19670",284.6142636,-0.222903023,0.081173013,-2.746023767,0.006032239,0.024428445,"yes","down",0.795654826010841,0.403078117986604,"tissue_specific","Leaf_Shoot","shoot_apex_vegetative"
"AT2G20142",31.50982862,1.828602328,0.270055674,6.771204985,1.28e-11,9.12e-10,"yes","up",0.822084830416507,0.532664592729026,"tissue_specific","Leaf_Shoot","cotyledon"
"AT2G20260",3916.839387,-0.112459717,0.041951161,-2.680729525,0.007346187,0.028642352,"yes","down",0.605890464494186,0.565128552408284,"tissue_specific","Leaf_Shoot","rosette_leaf"
"AT2G20450",1524.911469,-0.221469707,0.059506788,-3.721755327,0.000197843,0.001487638,"yes","down",0.646608209698593,0.314630425204635,"tissue_specific","Leaf_Shoot","shoot_apex_vegetative"
"AT2G20490",415.4093803,-0.21448378,0.058719428,-3.652688508,0.000259509,0.001865062,"yes","down",0.609660883211293,0.28296028507342,"tissue_specific","Leaf_Shoot","shoot_apex_vegetative"
"AT2G20960",687.2668612,0.467785735,0.108988579,4.292061958,1.77e-05,0.00019961,"yes","up",0.838201181634546,0.570047993316136,"tissue_specific","Leaf_Shoot","senescing_leaf"
"AT2G20980",95.18491112,-0.394307422,0.096348509,-4.092511948,4.27e-05,0.000417394,"yes","down",0.671432353050444,0.333328783676873,"tissue_specific","Leaf_Shoot","shoot_apex_vegetative"
"AT2G21210",305.5262905,-0.39270684,0.104950661,-3.741823409,0.00018269,0.001394326,"yes","down",0.77197376577121,0.708135561864946,"tissue_specific","Leaf_Shoot","rosette_leaf"
"AT2G21330",18420.53518,-0.221844857,0.072041044,-3.079423121,0.002074019,0.010353843,"yes","down",0.659892108802852,0.598455772879946,"tissue_specific","Leaf_Shoot","cotyledon"
"AT2G21370",412.394892,-0.187266162,0.046098242,-4.062327631,4.86e-05,0.000466594,"yes","down",0.696726542943875,0.596270240753206,"tissue_specific","Leaf_Shoot","rosette_vegetative"
"AT2G21620",998.943692,0.095038365,0.032562101,2.91868038,0.003515164,0.015874132,"yes","up",0.694640774033831,0.569448772730479,"tissue_specific","Leaf_Shoot","senescing_leaf"
"AT2G21790",2123.494628,1.06976526,0.172532309,6.200376418,5.63e-10,2.65e-08,"yes","up",0.681791625379894,0.479150328280573,"tissue_specific","Leaf_Shoot","shoot_apex_transition"
"AT2G21960",943.0922727,-0.158548536,0.037428632,-4.236022755,2.28e-05,0.000246924,"yes","down",0.628730178081585,0.50553546716769,"tissue_specific","Leaf_Shoot","cotyledon"
"AT2G22170",1889.28654,-0.135236227,0.045048938,-3.001984791,0.002682256,0.012747745,"yes","down",0.817019140123244,0.79768846593968,"tissue_specific","Leaf_Shoot","hypocotyl"
"AT2G22300",650.7392947,0.569969116,0.120678074,4.723054474,2.32e-06,3.57e-05,"yes","up",0.701138982069115,0.343345448326437,"tissue_specific","Leaf_Shoot","senescing_leaf"
"AT2G22430",1824.500605,0.581574478,0.09373667,6.2043433,5.49e-10,2.6e-08,"yes","up",0.713368340525017,0.356397144468088,"tissue_specific","Leaf_Shoot","senescing_leaf"
"AT2G22500",523.7042821,1.008164169,0.159003249,6.340525586,2.29e-10,1.2e-08,"yes","up",0.646712561094291,0.379838663628387,"tissue_specific","Leaf_Shoot","cotyledon"
"AT2G22990",1947.626228,-0.212797291,0.082159263,-2.590058426,0.009595964,0.035449485,"yes","down",0.694603315886717,0.539520465053078,"tissue_specific","Leaf_Shoot","cotyledon"
"AT2G23130",352.4622957,-0.393128622,0.159965717,-2.457580465,0.013987647,0.047946896,"yes","down",0.712959768976935,0.559771390656845,"tissue_specific","Leaf_Shoot","rosette_leaf"
"AT2G23200",156.318187,0.483633254,0.114856374,4.210765468,2.55e-05,0.000272057,"yes","up",0.716257428119467,0.531956521888794,"tissue_specific","Leaf_Shoot","senescing_leaf"
"AT2G23360",221.7560714,-0.170468941,0.042524907,-4.008684633,6.11e-05,0.000566884,"yes","down",0.836265189586557,0.599085222296571,"tissue_specific","Leaf_Shoot","stem"
"AT2G23530",47.73063909,-0.803469805,0.151735027,-5.295216429,1.19e-07,2.85e-06,"yes","down",0.764569611478764,0.467708760319651,"tissue_specific","Leaf_Shoot","shoot_apex_transition"
"AT2G23680",56.82239517,0.993897292,0.135900817,7.313401875,2.6e-13,2.7e-11,"yes","up",0.877345996757274,0.622756549179703,"tissue_specific","Leaf_Shoot","senescing_leaf"
"AT2G23830",4.368126802,1.981372722,0.370234299,5.351672512,8.71e-08,2.18e-06,"yes","up",0.803284633470852,0.264038768326309,"tissue_specific","Leaf_Shoot","senescing_leaf"
"AT2G23930",895.3781114,-0.128352491,0.041206415,-3.114866699,0.001840281,0.00938778,"yes","down",0.600603447981868,0.400147531413211,"tissue_specific","Leaf_Shoot","shoot_apex_transition"
"AT2G24090",4029.80354,-0.214178613,0.035488206,-6.035205491,1.59e-09,6.58e-08,"yes","down",0.637058220146038,0.56672137828114,"tissue_specific","Leaf_Shoot","rosette_vegetative"
"AT2G24180",793.7101654,0.295696199,0.071712736,4.123342884,3.73e-05,0.000373778,"yes","up",0.743445315104598,0.634222652307939,"tissue_specific","Leaf_Shoot","senescing_leaf"
"AT2G24490",196.0510106,-0.305942174,0.085524951,-3.577227114,0.000347258,0.002369984,"yes","down",0.720707459685267,0.489442092121521,"tissue_specific","Leaf_Shoot","shoot_apex_transition"
"AT2G24550",376.680137,0.543880591,0.19285728,2.820119583,0.004800576,0.020452552,"yes","up",0.792069410434214,0.735841586485979,"tissue_specific","Leaf_Shoot","stem"
"AT2G24600",305.3073489,2.120697467,0.316179487,6.707258237,1.98e-11,1.35e-09,"yes","up",0.85484890384275,0.697795765966911,"tissue_specific","Leaf_Shoot","cotyledon"
"AT2G24970",53.87770258,0.309900602,0.087386538,3.546319697,0.000390652,0.002618379,"yes","up",0.607127474142123,0.339998445550807,"tissue_specific","Leaf_Shoot","shoot_apex_transition"
"AT2G25000",82.37574652,0.431653573,0.12235092,3.527996137,0.000418718,0.00277806,"yes","up",0.729062231280856,0.331960889380701,"tissue_specific","Leaf_Shoot","senescing_leaf"
"AT2G25060",480.6821004,-0.930208019,0.25585556,-3.635676396,0.000277252,0.001966205,"yes","down",0.71460297940687,0.434876133481702,"tissue_specific","Leaf_Shoot","shoot_apex_transition"
"AT2G25735",93.30368829,1.274812863,0.332974443,3.828560689,0.000128895,0.00104846,"yes","up",0.894589160012586,0.787185575333791,"tissue_specific","Leaf_Shoot","cotyledon"
"AT2G25840",756.6520705,-0.226851796,0.063474192,-3.573921774,0.000351674,0.00239665,"yes","down",0.668130685085473,0.508770436923143,"tissue_specific","Leaf_Shoot","rosette_vegetative"
"AT2G26020",2.791403771,-0.81195653,0.305686327,-2.656175487,0.007903248,0.030421825,"yes","down",0.900722554397603,0.638183689650001,"tissue_specific","Leaf_Shoot","cauline_leaf"
"AT2G26180",114.2648125,-0.585491313,0.150286801,-3.895826574,9.79e-05,0.00083374,"yes","down",0.669769154855098,0.456290664647096,"tissue_specific","Leaf_Shoot","shoot_apex_vegetative"
"AT2G26530",150.8124268,2.073270452,0.279072346,7.42915047,1.09e-13,1.24e-11,"yes","up",0.815735401638584,0.512501222932351,"tissue_specific","Leaf_Shoot","cotyledon"
"AT2G26560",124.9566059,1.118526358,0.203554176,5.494981139,3.91e-08,1.09e-06,"yes","up",0.922307750582992,0.843313762706686,"tissue_specific","Leaf_Shoot","senescing_leaf"
"AT2G26830",177.686383,-0.112967476,0.037073785,-3.047098514,0.00231062,0.011281739,"yes","down",0.69172324128188,0.387248793229093,"tissue_specific","Leaf_Shoot","senescing_leaf"
"AT2G27080",169.5501207,1.164717129,0.290150681,4.014180232,5.97e-05,0.000556248,"yes","up",0.795425358672629,0.570705979478734,"tissue_specific","Leaf_Shoot","cotyledon"
"AT2G27500",345.220414,0.376766796,0.149914099,2.513217899,0.011963542,0.042319413,"yes","up",0.715601443066165,0.435305984581405,"tissue_specific","Leaf_Shoot","cotyledon"
"AT2G27680",2621.665887,-0.077554984,0.026054163,-2.976682986,0.002913851,0.013636732,"yes","down",0.663257903405435,0.574247221611688,"tissue_specific","Leaf_Shoot","cotyledon"
"AT2G28000",14790.01354,-0.201466255,0.053829403,-3.742680444,0.000182068,0.00139191,"yes","down",0.607315922050436,0.437494958965753,"tissue_specific","Leaf_Shoot","shoot_apex_vegetative_with_leaves"
"AT2G28110",100.2805874,-0.34382196,0.09864974,-3.485279947,0.000491622,0.0031771,"yes","down",0.840554258299344,0.75826121763556,"tissue_specific","Leaf_Shoot","stem"
"AT2G28190",8183.504969,-0.156283046,0.041758741,-3.742522912,0.000182182,0.00139191,"yes","down",0.637460374893889,0.582311955576402,"tissue_specific","Leaf_Shoot","rosette_leaf"
"AT2G28250",266.1587598,-0.203805186,0.081872894,-2.489287684,0.012799935,0.044648247,"yes","down",0.830113036083488,0.783755852177272,"tissue_specific","Leaf_Shoot","hypocotyl"
"AT2G28620",354.2966768,-1.038981146,0.22330299,-4.652786546,3.27e-06,4.79e-05,"yes","down",0.748853886024533,0.572535596022486,"tissue_specific","Leaf_Shoot","shoot_apex_transition"
"AT2G28710",15.15258166,0.41943119,0.125163597,3.351063732,0.000805018,0.004768854,"yes","up",0.863204344944146,0.736993070499166,"tissue_specific","Leaf_Shoot","senescing_leaf"
"AT2G28740",643.330553,-0.398004818,0.078587626,-5.064471838,4.1e-07,8.16e-06,"yes","down",0.655508468015602,0.451397764395488,"tissue_specific","Leaf_Shoot","shoot_apex_transition"
"AT2G28830",73.1352716,0.196862323,0.080077384,2.458401008,0.013955725,0.047851388,"yes","up",0.633473508209403,0.252881273430337,"tissue_specific","Leaf_Shoot","senescing_leaf"
"AT2G28840",1778.915216,0.158132343,0.060020501,2.634638835,0.008422685,0.032013537,"yes","up",0.63583801309264,0.301049216108245,"tissue_specific","Leaf_Shoot","senescing_leaf"
"AT2G28940",105.4642567,0.347993693,0.077649378,4.481603082,7.41e-06,9.54e-05,"yes","up",0.689954155838255,0.391907873905805,"tissue_specific","Leaf_Shoot","senescing_leaf"
"AT2G29070",93.31649885,0.219468302,0.063824812,3.438604736,0.00058472,0.003660014,"yes","up",0.649093823533385,0.461639630033732,"tissue_specific","Leaf_Shoot","senescing_leaf"
"AT2G29110",3.360610041,1.056454794,0.263819844,4.004455379,6.22e-05,0.000575527,"yes","up",0.869096434706477,0.460011266536218,"tissue_specific","Leaf_Shoot","senescing_leaf"
"AT2G29120",55.70386654,0.473198822,0.18182593,2.60248261,0.009255151,0.034444533,"yes","up",0.949119431539052,0.727937852843894,"tissue_specific","Leaf_Shoot","senescing_leaf"
"AT2G29290",415.288565,-0.383758679,0.143808252,-2.668544214,0.007618075,0.029482989,"yes","down",0.838435172443629,0.748980000754918,"tissue_specific","Leaf_Shoot","rosette_vegetative"
"AT2G29550",2405.789165,-0.437979768,0.097994332,-4.469439814,7.84e-06,0.000100201,"yes","down",0.663161480547618,0.415900291856051,"tissue_specific","Leaf_Shoot","shoot_apex_transition"
"AT2G29660",259.4927317,0.211766046,0.071492771,2.962062374,0.003055859,0.014177476,"yes","up",0.740398788863858,0.731479358307461,"tissue_specific","Leaf_Shoot","hypocotyl"
"AT2G29670",599.1421194,0.339747189,0.126862184,2.67808088,0.007404534,0.028822171,"yes","up",0.749815784566167,0.573878152062891,"tissue_specific","Leaf_Shoot","cotyledon"
"AT2G29720",149.4515567,0.934169779,0.141480653,6.602809357,4.03e-11,2.59e-09,"yes","up",0.666238355722827,0.509682652680118,"tissue_specific","Leaf_Shoot","cauline_leaf"
"AT2G29890",306.4115029,-0.156475738,0.061343649,-2.550805847,0.010747418,0.038833366,"yes","down",0.740794611349238,0.610984085775881,"tissue_specific","Leaf_Shoot","shoot_apex_transition"
"AT2G29990",114.490464,0.413368158,0.07995213,5.170195654,2.34e-07,5.03e-06,"yes","up",0.792233796463344,0.185001231094338,"tissue_specific","Leaf_Shoot","senescing_leaf"
"AT2G30140",330.8335407,0.735239124,0.119661276,6.144336302,8.03e-10,3.6e-08,"yes","up",0.869116796692522,0.403230972011599,"tissue_specific","Leaf_Shoot","senescing_leaf"
"AT2G30250",347.9547827,1.877010483,0.207621315,9.040548097,1.56e-19,5.57e-17,"yes","up",0.881447113940818,0.475585640648088,"tissue_specific","Leaf_Shoot","senescing_leaf"
"AT2G30550",244.1989701,0.441835032,0.074320184,5.945020694,2.76e-09,1.07e-07,"yes","up",0.790656034697985,0.203852236638378,"tissue_specific","Leaf_Shoot","senescing_leaf"
"AT2G30670",13.51639866,0.888797957,0.254457102,3.492918653,0.000477772,0.003100914,"yes","up",0.678084218976844,0.241798030158934,"tissue_specific","Leaf_Shoot","shoot_apex_vegetative"
"AT2G30695",458.6420312,-0.124544368,0.04218843,-2.952097733,0.00315623,0.014562892,"yes","down",0.625063146546355,0.563792354969149,"tissue_specific","Leaf_Shoot","rosette_vegetative"
"AT2G30870",5001.690091,0.330739377,0.048280656,6.850349688,7.37e-12,5.6e-10,"yes","up",0.690465104494785,0.560650139974407,"tissue_specific","Leaf_Shoot","hypocotyl"
"AT2G31880",678.5880632,1.544182207,0.200466098,7.70295937,1.33e-14,1.85e-12,"yes","up",0.803454722615666,0.559802783538435,"tissue_specific","Leaf_Shoot","senescing_leaf"
"AT2G31900",79.92542857,-0.208710542,0.059723602,-3.494607388,0.00047476,0.00308561,"yes","down",0.915948314154912,0.626939385250787,"tissue_specific","Leaf_Shoot","stem"
"AT2G31955",277.3887793,0.230703849,0.060055557,3.841507113,0.000122281,0.001004367,"yes","up",0.659046459217235,0.142228705509315,"tissue_specific","Leaf_Shoot","senescing_leaf"
"AT2G32010",154.4251706,-0.177007998,0.068696237,-2.576676774,0.009975518,0.036554157,"yes","down",0.617429899054664,0.154637264572594,"tissue_specific","Leaf_Shoot","cauline_leaf"
"AT2G32030",37.4257692,1.557308122,0.243134423,6.4051322,1.5e-10,8.3e-09,"yes","up",0.774154151499684,0.414477127264979,"tissue_specific","Leaf_Shoot","cotyledon"
"AT2G32100",130.5164276,-0.513306659,0.193397654,-2.654151429,0.007950814,0.030571187,"yes","down",0.808470592390987,0.602312876281741,"tissue_specific","Leaf_Shoot","rosette_vegetative"
"AT2G32140",11.778902,1.505239577,0.269583533,5.583573896,2.36e-08,7.04e-07,"yes","up",0.824225307432739,0.462924623707064,"tissue_specific","Leaf_Shoot","cotyledon"
"AT2G32160",9.47299101,0.844383995,0.30688551,2.751462576,0.00593298,0.024076112,"yes","up",0.879437667376394,0.693841725225186,"tissue_specific","Leaf_Shoot","cauline_leaf"
"AT2G32680",36.99210602,2.115631662,0.364483848,5.804459307,6.46e-09,2.28e-07,"yes","up",0.879187253003121,0.715072030311554,"tissue_specific","Leaf_Shoot","senescing_leaf"
"AT2G33450",3172.326174,-0.160629799,0.032407781,-4.956519531,7.18e-07,1.32e-05,"yes","down",0.627309601450354,0.573842842507901,"tissue_specific","Leaf_Shoot","rosette_vegetative"
"AT2G33620",273.0579952,-0.302454539,0.092951964,-3.253880017,0.001138404,0.006374155,"yes","down",0.631179821092959,0.559772252297977,"tissue_specific","Leaf_Shoot","shoot_apex_transition"
"AT2G34860",1583.758071,-0.146316034,0.034008843,-4.302293796,1.69e-05,0.000192647,"yes","down",0.606822894192693,0.548805668647393,"tissue_specific","Leaf_Shoot","cotyledon"
"AT2G34930",233.931407,1.241442849,0.1899697,6.534951899,6.36e-11,3.9e-09,"yes","up",0.883610461039715,0.603617192671525,"tissue_specific","Leaf_Shoot","cotyledon"
"AT2G35040",1768.580021,-0.164504616,0.05133543,-3.204504472,0.001352952,0.007370727,"yes","down",0.602553037659647,0.308706866022799,"tissue_specific","Leaf_Shoot","shoot_apex_vegetative_with_leaves"
"AT2G35070",4.51324424,1.027950182,0.290837477,3.534448838,0.000408627,0.002720292,"yes","up",0.938095902629434,0.37058354694129,"tissue_specific","Leaf_Shoot","senescing_leaf"
"AT2G35370",6128.688684,-0.115082922,0.034934849,-3.29421551,0.000986968,0.005669054,"yes","down",0.679453939148451,0.619890428742652,"tissue_specific","Leaf_Shoot","rosette_leaf"
"AT2G35410",1460.572688,-0.08532705,0.034536241,-2.470652492,0.01348668,0.046575634,"yes","down",0.623256206284094,0.577223745004524,"tissue_specific","Leaf_Shoot","rosette_leaf"
"AT2G35500",1090.576815,-0.135720609,0.036834726,-3.684583129,0.000229077,0.001679639,"yes","down",0.684984814840622,0.606012179607592,"tissue_specific","Leaf_Shoot","rosette_vegetative"
"AT2G35930",356.8602545,0.913401774,0.180537534,5.05934557,4.21e-07,8.35e-06,"yes","up",0.86971441296291,0.753631350465139,"tissue_specific","Leaf_Shoot","cotyledon"
"AT2G35940",704.8065037,0.258543531,0.093843032,2.755063689,0.005868071,0.02387024,"yes","up",0.80392735605604,0.303671296691821,"tissue_specific","Leaf_Shoot","senescing_leaf"
"AT2G36145",906.0610892,-0.179796925,0.040088146,-4.48503964,7.29e-06,9.42e-05,"yes","down",0.749039587353687,0.543986103270208,"tissue_specific","Leaf_Shoot","cotyledon"
"AT2G36910",1968.696723,0.705717887,0.121273149,5.81924271,5.91e-09,2.12e-07,"yes","up",0.702648193975019,0.468779711961954,"tissue_specific","Leaf_Shoot","stem"
"AT2G36970",196.3635809,0.38344658,0.142692284,2.687227153,0.007204794,0.028226459,"yes","up",0.877631895524296,0.472695004581824,"tissue_specific","Leaf_Shoot","cauline_leaf"
"AT2G37080",981.5221817,-0.323682822,0.065963615,-4.906990312,9.25e-07,1.63e-05,"yes","down",0.702633193308161,0.642101175951619,"tissue_specific","Leaf_Shoot","shoot_apex_transition"
"AT2G37150",136.3156203,0.428862039,0.082897943,5.173373692,2.3e-07,4.95e-06,"yes","up",0.640243970589013,0.279302405921431,"tissue_specific","Leaf_Shoot","senescing_leaf"
"AT2G37210",25.43948685,0.327065543,0.104686912,3.124225704,0.001782737,0.00914569,"yes","up",0.681576269261675,0.321839201140532,"tissue_specific","Leaf_Shoot","shoot_apex_vegetative"
"AT2G37450",390.5590508,-0.243419111,0.052334769,-4.65119303,3.3e-06,4.82e-05,"yes","down",0.612322429888162,0.502180058783701,"tissue_specific","Leaf_Shoot","rosette_vegetative"
"AT2G37520",363.4330585,0.160287315,0.04434943,3.614191092,0.000301287,0.002108739,"yes","up",0.611807865637771,0.166580119856564,"tissue_specific","Leaf_Shoot","senescing_leaf"
"AT2G37590",43.85175797,-0.424560962,0.092028087,-4.613384609,3.96e-06,5.63e-05,"yes","down",0.607340188816519,0.290635333704893,"tissue_specific","Leaf_Shoot","hypocotyl"
"AT2G37660",5834.255454,-0.200381896,0.039764573,-5.039206505,4.67e-07,9.15e-06,"yes","down",0.614325745842833,0.590532542279143,"tissue_specific","Leaf_Shoot","rosette_leaf"
"AT2G37710",531.9225449,0.53428166,0.121613375,4.393280442,1.12e-05,0.000135113,"yes","up",0.830840422602597,0.43294544522048,"tissue_specific","Leaf_Shoot","senescing_leaf"
"AT2G37940",701.0410432,0.315250154,0.087133782,3.618001495,0.000296887,0.00208351,"yes","up",0.704400728152211,0.467446282319959,"tissue_specific","Leaf_Shoot","senescing_leaf"
"AT2G38090",94.12984905,-0.301763589,0.074323413,-4.060141718,4.9e-05,0.000469764,"yes","down",0.76227689897277,0.377514349764699,"tissue_specific","Leaf_Shoot","stem"
"AT2G38140",3211.047883,-0.176360918,0.033277511,-5.29970278,1.16e-07,2.79e-06,"yes","down",0.648621808801947,0.564190380532794,"tissue_specific","Leaf_Shoot","rosette_vegetative"
"AT2G38160",60.7504458,-0.688300831,0.210507939,-3.269714356,0.001076561,0.006091642,"yes","down",0.822422230424258,0.696699810245257,"tissue_specific","Leaf_Shoot","shoot_apex_transition"
"AT2G38290",261.1365402,0.638418847,0.101302951,6.302075498,2.94e-10,1.5e-08,"yes","up",0.636610390332913,0.3547651506262,"tissue_specific","Leaf_Shoot","stem"
"AT2G38620",98.76902344,-0.327152133,0.131695191,-2.484161582,0.012985687,0.045142546,"yes","down",0.727431018908643,0.544185708124918,"tissue_specific","Leaf_Shoot","shoot_apex_transition"
"AT2G38790",11.11773194,3.458215638,0.506656902,6.825557151,8.76e-12,6.53e-10,"yes","up",0.88924596928855,0.514582353855559,"tissue_specific","Leaf_Shoot","senescing_leaf"
"AT2G38810",178.237542,-0.16102784,0.057081802,-2.821001355,0.0047874,0.02040732,"yes","down",0.772575981995521,0.605565571322804,"tissue_specific","Leaf_Shoot","shoot_apex_transition"
"AT2G38860",667.5558708,0.422584409,0.11911708,3.547639072,0.0003887,0.002606781,"yes","up",0.810462346584409,0.659635410953959,"tissue_specific","Leaf_Shoot","hypocotyl"
"AT2G39030",1.822494812,0.924979318,0.357912837,2.584370332,0.009755698,0.035916144,"yes","up",0.952201535168077,0.845161260819119,"tissue_specific","Leaf_Shoot","rosette_vegetative"
"AT2G39210",296.1918256,0.795627248,0.129512683,6.143238104,8.09e-10,3.62e-08,"yes","up",0.804002061275918,0.475748502798939,"tissue_specific","Leaf_Shoot","senescing_leaf"
"AT2G39360",292.8030673,0.248305871,0.075593647,3.284745251,0.001020746,0.005830397,"yes","up",0.652917516506444,0.332563336666881,"tissue_specific","Leaf_Shoot","cotyledon"
"AT2G39390",1588.146665,-0.246636034,0.050993093,-4.83665567,1.32e-06,2.21e-05,"yes","down",0.611129865934332,0.359100453066069,"tissue_specific","Leaf_Shoot","shoot_apex_vegetative"
"AT2G39560",65.8360975,-0.343670138,0.092506342,-3.715098143,0.000203125,0.001522984,"yes","down",0.654334880690772,0.343348981225519,"tissue_specific","Leaf_Shoot","shoot_apex_transition"
"AT2G39670",1286.767483,-0.098375864,0.039009493,-2.521844208,0.01167414,0.041501206,"yes","down",0.67879727177188,0.491419946219775,"tissue_specific","Leaf_Shoot","shoot_apex_vegetative_with_leaves"
"AT2G39850",111.5397829,0.457434335,0.186307474,2.455265615,0.014078052,0.048172729,"yes","up",0.776946188608538,0.5882711456831,"tissue_specific","Leaf_Shoot","stem"
"AT2G39880",50.35042138,-0.443674553,0.09396725,-4.721587066,2.34e-06,3.59e-05,"yes","down",0.603144200183202,0.373506256412024,"tissue_specific","Leaf_Shoot","shoot_apex_vegetative"
"AT2G40000",954.8487202,1.613811042,0.406737879,3.967693021,7.26e-05,0.000651956,"yes","up",0.62642105894039,0.428334856493083,"tissue_specific","Leaf_Shoot","senescing_leaf"
"AT2G40120",92.20983884,-0.16078579,0.058585314,-2.744472599,0.006060821,0.024510192,"yes","down",0.87640605007751,0.344838041241758,"tissue_specific","Leaf_Shoot","stem"
"AT2G40270",340.3579919,0.592112199,0.099890041,5.927639985,3.07e-09,1.17e-07,"yes","up",0.747608019386017,0.431046587988126,"tissue_specific","Leaf_Shoot","senescing_leaf"
"AT2G40470",19.27593855,-0.357361249,0.120506513,-2.96549324,0.00302198,0.014053488,"yes","down",0.769350376366631,0.569141523017422,"tissue_specific","Leaf_Shoot","stem"
"AT2G40490",3140.435055,-0.219398038,0.04548236,-4.823805073,1.41e-06,2.33e-05,"yes","down",0.738826383240334,0.586444021158586,"tissue_specific","Leaf_Shoot","rosette_vegetative"
"AT2G40530",11.94285366,0.468407189,0.138208215,3.389141433,0.000701118,0.004257461,"yes","up",0.851931708402196,0.680324352692069,"tissue_specific","Leaf_Shoot","stem"
"AT2G40600",302.5890847,0.151790181,0.050381511,3.012815172,0.002588365,0.012368849,"yes","up",0.601680357957429,0.328689569788879,"tissue_specific","Leaf_Shoot","cauline_leaf"
"AT2G40660",693.916538,-0.099623758,0.035391871,-2.814876852,0.004879593,0.020684639,"yes","down",0.62238816197672,0.332737390403173,"tissue_specific","Leaf_Shoot","shoot_apex_transition"
"AT2G40750",30.86688255,1.391343865,0.23324411,5.965183279,2.44e-09,9.65e-08,"yes","up",0.803519140511033,0.579256538137548,"tissue_specific","Leaf_Shoot","senescing_leaf"
"AT2G40880",270.2427033,0.23960127,0.074763954,3.20476991,0.001351705,0.007365636,"yes","up",0.669025198631072,0.46265938637895,"tissue_specific","Leaf_Shoot","cauline_leaf"
"AT2G41100",2280.890862,1.651910393,0.330443875,4.999064946,5.76e-07,1.1e-05,"yes","up",0.689583942199444,0.626962442085767,"tissue_specific","Leaf_Shoot","cotyledon"
"AT2G41410",1164.482418,0.820864956,0.097081962,8.455380824,2.78e-17,6.62e-15,"yes","up",0.631380660324913,0.158129154753165,"tissue_specific","Leaf_Shoot","cauline_leaf"
"AT2G41640",92.56299764,1.084074303,0.238495992,4.545461302,5.48e-06,7.42e-05,"yes","up",0.806550678890171,0.554957155448761,"tissue_specific","Leaf_Shoot","cotyledon"
"AT2G41680",2652.491948,-0.205540707,0.030490815,-6.741069544,1.57e-11,1.09e-09,"yes","down",0.645175805895488,0.555871636735904,"tissue_specific","Leaf_Shoot","rosette_vegetative"
"AT2G41820",537.0083337,-0.189599325,0.072052891,-2.631390956,0.008503615,0.032212071,"yes","down",0.64053736847766,0.327435062284796,"tissue_specific","Leaf_Shoot","hypocotyl"
"AT2G41950",442.2909022,-0.241427908,0.058776155,-4.107582554,4e-05,0.000395676,"yes","down",0.656997155973218,0.513930021105025,"tissue_specific","Leaf_Shoot","shoot_apex_vegetative_with_leaves"
"AT2G42220",3034.823382,-0.257418563,0.065537101,-3.927829584,8.57e-05,0.000747256,"yes","down",0.750492105021588,0.631361695055201,"tissue_specific","Leaf_Shoot","rosette_vegetative"
"AT2G42360",22.96069055,0.485742516,0.147550695,3.292038135,0.000994641,0.005707565,"yes","up",0.825177755908861,0.47329496160761,"tissue_specific","Leaf_Shoot","senescing_leaf"
"AT2G42740",346.3275424,-0.191176879,0.056556711,-3.38026869,0.00072415,0.004373658,"yes","down",0.695147451015933,0.401543962422466,"tissue_specific","Leaf_Shoot","shoot_apex_transition"
"AT2G42750",931.6675355,0.384833726,0.136061876,2.828372917,0.004678527,0.020026679,"yes","up",0.642093541109667,0.435090508194624,"tissue_specific","Leaf_Shoot","cauline_leaf"
"AT2G42870",61.7905426,-0.763439851,0.248645302,-3.070397247,0.002137742,0.010602356,"yes","down",0.679904733551893,0.299123250277516,"tissue_specific","Leaf_Shoot","rosette_vegetative"
"AT2G43000",17.64395748,1.991314239,0.309647392,6.430909123,1.27e-10,7.15e-09,"yes","up",0.852624973287305,0.584472361464871,"tissue_specific","Leaf_Shoot","senescing_leaf"
"AT2G43030",5708.050835,-0.196905089,0.037725267,-5.21944845,1.79e-07,4.03e-06,"yes","down",0.614779274816543,0.515148152955313,"tissue_specific","Leaf_Shoot","rosette_vegetative"
"AT2G43560",1423.867099,-0.202025692,0.037429334,-5.397523053,6.76e-08,1.74e-06,"yes","down",0.663493564307355,0.608830234351014,"tissue_specific","Leaf_Shoot","rosette_vegetative"
"AT2G43570",102.8417584,0.765637142,0.122870474,6.231254065,4.63e-10,2.24e-08,"yes","up",0.884834089216523,0.277228679640351,"tissue_specific","Leaf_Shoot","senescing_leaf"
"AT2G43970",4372.835577,0.11088948,0.042047222,2.637260538,0.008357861,0.031808298,"yes","up",0.643153918688302,0.335075089042652,"tissue_specific","Leaf_Shoot","senescing_leaf"
"AT2G44040",803.3993938,-0.188832543,0.048540093,-3.890238586,0.000100146,0.000851329,"yes","down",0.70212792320289,0.391805217753062,"tissue_specific","Leaf_Shoot","shoot_apex_vegetative_with_leaves"
"AT2G44160",2241.521617,-0.138854911,0.036041591,-3.852629916,0.000116856,0.000966881,"yes","down",0.62389973033047,0.246893853139238,"tissue_specific","Leaf_Shoot","stem"
"AT2G44640",789.7927769,-0.162565197,0.059339347,-2.739585216,0.006151677,0.024784713,"yes","down",0.719106105653221,0.419919641785263,"tissue_specific","Leaf_Shoot","rosette_vegetative"
"AT2G44650",1509.274189,-0.160781446,0.036492624,-4.405861494,1.05e-05,0.000128892,"yes","down",0.625506573904313,0.453908675092507,"tissue_specific","Leaf_Shoot","rosette_vegetative"
"AT2G44840",30.27852977,2.437427012,0.346151396,7.041505644,1.9e-12,1.7e-10,"yes","up",0.849675119445023,0.703475440149014,"tissue_specific","Leaf_Shoot","cotyledon"
"AT2G45270",356.9388988,-0.205251551,0.039467024,-5.200583376,1.99e-07,4.37e-06,"yes","down",0.630373796692125,0.438353869725962,"tissue_specific","Leaf_Shoot","rosette_vegetative"
"AT2G45340",473.8921955,-0.25173906,0.069662784,-3.613680736,0.000301881,0.002112269,"yes","down",0.704409226058432,0.45563355670486,"tissue_specific","Leaf_Shoot","shoot_apex_transition"
"AT2G45500",126.2952622,0.18615899,0.053152943,3.502327052,0.000461213,0.003013353,"yes","up",0.776882773314514,0.404044669801437,"tissue_specific","Leaf_Shoot","senescing_leaf"
"AT2G45570",9.948202801,1.048646329,0.242424032,4.325669851,1.52e-05,0.00017624,"yes","up",0.87810540600889,0.740370890102208,"tissue_specific","Leaf_Shoot","senescing_leaf"
"AT2G45770",748.5332066,-0.089985638,0.031292825,-2.875599666,0.004032608,0.017751759,"yes","down",0.626991340264791,0.509347604297778,"tissue_specific","Leaf_Shoot","rosette_vegetative"
"AT2G45890",59.35927203,-0.243090679,0.077952497,-3.118446354,0.001818072,0.009292589,"yes","down",0.892112999569929,0.905601187888663,"tissue_specific","Leaf_Shoot","stem"
"AT2G45910",364.9577602,0.217935853,0.055746007,3.909443328,9.25e-05,0.000796754,"yes","up",0.74184037514522,0.372666857374989,"tissue_specific","Leaf_Shoot","senescing_leaf"
"AT2G45930",4.920830399,0.72816746,0.20536288,3.545759886,0.000391483,0.002623201,"yes","up",0.7329906285017,0.209584408196982,"tissue_specific","Leaf_Shoot","hypocotyl"
"AT2G46430",163.6838707,0.889224191,0.143411003,6.200529743,5.63e-10,2.65e-08,"yes","up",0.878245781271845,0.618054514172007,"tissue_specific","Leaf_Shoot","senescing_leaf"
"AT2G46600",415.9461143,0.851927632,0.12310331,6.920428317,4.5e-12,3.7e-10,"yes","up",0.682682774371263,0.328659343756258,"tissue_specific","Leaf_Shoot","cauline_leaf"
"AT2G46620",221.2367292,0.295975189,0.054937044,5.387533938,7.14e-08,1.83e-06,"yes","up",0.67366510563656,0.394960115127171,"tissue_specific","Leaf_Shoot","senescing_leaf"
"AT2G46630",333.2978017,0.258449556,0.093540298,2.762975558,0.005727706,0.023432697,"yes","up",0.786472879543295,0.445217295216951,"tissue_specific","Leaf_Shoot","hypocotyl"
"AT2G46690",213.3600282,-0.418694734,0.067705441,-6.184063287,6.25e-10,2.91e-08,"yes","down",0.77108722820543,0.679567950497157,"tissue_specific","Leaf_Shoot","hypocotyl"
"AT2G46820",11537.71147,-0.142436396,0.045889804,-3.103878944,0.001910015,0.009672347,"yes","down",0.631960447369739,0.583872286242152,"tissue_specific","Leaf_Shoot","cotyledon"
"AT2G46980",194.2587349,0.630512021,0.120186005,5.246135095,1.55e-07,3.58e-06,"yes","up",0.756321126302652,0.505818409323438,"tissue_specific","Leaf_Shoot","shoot_apex_transition"
"AT2G47160",572.9977491,-0.411525466,0.073068494,-5.632050708,1.78e-08,5.53e-07,"yes","down",0.875301264336215,0.280090045633213,"tissue_specific","Leaf_Shoot","stem"
"AT2G47190",4.904096261,0.623322713,0.202966514,3.071061832,0.00213299,0.010585467,"yes","up",0.942191515379818,0.280070434078536,"tissue_specific","Leaf_Shoot","senescing_leaf"
"AT2G47450",3305.784694,-0.183669138,0.047961523,-3.829510169,0.000128399,0.001044784,"yes","down",0.714585196550307,0.606937814872991,"tissue_specific","Leaf_Shoot","rosette_vegetative"
"AT2G47500",490.2917379,-0.486800382,0.097357177,-5.000148893,5.73e-07,1.09e-05,"yes","down",0.732854434557487,0.459209283366343,"tissue_specific","Leaf_Shoot","stem"
"AT2G47680",463.3711425,2.186391831,0.216762313,10.08658655,6.33e-24,4.98e-21,"yes","up",0.753737334180371,0.354209760742178,"tissue_specific","Leaf_Shoot","shoot_apex_transition"
"AT2G47910",808.5907478,-0.160616407,0.052304212,-3.070812121,0.002134774,0.010592093,"yes","down",0.668112014030269,0.59737994602068,"tissue_specific","Leaf_Shoot","cauline_leaf"
"AT2G47940",2947.682769,-0.147005066,0.039495359,-3.722084566,0.000197585,0.001486173,"yes","down",0.66957291096243,0.526891272540501,"tissue_specific","Leaf_Shoot","shoot_apex_vegetative_with_leaves"
"AT3G01080",11.1880095,0.755029055,0.234755325,3.216238247,0.00129883,0.007120305,"yes","up",0.902605349492775,0.590363882590367,"tissue_specific","Leaf_Shoot","senescing_leaf"
"AT3G01480",4103.132015,-0.210921761,0.036633801,-5.757572396,8.53e-09,2.92e-07,"yes","down",0.648554996093903,0.589426442619232,"tissue_specific","Leaf_Shoot","rosette_leaf"
"AT3G01500",57109.34876,-0.164977966,0.0519389,-3.176385426,0.001491227,0.007947703,"yes","down",0.682057038689877,0.637452839566749,"tissue_specific","Leaf_Shoot","rosette_leaf"
"AT3G01680",583.130852,0.274298644,0.089912804,3.05071839,0.002282946,0.011167593,"yes","up",0.796278517482617,0.513251252794263,"tissue_specific","Leaf_Shoot","stem"
"AT3G01830",8.770925147,2.295803838,0.31010422,7.403329872,1.33e-13,1.49e-11,"yes","up",0.838560522153955,0.586459396009093,"tissue_specific","Leaf_Shoot","cotyledon"
"AT3G01970",31.11801554,0.633086401,0.142374176,4.446637848,8.72e-06,0.000110131,"yes","up",0.852308130785615,0.660793476138117,"tissue_specific","Leaf_Shoot","senescing_leaf"
"AT3G02120",173.7965903,-0.81981632,0.266469874,-3.076581638,0.00209389,0.010433155,"yes","down",0.759272489970944,0.20905819005399,"tissue_specific","Leaf_Shoot","hypocotyl"
"AT3G02730",3273.080035,-0.109570919,0.038413851,-2.852380452,0.004339313,0.018862586,"yes","down",0.664686727915898,0.564764241249763,"tissue_specific","Leaf_Shoot","cotyledon"
"AT3G02840",21.42786989,3.299669067,0.410593442,8.036341384,9.26e-16,1.68e-13,"yes","up",0.838251111404703,0.42897979763149,"tissue_specific","Leaf_Shoot","cotyledon"
"AT3G03020",73.15926029,0.861993132,0.20854243,4.133418469,3.57e-05,0.000359896,"yes","up",0.612351270424497,0.42878863244642,"tissue_specific","Leaf_Shoot","cotyledon"
"AT3G03130",268.5090891,-1.285364057,0.259958875,-4.944489988,7.63e-07,1.39e-05,"yes","down",0.718046364246644,0.510304361312515,"tissue_specific","Leaf_Shoot","shoot_apex_vegetative"
"AT3G03470",77.54127957,1.195961214,0.178588079,6.696758387,2.13e-11,1.43e-09,"yes","up",0.78493666800903,0.693589962420269,"tissue_specific","Leaf_Shoot","senescing_leaf"
"AT3G03560",315.3086725,0.170655036,0.056545281,3.018024377,0.002544284,0.0121829,"yes","up",0.712877241524922,0.288357273466174,"tissue_specific","Leaf_Shoot","senescing_leaf"
"AT3G03630",463.5398031,-0.172895398,0.066947659,-2.58254583,0.009807434,0.036066397,"yes","down",0.754245925876389,0.559064296067395,"tissue_specific","Leaf_Shoot","shoot_apex_vegetative_with_leaves"
"AT3G03710",1473.225696,-0.128186621,0.049172769,-2.606861953,0.009137619,0.034091277,"yes","down",0.699510237166875,0.49637278707212,"tissue_specific","Leaf_Shoot","rosette_vegetative"
"AT3G03920",1417.51528,-0.184970494,0.054847554,-3.372447456,0.000745033,0.004474564,"yes","down",0.649937430873739,0.283800968632447,"tissue_specific","Leaf_Shoot","shoot_apex_vegetative"
"AT3G04060",120.0701633,0.489097006,0.119746606,4.084433144,4.42e-05,0.000430042,"yes","up",0.850522458398073,0.728068945536756,"tissue_specific","Leaf_Shoot","senescing_leaf"
"AT3G04070",113.2095981,0.297581645,0.103164095,2.884546647,0.003919777,0.017332752,"yes","up",0.835068722402371,0.560035755757269,"tissue_specific","Leaf_Shoot","senescing_leaf"
"AT3G04110",168.056358,0.313237984,0.043520436,7.197491829,6.13e-13,6.06e-11,"yes","up",0.792814686721295,0.566278697832189,"tissue_specific","Leaf_Shoot","senescing_leaf"
"AT3G04210",183.9989194,0.825144722,0.227984926,3.619295092,0.000295407,0.002074358,"yes","up",0.884346047828571,0.75384219790861,"tissue_specific","Leaf_Shoot","cauline_leaf"
"AT3G04260",1507.628181,-0.151004664,0.053713789,-2.811283042,0.004934436,0.020879457,"yes","down",0.667311954930698,0.451273952900256,"tissue_specific","Leaf_Shoot","shoot_apex_vegetative_with_leaves"
"AT3G04550",2231.909866,-0.190299243,0.065815651,-2.89139803,0.00383532,0.017045627,"yes","down",0.668535664367289,0.562250754249415,"tissue_specific","Leaf_Shoot","rosette_vegetative"
"AT3G04640",82.61186699,1.495889872,0.299681528,4.991598518,5.99e-07,1.13e-05,"yes","up",0.750789367197623,0.48541064590577,"tissue_specific","Leaf_Shoot","cotyledon"
"AT3G04770",229.1790761,-0.295370471,0.094892041,-3.112700154,0.001853843,0.009448785,"yes","down",0.644232109249011,0.23316824902913,"tissue_specific","Leaf_Shoot","shoot_apex_vegetative"
"AT3G04790",6372.540358,-0.133703331,0.032911405,-4.062522807,4.85e-05,0.000466594,"yes","down",0.649214832048618,0.551465566407676,"tissue_specific","Leaf_Shoot","rosette_leaf"
"AT3G05060",1801.548021,-0.172727588,0.070372361,-2.454480495,0.014108832,0.048264039,"yes","down",0.685238212259271,0.345564069902415,"tissue_specific","Leaf_Shoot","shoot_apex_vegetative"
"AT3G05200",299.4691192,0.714281366,0.165672198,4.311413598,1.62e-05,0.000186077,"yes","up",0.664956812970169,0.413283735505099,"tissue_specific","Leaf_Shoot","senescing_leaf"
"AT3G05650",28.65585248,0.88639162,0.198101432,4.474433175,7.66e-06,9.83e-05,"yes","up",0.772602730241267,0.601720108789482,"tissue_specific","Leaf_Shoot","stem"
"AT3G05660",22.52474789,1.096604295,0.231145666,4.744213097,2.09e-06,3.27e-05,"yes","up",0.672762035590163,0.436645201376677,"tissue_specific","Leaf_Shoot","senescing_leaf"
"AT3G05730",4098.469117,-0.11537571,0.038088753,-3.02912807,0.002452607,0.011820753,"yes","down",0.91296370057325,0.777825307549461,"tissue_specific","Leaf_Shoot","cotyledon"
"AT3G05970",901.459644,0.123199819,0.038230032,3.22259262,0.001270361,0.006993512,"yes","up",0.638486484681217,0.0892504180114674,"tissue_specific","Leaf_Shoot","senescing_leaf"
"AT3G06740",172.9827083,-0.421371933,0.100059404,-4.211217703,2.54e-05,0.000271665,"yes","down",0.725010111257472,0.456576091955705,"tissue_specific","Leaf_Shoot","shoot_apex_transition"
"AT3G06770",332.3129452,-0.22851212,0.079261074,-2.883030815,0.003938689,0.01739354,"yes","down",0.611482517558449,0.457063025428898,"tissue_specific","Leaf_Shoot","rosette_leaf"
"AT3G07430",2647.713873,-0.131765764,0.041945705,-3.141340997,0.001681761,0.008743748,"yes","down",0.653109509906513,0.505068370009519,"tissue_specific","Leaf_Shoot","shoot_apex_vegetative_with_leaves"
"AT3G07730",21.63033413,0.343601407,0.117571384,2.9224918,0.003472428,0.015728118,"yes","up",0.825478811134576,0.223435058619747,"tissue_specific","Leaf_Shoot","senescing_leaf"
"AT3G07780",871.1665364,0.284781006,0.104162142,2.734016403,0.006256693,0.025100241,"yes","up",0.645985769587063,0.226227751946691,"tissue_specific","Leaf_Shoot","senescing_leaf"
"AT3G08740",2900.580391,-0.101284419,0.041071479,-2.466052364,0.013661136,0.047053472,"yes","down",0.644303761722889,0.545736481433441,"tissue_specific","Leaf_Shoot","rosette_vegetative"
"AT3G08760",268.5323036,0.321591455,0.0970453,3.313828241,0.00092028,0.005338297,"yes","up",0.634416485186054,0.217881450988273,"tissue_specific","Leaf_Shoot","senescing_leaf"
"AT3G08870",12.28685232,0.729482023,0.231858094,3.146243507,0.001653822,0.008624033,"yes","up",0.928399764802569,0.578857633398519,"tissue_specific","Leaf_Shoot","senescing_leaf"
"AT3G08920",397.6348031,-0.200691883,0.04986607,-4.02461801,5.71e-05,0.000535383,"yes","down",0.742025646108611,0.592326316911494,"tissue_specific","Leaf_Shoot","rosette_vegetative"
"AT3G09020",68.2264495,1.367060927,0.215493189,6.343870697,2.24e-10,1.18e-08,"yes","up",0.898720578684202,0.732574713339227,"tissue_specific","Leaf_Shoot","senescing_leaf"
"AT3G09070",307.1041778,-0.189333145,0.062774285,-3.016094008,0.002560539,0.012243322,"yes","down",0.752449947705312,0.529885424150648,"tissue_specific","Leaf_Shoot","shoot_apex_transition"
"AT3G09260",48659.3629,-0.142940453,0.055389517,-2.580640905,0.00986171,0.036221579,"yes","down",0.910467930570252,0.878532248428068,"tissue_specific","Leaf_Shoot","hypocotyl"
"AT3G09405",30.92636983,1.369073762,0.236747081,5.782853816,7.34e-09,2.56e-07,"yes","up",0.698426728734138,0.23763665427852,"tissue_specific","Leaf_Shoot","hypocotyl"
"AT3G09520",50.38477879,1.042201328,0.186987058,5.573654888,2.49e-08,7.38e-07,"yes","up",0.844915226461675,0.536990420972879,"tissue_specific","Leaf_Shoot","senescing_leaf"
"AT3G09580",399.2170269,-0.269881864,0.070651807,-3.819886192,0.000133513,0.001079207,"yes","down",0.625327945813392,0.523749344824634,"tissue_specific","Leaf_Shoot","rosette_vegetative"
"AT3G09720",249.847365,-0.169966732,0.067985239,-2.500053442,0.012417457,0.043578491,"yes","down",0.608245738252805,0.328120971547464,"tissue_specific","Leaf_Shoot","shoot_apex_vegetative"
"AT3G09830",198.8902324,1.050270039,0.12969187,8.098194879,5.58e-16,1.04e-13,"yes","up",0.821599124550605,0.58790935359871,"tissue_specific","Leaf_Shoot","senescing_leaf"
"AT3G09870",3.975819288,1.723315399,0.378897692,4.54823409,5.41e-06,7.35e-05,"yes","up",0.866627536760933,0.523764510910753,"tissue_specific","Leaf_Shoot","shoot_apex_vegetative_with_leaves"
"AT3G10060",1119.80818,-0.159950543,0.033633878,-4.755637781,1.98e-06,3.11e-05,"yes","down",0.711987946913257,0.589615222621111,"tissue_specific","Leaf_Shoot","cotyledon"
"AT3G10080",157.4472288,-0.147883386,0.050523431,-2.927025799,0.003422205,0.015543668,"yes","down",0.724385840491999,0.436225320175662,"tissue_specific","Leaf_Shoot","stem"
"AT3G10610",874.7408247,-0.203590735,0.056244795,-3.61972581,0.000294915,0.002071557,"yes","down",0.617421986773063,0.325349600167507,"tissue_specific","Leaf_Shoot","shoot_apex_vegetative"
"AT3G10690",1247.480834,-0.181962593,0.062515474,-2.910680855,0.003606422,0.016208614,"yes","down",0.686615681155387,0.391769879883194,"tissue_specific","Leaf_Shoot","shoot_apex_vegetative"
"AT3G10930",69.31376521,3.176112209,0.301224054,10.5440192,5.41e-26,5.55e-23,"yes","up",0.809572566854309,0.661874096579369,"tissue_specific","Leaf_Shoot","cotyledon"
"AT3G11010",160.1694188,1.227173202,0.206931203,5.930343917,3.02e-09,1.16e-07,"yes","up",0.885601391374042,0.663689182526263,"tissue_specific","Leaf_Shoot","senescing_leaf"
"AT3G11080",39.31268359,0.474356094,0.109100432,4.347884656,1.37e-05,0.000161448,"yes","up",0.863141663885218,0.458253907493093,"tissue_specific","Leaf_Shoot","senescing_leaf"
"AT3G11250",847.7586935,-0.258632273,0.05529599,-4.67723381,2.91e-06,4.31e-05,"yes","down",0.631312585274641,0.377127848795407,"tissue_specific","Leaf_Shoot","shoot_apex_vegetative"
"AT3G11490",302.7644356,-0.170901974,0.02969838,-5.754589197,8.69e-09,2.95e-07,"yes","down",0.604451382906127,0.477528192412624,"tissue_specific","Leaf_Shoot","stem"
"AT3G11500",273.5933707,-0.08824944,0.035313023,-2.499062155,0.012452247,0.043681074,"yes","down",0.620594285322677,0.370424100601848,"tissue_specific","Leaf_Shoot","shoot_apex_transition"
"AT3G11520",130.149319,-0.860683461,0.224318278,-3.836885118,0.000124605,0.001019898,"yes","down",0.68866232926822,0.446629654765932,"tissue_specific","Leaf_Shoot","shoot_apex_transition"
"AT3G11840",39.27983909,1.068751496,0.192649051,5.547660333,2.9e-08,8.42e-07,"yes","up",0.755778072046535,0.452980415278592,"tissue_specific","Leaf_Shoot","senescing_leaf"
"AT3G11945",950.2322596,-0.10388016,0.03405179,-3.050651925,0.002283451,0.011167593,"yes","down",0.61888424350812,0.51887632443266,"tissue_specific","Leaf_Shoot","cotyledon"
"AT3G12040",38.37584728,0.495845711,0.096960399,5.113899247,3.16e-07,6.5e-06,"yes","up",0.669160981106749,0.605274207972337,"tissue_specific","Leaf_Shoot","senescing_leaf"
"AT3G12700",463.2111474,0.185914764,0.047783938,3.89073758,9.99e-05,0.000850193,"yes","up",0.893365360191267,0.791590460880748,"tissue_specific","Leaf_Shoot","hypocotyl"
"AT3G12740",636.0372376,0.375834292,0.096862479,3.880081267,0.000104422,0.000881321,"yes","up",0.706280932278163,0.2133569251933,"tissue_specific","Leaf_Shoot","senescing_leaf"
"AT3G12780",24549.0397,-0.08795033,0.026240067,-3.351757095,0.000803004,0.004759674,"yes","down",0.618107296325638,0.549043787852886,"tissue_specific","Leaf_Shoot","cotyledon"
"AT3G12870",131.0490206,-1.261198921,0.263553038,-4.785370453,1.71e-06,2.74e-05,"yes","down",0.731318303747039,0.433864496545947,"tissue_specific","Leaf_Shoot","shoot_apex_transition"
"AT3G12910",4.581665299,1.457613051,0.362176724,4.024590632,5.71e-05,0.000535383,"yes","up",0.957047589524204,0.441829778792072,"tissue_specific","Leaf_Shoot","senescing_leaf"
"AT3G12930",1080.261527,-0.216505134,0.049626051,-4.36273144,1.28e-05,0.00015254,"yes","down",0.700780419950935,0.58125649557699,"tissue_specific","Leaf_Shoot","shoot_apex_vegetative_with_leaves"
"AT3G13100",93.22110114,0.534177934,0.118457796,4.509436724,6.5e-06,8.55e-05,"yes","up",0.870373406655347,0.654031523998669,"tissue_specific","Leaf_Shoot","senescing_leaf"
"AT3G13120",5020.240345,-0.176843352,0.039382241,-4.490433935,7.11e-06,9.21e-05,"yes","down",0.600679206999086,0.537143482641154,"tissue_specific","Leaf_Shoot","shoot_apex_vegetative_with_leaves"
"AT3G13180",581.1953202,-0.118486232,0.045794326,-2.587356172,0.009671556,0.035650914,"yes","down",0.616543196425188,0.419087898475106,"tissue_specific","Leaf_Shoot","rosette_vegetative"
"AT3G13380",277.3780738,0.844845296,0.122603878,6.890852943,5.55e-12,4.39e-10,"yes","up",0.617974581886924,0.363326105717403,"tissue_specific","Leaf_Shoot","senescing_leaf"
"AT3G13674",64.89277494,-0.321515137,0.07676666,-4.18821317,2.81e-05,0.000295092,"yes","down",0.718516318246142,0.395195322781685,"tissue_specific","Leaf_Shoot","shoot_apex_transition"
"AT3G13910",104.5163011,0.343643162,0.07785328,4.413984402,1.01e-05,0.00012473,"yes","up",0.645730461740467,0.576605830994141,"tissue_specific","Leaf_Shoot","hypocotyl"
"AT3G13980",84.30939094,-0.391508666,0.115984562,-3.37552393,0.000736753,0.004431609,"yes","down",0.850088319868421,0.450491907642443,"tissue_specific","Leaf_Shoot","stem"
"AT3G14050",512.6226205,0.685403472,0.171958043,3.985876198,6.72e-05,0.000614045,"yes","up",0.744685363189145,0.46675823840497,"tissue_specific","Leaf_Shoot","senescing_leaf"
"AT3G14110",1559.299229,-0.145504505,0.037024594,-3.929941961,8.5e-05,0.00074127,"yes","down",0.645566814290903,0.476177299465668,"tissue_specific","Leaf_Shoot","shoot_apex_vegetative_with_leaves"
"AT3G14280",85.68859125,-0.264175971,0.103753603,-2.546185994,0.010890714,0.039239423,"yes","down",0.783025869426882,0.710009886811309,"tissue_specific","Leaf_Shoot","senescing_leaf"
"AT3G14415",10804.07041,-0.107080844,0.04144503,-2.583683606,0.009775142,0.035968426,"yes","down",0.679826386407712,0.65032919638661,"tissue_specific","Leaf_Shoot","cauline_leaf"
"AT3G14470",140.4248827,0.234800223,0.072363017,3.244754474,0.001175519,0.006543215,"yes","up",0.702824425535579,0.499916399047887,"tissue_specific","Leaf_Shoot","senescing_leaf"
"AT3G14700",11.05515298,1.065203115,0.205350087,5.187254271,2.13e-07,4.67e-06,"yes","up",0.735316106535442,0.588356245831734,"tissue_specific","Leaf_Shoot","senescing_leaf"
"AT3G14840",1328.047199,0.172593303,0.069948509,2.467433615,0.013608545,0.046920321,"yes","up",0.620766341033219,0.270589090667136,"tissue_specific","Leaf_Shoot","hypocotyl"
"AT3G14930",2912.587308,-0.190239966,0.043204484,-4.403245871,1.07e-05,0.000130186,"yes","down",0.750389432824788,0.625938169773818,"tissue_specific","Leaf_Shoot","rosette_vegetative"
"AT3G15110",782.0918738,-0.153944723,0.030527784,-5.042774189,4.59e-07,9.02e-06,"yes","down",0.662114657286818,0.588633187879014,"tissue_specific","Leaf_Shoot","rosette_leaf"
"AT3G15360",3910.705834,-0.094121918,0.022557116,-4.172604184,3.01e-05,0.000312306,"yes","down",0.653430897954574,0.586744749451161,"tissue_specific","Leaf_Shoot","rosette_leaf"
"AT3G15570",286.2901186,-0.281187522,0.097078513,-2.896495967,0.003773555,0.016806703,"yes","down",0.836938895115669,0.717410555591239,"tissue_specific","Leaf_Shoot","rosette_vegetative"
"AT3G15680",341.5571574,-0.654983335,0.119609752,-5.476002771,4.35e-08,1.19e-06,"yes","down",0.681557314858259,0.499637136677527,"tissue_specific","Leaf_Shoot","shoot_apex_transition"
"AT3G15850",2711.359407,-0.19666196,0.06087166,-3.230763876,0.001234599,0.006825328,"yes","down",0.696436225184472,0.550830227006081,"tissue_specific","Leaf_Shoot","rosette_vegetative"
"AT3G16030",77.16012063,0.503724141,0.090721317,5.552434206,2.82e-08,8.23e-07,"yes","up",0.830160939005941,0.598602172137823,"tissue_specific","Leaf_Shoot","senescing_leaf"
"AT3G16220",224.9946392,0.265785881,0.078957496,3.366189312,0.000762144,0.004562219,"yes","up",0.781705271909697,0.630700027271937,"tissue_specific","Leaf_Shoot","cauline_leaf"
"AT3G16360",96.49691946,0.424091194,0.132684743,3.196231785,0.001392352,0.007553077,"yes","up",0.943574981239027,0.717957366153396,"tissue_specific","Leaf_Shoot","cauline_leaf"
"AT3G16390",71.77982742,-0.533529178,0.161060069,-3.312609888,0.000924298,0.005356066,"yes","down",0.895591478402343,0.889339114276689,"tissue_specific","Leaf_Shoot","hypocotyl"
"AT3G16530",1445.559831,0.53027358,0.132538371,4.00090611,6.31e-05,0.000581496,"yes","up",0.929332217386409,0.793928434269973,"tissue_specific","Leaf_Shoot","hypocotyl"
"AT3G16720",246.8554836,1.370872411,0.184061476,7.44790512,9.48e-14,1.1e-11,"yes","up",0.683546306523241,0.363387953370011,"tissue_specific","Leaf_Shoot","senescing_leaf"
"AT3G16780",1885.662236,-0.30181554,0.063649961,-4.741802441,2.12e-06,3.3e-05,"yes","down",0.666049635092422,0.397878867050163,"tissue_specific","Leaf_Shoot","shoot_apex_vegetative"
"AT3G17170",937.2776045,-0.211115439,0.080216185,-2.631830952,0.008492611,0.032191668,"yes","down",0.766201753365019,0.529506126935653,"tissue_specific","Leaf_Shoot","shoot_apex_vegetative_with_leaves"
"AT3G17350",110.4738175,-0.296254281,0.085604876,-3.460717386,0.000538738,0.003418086,"yes","down",0.625476109211911,0.402665935582673,"tissue_specific","Leaf_Shoot","shoot_apex_transition"
"AT3G17360",275.4662161,-0.38264361,0.147738232,-2.590010766,0.009597293,0.035449485,"yes","down",0.70516540281237,0.434957871358658,"tissue_specific","Leaf_Shoot","shoot_apex_transition"
"AT3G17410",744.6341208,0.21679312,0.04856573,4.463911497,8.05e-06,0.0001026,"yes","up",0.601015747692937,0.368488451130383,"tissue_specific","Leaf_Shoot","senescing_leaf"
"AT3G17700",121.0654731,0.589927376,0.111191542,5.305505826,1.12e-07,2.72e-06,"yes","up",0.828367044060069,0.440679413350538,"tissue_specific","Leaf_Shoot","senescing_leaf"
"AT3G18250",10.2935098,0.797058316,0.190482061,4.184427191,2.86e-05,0.000299254,"yes","up",0.922363518256644,0.454124339000455,"tissue_specific","Leaf_Shoot","senescing_leaf"
"AT3G18370",523.4284153,0.266901604,0.052808013,5.054187564,4.32e-07,8.53e-06,"yes","up",0.637787087491515,0.191202132577713,"tissue_specific","Leaf_Shoot","cauline_leaf"
"AT3G18390",2725.247306,-0.109704055,0.043586812,-2.516909324,0.011838929,0.041992038,"yes","down",0.657445348967737,0.572043137797824,"tissue_specific","Leaf_Shoot","rosette_vegetative"
"AT3G18600",826.4063742,-0.242227076,0.088492019,-2.737275958,0.00619503,0.024912222,"yes","down",0.696824588778056,0.397173079004678,"tissue_specific","Leaf_Shoot","shoot_apex_vegetative"
"AT3G18610",37.37574826,0.658559316,0.150252833,4.383007658,1.17e-05,0.000140707,"yes","up",0.783639491883348,0.701601046972791,"tissue_specific","Leaf_Shoot","senescing_leaf"
"AT3G18630",55.20002435,0.430778323,0.133093481,3.236659826,0.001209375,0.006701597,"yes","up",0.763299731965766,0.408729406970237,"tissue_specific","Leaf_Shoot","shoot_apex_transition"
"AT3G18710",127.4802018,0.264858461,0.099787906,2.654214044,0.007949338,0.030571187,"yes","up",0.672476551609353,0.333626145032932,"tissue_specific","Leaf_Shoot","stem"
"AT3G18890",2975.392173,-0.167646425,0.046584917,-3.598727591,0.000319778,0.002216444,"yes","down",0.734679519472449,0.644231469973594,"tissue_specific","Leaf_Shoot","cotyledon"
"AT3G19184",8.686199898,-0.811380747,0.210667774,-3.851470639,0.000117411,0.000970789,"yes","down",0.883247771481106,0.693209305994246,"tissue_specific","Leaf_Shoot","hypocotyl"
"AT3G19380",187.9208837,0.369615758,0.069266904,5.336109153,9.5e-08,2.35e-06,"yes","up",0.767537393164375,0.343857751064495,"tissue_specific","Leaf_Shoot","senescing_leaf"
"AT3G19900",379.3153992,0.104817278,0.042754281,2.451620645,0.01422145,0.048550652,"yes","up",0.762494084095053,0.272209950234261,"tissue_specific","Leaf_Shoot","senescing_leaf"
"AT3G20230",752.1936891,-0.134982612,0.043805618,-3.081399568,0.0020603,0.01029844,"yes","down",0.612502243380681,0.552192493318302,"tissue_specific","Leaf_Shoot","shoot_apex_vegetative_with_leaves"
"AT3G20250",480.4497195,0.152184216,0.061161492,2.488235846,0.012837857,0.044740803,"yes","up",0.764979858449739,0.548230400543282,"tissue_specific","Leaf_Shoot","senescing_leaf"
"AT3G20260",295.6305165,-0.276391608,0.079943465,-3.457338347,0.000545539,0.003451423,"yes","down",0.698367079823308,0.439947831384745,"tissue_specific","Leaf_Shoot","shoot_apex_transition"
"AT3G20590",16.36150469,-0.592236252,0.168991413,-3.504534585,0.000457406,0.002992173,"yes","down",0.720290191356447,0.486772646564904,"tissue_specific","Leaf_Shoot","cotyledon"
"AT3G21055",10341.31481,-0.231533076,0.047272697,-4.897818181,9.69e-07,1.69e-05,"yes","down",0.633769347252709,0.570620588147243,"tissue_specific","Leaf_Shoot","rosette_leaf"
"AT3G21080",7.47343619,0.851299933,0.198267528,4.293693188,1.76e-05,0.00019858,"yes","up",0.956847400042134,0.785333618922927,"tissue_specific","Leaf_Shoot","senescing_leaf"
"AT3G21300",387.6491456,-0.297092946,0.087094313,-3.411163538,0.000646863,0.003985493,"yes","down",0.790165715542909,0.546835275930943,"tissue_specific","Leaf_Shoot","shoot_apex_vegetative_with_leaves"
"AT3G21780",10.79844315,1.102314296,0.333166562,3.308598223,0.000937643,0.005420073,"yes","up",0.939011256670666,0.76752685291048,"tissue_specific","Leaf_Shoot","senescing_leaf"
"AT3G21790",276.5947868,0.220840623,0.056824054,3.886393333,0.000101745,0.000861813,"yes","up",0.827139787760473,0.431049072119945,"tissue_specific","Leaf_Shoot","senescing_leaf"
"AT3G22120",11242.7126,0.401855891,0.100364525,4.003963459,6.23e-05,0.000576054,"yes","up",0.602799312743653,0.492722370289315,"tissue_specific","Leaf_Shoot","rosette_vegetative"
"AT3G22160",69.3092493,0.866809875,0.117310404,7.389028148,1.48e-13,1.63e-11,"yes","up",0.7185178031532,0.340181914337215,"tissue_specific","Leaf_Shoot","senescing_leaf"
"AT3G22260",84.18588068,0.377412221,0.076867882,4.909881881,9.11e-07,1.61e-05,"yes","up",0.685311902146662,0.449719777152729,"tissue_specific","Leaf_Shoot","senescing_leaf"
"AT3G22540",20.25698189,-0.453034001,0.116731145,-3.88100366,0.000104026,0.000878299,"yes","down",0.816266248696797,0.600078105773652,"tissue_specific","Leaf_Shoot","stem"
"AT3G22790",721.2038735,-0.141410468,0.054315985,-2.603477926,0.009228321,0.034382679,"yes","down",0.766132873658398,0.630746239474694,"tissue_specific","Leaf_Shoot","shoot_apex_transition"
"AT3G23000",1445.385772,0.240157762,0.097754381,2.456746787,0.014020147,0.048025288,"yes","up",0.685901191924641,0.317943912173123,"tissue_specific","Leaf_Shoot","stem"
"AT3G23010",10.45966733,0.874382649,0.178014767,4.911854591,9.02e-07,1.6e-05,"yes","up",0.91119036048059,0.697473717885733,"tissue_specific","Leaf_Shoot","senescing_leaf"
"AT3G23090",266.1700614,-0.205074002,0.066064787,-3.10413477,0.001908364,0.009666064,"yes","down",0.859359923705073,0.760354688063509,"tissue_specific","Leaf_Shoot","stem"
"AT3G23110",66.716061,0.440534553,0.17409921,2.530365025,0.011394392,0.040660005,"yes","up",0.852978959436894,0.603189055981593,"tissue_specific","Leaf_Shoot","senescing_leaf"
"AT3G23230",10.02509713,1.592135021,0.346365521,4.596690272,4.29e-06,6.02e-05,"yes","up",0.87014148391306,0.428174404978484,"tissue_specific","Leaf_Shoot","hypocotyl"
"AT3G23240",3.611269426,1.656985948,0.345105495,4.801389636,1.58e-06,2.56e-05,"yes","up",0.7735932842213,0.486549550290456,"tissue_specific","Leaf_Shoot","senescing_leaf"
"AT3G23250",13.21126918,2.095066994,0.299306307,6.999742216,2.56e-12,2.21e-10,"yes","up",0.867363613872212,0.865193531558353,"tissue_specific","Leaf_Shoot","hypocotyl"
"AT3G23400",1878.84746,0.119625568,0.038909077,3.074489966,0.002108628,0.010486644,"yes","up",0.658537124213052,0.417072813597974,"tissue_specific","Leaf_Shoot","cotyledon"
"AT3G23670",330.9178742,-0.814625044,0.222121876,-3.667468774,0.000244963,0.001778418,"yes","down",0.755145951430624,0.602467306024888,"tissue_specific","Leaf_Shoot","shoot_apex_transition"
"AT3G23740",111.2671734,-0.318430034,0.098832541,-3.221914869,0.00127337,0.007006233,"yes","down",0.730725117743843,0.526746636586135,"tissue_specific","Leaf_Shoot","shoot_apex_transition"
"AT3G23805",157.7107496,-0.277943039,0.058840452,-4.723672746,2.32e-06,3.57e-05,"yes","down",0.637111860446105,0.24056111447357,"tissue_specific","Leaf_Shoot","stem"
"AT3G23830",541.5236418,-0.296126742,0.072782792,-4.06863675,4.73e-05,0.000456488,"yes","down",0.708487527753081,0.516784368990703,"tissue_specific","Leaf_Shoot","shoot_apex_transition"
"AT3G23940",2451.126656,-0.213393294,0.061704425,-3.458314255,0.000543567,0.00344192,"yes","down",0.640727687706838,0.261402282293177,"tissue_specific","Leaf_Shoot","shoot_apex_vegetative"
"AT3G24450",37.50421862,0.581024851,0.118747849,4.892929468,9.93e-07,1.72e-05,"yes","up",0.858603787578024,0.499468480849521,"tissue_specific","Leaf_Shoot","stem"
"AT3G24495",205.4987977,-0.241504903,0.086439167,-2.793929081,0.00520719,0.021756307,"yes","down",0.691900866488673,0.521035638093469,"tissue_specific","Leaf_Shoot","shoot_apex_transition"
"AT3G24770",390.6649366,0.606171239,0.10998648,5.511325036,3.56e-08,1.01e-06,"yes","up",0.767686450409266,0.349112799114966,"tissue_specific","Leaf_Shoot","hypocotyl"
"AT3G24900",6.006171601,1.412368011,0.298259267,4.73537009,2.19e-06,3.4e-05,"yes","up",0.891104646145593,0.421088010105989,"tissue_specific","Leaf_Shoot","senescing_leaf"
"AT3G25010",56.86082804,0.862191047,0.18439624,4.675751777,2.93e-06,4.33e-05,"yes","up",0.910399923264809,0.630524376258747,"tissue_specific","Leaf_Shoot","senescing_leaf"
"AT3G25020",83.53628918,0.468095414,0.127260631,3.678242132,0.000234847,0.001716072,"yes","up",0.796654220016382,0.498915736419749,"tissue_specific","Leaf_Shoot","senescing_leaf"
"AT3G25100",111.6401822,-0.368493429,0.081341746,-4.53018835,5.89e-06,7.89e-05,"yes","down",0.712337467275476,0.511805800732388,"tissue_specific","Leaf_Shoot","shoot_apex_transition"
"AT3G25440",83.36151687,-0.166879903,0.053260516,-3.133276134,0.001728667,0.008910972,"yes","down",0.638224993956635,0.406550312269568,"tissue_specific","Leaf_Shoot","shoot_apex_transition"
"AT3G25610",283.77685,0.617511084,0.069620104,8.869723678,7.33e-19,2.22e-16,"yes","up",0.878900230562491,0.735853095724995,"tissue_specific","Leaf_Shoot","senescing_leaf"
"AT3G25760",314.2884802,0.844244048,0.177018088,4.769252998,1.85e-06,2.94e-05,"yes","up",0.904535455870467,0.761764649350369,"tissue_specific","Leaf_Shoot","cotyledon"
"AT3G25920",7482.540048,-0.085651148,0.029339418,-2.919319976,0.003507959,0.015844631,"yes","down",0.616386977922476,0.520648596315335,"tissue_specific","Leaf_Shoot","rosette_vegetative"
"AT3G25980",248.9725027,-0.517236308,0.18232616,-2.836873819,0.004555761,0.019586533,"yes","down",0.732241838681245,0.45305863484981,"tissue_specific","Leaf_Shoot","shoot_apex_transition"
"AT3G26090",225.5511523,0.21744561,0.053686867,4.050257031,5.12e-05,0.000487481,"yes","up",0.713147118592766,0.328166361491186,"tissue_specific","Leaf_Shoot","senescing_leaf"
"AT3G26170",19.94957657,0.590346477,0.153477918,3.846458735,0.000119837,0.000987391,"yes","up",0.844918666364194,0.521594547267049,"tissue_specific","Leaf_Shoot","senescing_leaf"
"AT3G26210",133.4237114,0.422799975,0.12627825,3.348161499,0.000813496,0.00481218,"yes","up",0.915148865372799,0.5780889612425,"tissue_specific","Leaf_Shoot","senescing_leaf"
"AT3G26220",37.97200107,0.610584287,0.154046414,3.963638424,7.38e-05,0.000660609,"yes","up",0.933718761869676,0.720799350041027,"tissue_specific","Leaf_Shoot","senescing_leaf"
"AT3G26230",29.79883757,0.579168856,0.181375317,3.193206588,0.001407022,0.00760728,"yes","up",0.862245112553228,0.749452582157006,"tissue_specific","Leaf_Shoot","cauline_leaf"
"AT3G26600",226.337137,0.529670602,0.081307404,6.514420257,7.3e-11,4.39e-09,"yes","up",0.731962985554128,0.307043561045721,"tissue_specific","Leaf_Shoot","senescing_leaf"
"AT3G26830",132.8063249,1.074530514,0.173874461,6.179921465,6.41e-10,2.97e-08,"yes","up",0.849447441687455,0.438830334279549,"tissue_specific","Leaf_Shoot","senescing_leaf"
"AT3G27050",309.0409788,-0.307874902,0.089148816,-3.453494022,0.000553375,0.003492539,"yes","down",0.626019113336783,0.508328266221904,"tissue_specific","Leaf_Shoot","cotyledon"
"AT3G27110",296.2363424,0.313088413,0.084332213,3.712560161,0.000205173,0.001536388,"yes","up",0.78922708397457,0.31539367782534,"tissue_specific","Leaf_Shoot","senescing_leaf"
"AT3G27160",4712.498209,-0.099240879,0.035215873,-2.818072349,0.004831292,0.020546284,"yes","down",0.671289361239853,0.622707478909139,"tissue_specific","Leaf_Shoot","shoot_apex_vegetative_with_leaves"
"AT3G27360",446.2185773,-0.650486678,0.115371865,-5.638174264,1.72e-08,5.37e-07,"yes","down",0.732493877143436,0.564869993413784,"tissue_specific","Leaf_Shoot","shoot_apex_transition"
"AT3G28340",79.85586459,1.070715348,0.220647452,4.852606892,1.22e-06,2.05e-05,"yes","up",0.739226005279562,0.339343137372091,"tissue_specific","Leaf_Shoot","cotyledon"
"AT3G28460",440.1938132,-0.114973892,0.042336506,-2.715715204,0.006613278,0.026275881,"yes","down",0.691358968066753,0.518859302959322,"tissue_specific","Leaf_Shoot","shoot_apex_vegetative_with_leaves"
"AT3G28510",26.9326913,3.522312759,0.425330897,8.281347025,1.22e-16,2.61e-14,"yes","up",0.968786050207883,0.457076613837989,"tissue_specific","Leaf_Shoot","senescing_leaf"
"AT3G28540",29.20800315,1.104807625,0.2852252,3.873457274,0.000107302,0.000901759,"yes","up",0.925078422329241,0.614005407509297,"tissue_specific","Leaf_Shoot","senescing_leaf"
"AT3G28580",56.9903222,2.870701928,0.277664428,10.33874575,4.71e-25,4.27e-22,"yes","up",0.900009035749918,0.303072181197515,"tissue_specific","Leaf_Shoot","senescing_leaf"
"AT3G28890",4.107958756,1.292834214,0.335361898,3.85504203,0.00011571,0.000958744,"yes","up",0.812429423974331,0.462995739232563,"tissue_specific","Leaf_Shoot","senescing_leaf"
"AT3G28930",222.3779616,0.571058267,0.106881315,5.342919572,9.15e-08,2.27e-06,"yes","up",0.821652751085067,0.614115085594491,"tissue_specific","Leaf_Shoot","hypocotyl"
"AT3G28940",1507.708511,0.302342449,0.054042416,5.594539811,2.21e-08,6.67e-07,"yes","up",0.718211508844038,0.423350953004595,"tissue_specific","Leaf_Shoot","cauline_leaf"
"AT3G29185",853.0305488,-0.132789468,0.033951168,-3.911190045,9.18e-05,0.000791881,"yes","down",0.612838155772844,0.52617136618068,"tissue_specific","Leaf_Shoot","rosette_vegetative"
"AT3G29360",1734.655557,0.154649327,0.042360899,3.650756469,0.000261469,0.001875718,"yes","up",0.719329783034415,0.251907550741086,"tissue_specific","Leaf_Shoot","stem"
"AT3G43230",398.7265874,0.155712148,0.057626014,2.702115552,0.006889981,0.027178301,"yes","up",0.638351481362069,0.408887004907921,"tissue_specific","Leaf_Shoot","senescing_leaf"
"AT3G43600",1181.598838,-0.127890599,0.043704185,-2.926278078,0.003430442,0.015571423,"yes","down",0.846421006702175,0.670875724858763,"tissue_specific","Leaf_Shoot","hypocotyl"
"AT3G44260",241.7332506,1.866363472,0.301571376,6.188795165,6.06e-10,2.83e-08,"yes","up",0.808585931822875,0.444557627157873,"tissue_specific","Leaf_Shoot","cotyledon"
"AT3G44350",5.723268175,2.0460264,0.357385854,5.724978697,1.03e-08,3.44e-07,"yes","up",0.827129240169914,0.703680857485703,"tissue_specific","Leaf_Shoot","senescing_leaf"
"AT3G44590",640.6896485,-0.287730271,0.062480516,-4.605119967,4.12e-06,5.81e-05,"yes","down",0.627209502931874,0.392621995821654,"tissue_specific","Leaf_Shoot","shoot_apex_vegetative"
"AT3G44630",871.1039811,0.618777671,0.12176296,5.081821842,3.74e-07,7.54e-06,"yes","up",0.684213178816766,0.641277170115425,"tissue_specific","Leaf_Shoot","cauline_leaf"
"AT3G44750",1239.335153,-0.320708166,0.091990067,-3.486334733,0.000489688,0.003168655,"yes","down",0.754021957774566,0.397771525644838,"tissue_specific","Leaf_Shoot","shoot_apex_vegetative"
"AT3G44860",13.57302257,1.675586893,0.43481593,3.853554526,0.000116415,0.000964251,"yes","up",0.87076724336604,0.723971299203068,"tissue_specific","Leaf_Shoot","cotyledon"
"AT3G44960",37.82195446,-0.697137506,0.167552227,-4.160717629,3.17e-05,0.000325861,"yes","down",0.781003709673567,0.49962451156328,"tissue_specific","Leaf_Shoot","hypocotyl"
"AT3G45290",48.38456365,0.307258141,0.114974199,2.672409503,0.007530868,0.029222249,"yes","up",0.834698394450948,0.376062195999214,"tissue_specific","Leaf_Shoot","senescing_leaf"
"AT3G45330",16.76194808,0.540882515,0.170154002,3.178782223,0.001478952,0.007894775,"yes","up",0.646576334504249,0.613189362395704,"tissue_specific","Leaf_Shoot","senescing_leaf"
"AT3G45430",53.95989439,-0.380569076,0.088358195,-4.307116928,1.65e-05,0.000189261,"yes","down",0.60701659954581,0.250583921313472,"tissue_specific","Leaf_Shoot","rosette_vegetative"
"AT3G45490",2.475411173,1.249202763,0.32954187,3.790725485,0.000150208,0.001193009,"yes","up",0.733339822786323,0.184175073660736,"tissue_specific","Leaf_Shoot","stem"
"AT3G45620",288.0403201,0.199081858,0.058604834,3.397021122,0.000681237,0.004153855,"yes","up",0.679693744093226,0.165699525949926,"tissue_specific","Leaf_Shoot","senescing_leaf"
"AT3G45640",931.6903826,1.084593523,0.18846315,5.754936842,8.67e-09,2.95e-07,"yes","up",0.719110573067405,0.574088069945607,"tissue_specific","Leaf_Shoot","cotyledon"
"AT3G45730",251.2711758,2.818908142,0.352360925,8.000058859,1.24e-15,2.16e-13,"yes","up",0.865231724482236,0.55186378276943,"tissue_specific","Leaf_Shoot","stem"
"AT3G45780",2383.754827,-0.255122428,0.092423948,-2.760349807,0.00577395,0.023576879,"yes","down",0.643870940445021,0.636007667602698,"tissue_specific","Leaf_Shoot","rosette_vegetative"
"AT3G45860",14.06653852,1.455949627,0.315388404,4.616370196,3.91e-06,5.56e-05,"yes","up",0.903129590710558,0.794863472537878,"tissue_specific","Leaf_Shoot","cauline_leaf"
"AT3G45930",377.2112145,-0.546177649,0.086268245,-6.331155184,2.43e-10,1.27e-08,"yes","down",0.717457610636825,0.485134330463872,"tissue_specific","Leaf_Shoot","shoot_apex_transition"
"AT3G45960",17.0112926,0.682713644,0.19117263,3.571189261,0.000355364,0.002416542,"yes","up",0.924837813148448,0.856508434868398,"tissue_specific","Leaf_Shoot","hypocotyl"
"AT3G46030",1534.23255,-0.435585716,0.054570143,-7.982125228,1.44e-15,2.46e-13,"yes","down",0.606461589885288,0.220757109484622,"tissue_specific","Leaf_Shoot","shoot_apex_transition"
"AT3G46130",117.531085,-0.361784506,0.093573571,-3.866310787,0.000110494,0.000924628,"yes","down",0.866240427620481,0.656495863584836,"tissue_specific","Leaf_Shoot","stem"
"AT3G46490",142.1157023,-0.215474856,0.076542071,-2.815116626,0.004875954,0.020680254,"yes","down",0.71820770787493,0.64741139710729,"tissue_specific","Leaf_Shoot","shoot_apex_vegetative_with_leaves"
"AT3G46530",801.5420293,0.44147978,0.061485013,7.180282819,6.96e-13,6.78e-11,"yes","up",0.677405994041818,0.604963710501988,"tissue_specific","Leaf_Shoot","senescing_leaf"
"AT3G46540",430.6851144,0.334947928,0.079226549,4.227723304,2.36e-05,0.000255384,"yes","up",0.611479954575464,0.396179736216394,"tissue_specific","Leaf_Shoot","hypocotyl"
"AT3G46740",3052.554686,-0.143750151,0.04270409,-3.366191672,0.000762137,0.004562219,"yes","down",0.602319027467898,0.275067295985447,"tissue_specific","Leaf_Shoot","shoot_apex_vegetative_with_leaves"
"AT3G46780",10505.08793,-0.246317096,0.055473771,-4.440244312,8.99e-06,0.000112712,"yes","down",0.755234750206787,0.674848141128237,"tissue_specific","Leaf_Shoot","cotyledon"
"AT3G46940",362.6353474,-0.431346589,0.125034396,-3.449823431,0.000560953,0.003534528,"yes","down",0.746538906326686,0.317129576555049,"tissue_specific","Leaf_Shoot","shoot_apex_vegetative"
"AT3G47060",278.0953812,0.215876562,0.048175436,4.481050485,7.43e-06,9.55e-05,"yes","up",0.61812705443356,0.216964958147972,"tissue_specific","Leaf_Shoot","senescing_leaf"
"AT3G47070",3088.506076,-0.239375103,0.059789426,-4.003636099,6.24e-05,0.000576626,"yes","down",0.636921964433024,0.546056278038833,"tissue_specific","Leaf_Shoot","cotyledon"
"AT3G47090",9.613459873,0.731312341,0.185698656,3.938167116,8.21e-05,0.00072193,"yes","up",0.879322087541406,0.691833903407089,"tissue_specific","Leaf_Shoot","senescing_leaf"
"AT3G47250",721.4580204,0.141964401,0.04021743,3.529922293,0.000415682,0.002761022,"yes","up",0.781242992216815,0.670695726651187,"tissue_specific","Leaf_Shoot","cauline_leaf"
"AT3G47370",1694.12353,-0.183964202,0.047306497,-3.888772489,0.000100753,0.000854946,"yes","down",0.617530506443955,0.313907038403089,"tissue_specific","Leaf_Shoot","shoot_apex_vegetative"
"AT3G47450",751.7582318,-0.135098945,0.044253213,-3.05286185,0.002266703,0.011104111,"yes","down",0.646893967335727,0.508017412310902,"tissue_specific","Leaf_Shoot","rosette_vegetative"
"AT3G47480",26.11797883,2.619051303,0.346043865,7.568552916,3.77e-14,4.68e-12,"yes","up",0.894490517268941,0.521145016276607,"tissue_specific","Leaf_Shoot","senescing_leaf"
"AT3G47540",131.4315425,1.042516503,0.136979208,7.610764551,2.72e-14,3.53e-12,"yes","up",0.752037915646152,0.507917400249721,"tissue_specific","Leaf_Shoot","senescing_leaf"
"AT3G47570",224.2563314,0.779579844,0.183063883,4.25851255,2.06e-05,0.0002269,"yes","up",0.822016320266822,0.557823347370669,"tissue_specific","Leaf_Shoot","hypocotyl"
"AT3G47650",2579.905104,-0.204175893,0.051683992,-3.950466743,7.8e-05,0.000690337,"yes","down",0.632946418173422,0.604296015727145,"tissue_specific","Leaf_Shoot","rosette_vegetative"
"AT3G48020",21.93047214,0.285355243,0.115369368,2.473405608,0.013383215,0.046278793,"yes","up",0.917382750515118,0.642964443871253,"tissue_specific","Leaf_Shoot","senescing_leaf"
"AT3G48080",46.14723508,0.444174164,0.134656177,3.298579928,0.000971752,0.005592557,"yes","up",0.833909818726923,0.536718042846448,"tissue_specific","Leaf_Shoot","senescing_leaf"
"AT3G48420",2380.5286,-0.172781115,0.041385242,-4.174945159,2.98e-05,0.000309794,"yes","down",0.745068853426691,0.647783380856351,"tissue_specific","Leaf_Shoot","cotyledon"
"AT3G48490",26.56693459,-0.788228202,0.156946775,-5.022264407,5.11e-07,9.88e-06,"yes","down",0.676693027270728,0.572086645510985,"tissue_specific","Leaf_Shoot","shoot_apex_transition"
"AT3G48690",1436.607424,0.198899625,0.050443311,3.943032721,8.05e-05,0.00070849,"yes","up",0.65912178864415,0.440580726916386,"tissue_specific","Leaf_Shoot","senescing_leaf"
"AT3G48700",77.81328693,-0.309147907,0.125131639,-2.470581457,0.013489359,0.046577511,"yes","down",0.643799366837999,0.323947767026861,"tissue_specific","Leaf_Shoot","shoot_apex_vegetative"
"AT3G48730",4096.687805,-0.194768808,0.037806916,-5.151671372,2.58e-07,5.46e-06,"yes","down",0.63918321246063,0.55934768301257,"tissue_specific","Leaf_Shoot","shoot_apex_vegetative_with_leaves"
"AT3G48740",1873.494072,-0.089137556,0.03337817,-2.670534523,0.007573058,0.029332847,"yes","down",0.731399231301128,0.64922247368813,"tissue_specific","Leaf_Shoot","cotyledon"
"AT3G49110",280.7598375,0.695614355,0.165575803,4.201183647,2.66e-05,0.000281416,"yes","up",0.740867613210824,0.587088499537642,"tissue_specific","Leaf_Shoot","hypocotyl"
"AT3G49340",2.349886179,1.306703375,0.375203284,3.482654417,0.000496469,0.00319963,"yes","up",0.812837013837668,0.520137377799209,"tissue_specific","Leaf_Shoot","cauline_leaf"
"AT3G49930",23.05778309,-0.423287784,0.111672339,-3.790444312,0.000150378,0.001193958,"yes","down",0.629800402645285,0.495993621980537,"tissue_specific","Leaf_Shoot","stem"
"AT3G50410",65.5227034,-0.273122715,0.095893269,-2.848194864,0.004396799,0.019038529,"yes","down",0.658230410518716,0.447581401572283,"tissue_specific","Leaf_Shoot","shoot_apex_transition"
"AT3G50480",383.2751475,1.514227,0.234321396,6.462179844,1.03e-10,5.92e-09,"yes","up",0.832911573192116,0.698508872124005,"tissue_specific","Leaf_Shoot","cauline_leaf"
"AT3G50685",750.8168568,-0.197706876,0.068597571,-2.88212649,0.003950011,0.017427216,"yes","down",0.630741617566301,0.526652069406135,"tissue_specific","Leaf_Shoot","rosette_vegetative"
"AT3G50700",192.602058,-0.27988938,0.099908678,-2.80145215,0.005087319,0.021380899,"yes","down",0.682774007875327,0.355094929225486,"tissue_specific","Leaf_Shoot","hypocotyl"
"AT3G50820",14233.99805,-0.213055904,0.053080009,-4.013863391,5.97e-05,0.000556555,"yes","down",0.678898083903964,0.627113585792056,"tissue_specific","Leaf_Shoot","rosette_vegetative"
"AT3G50900",99.49133788,0.392645276,0.069340732,5.66254873,1.49e-08,4.75e-07,"yes","up",0.747420207599064,0.595186272740868,"tissue_specific","Leaf_Shoot","hypocotyl"
"AT3G50930",226.8335297,2.205940752,0.204740991,10.77429948,4.55e-27,5.96e-24,"yes","up",0.765643290522349,0.513118225671391,"tissue_specific","Leaf_Shoot","hypocotyl"
"AT3G50950",972.144556,0.882073495,0.137667676,6.407266539,1.48e-10,8.24e-09,"yes","up",0.663281952916625,0.58686464134208,"tissue_specific","Leaf_Shoot","senescing_leaf"
"AT3G51430",165.8842406,0.468545539,0.086096236,5.442114113,5.27e-08,1.41e-06,"yes","up",0.814832567126788,0.155927255219922,"tissue_specific","Leaf_Shoot","senescing_leaf"
"AT3G51440",79.17279202,0.264655175,0.093904005,2.818358758,0.004826984,0.020535373,"yes","up",0.845298863195079,0.693890945694691,"tissue_specific","Leaf_Shoot","senescing_leaf"
"AT3G51720",375.7334809,-0.826989857,0.159368556,-5.189165766,2.11e-07,4.62e-06,"yes","down",0.811074260489197,0.554797466045758,"tissue_specific","Leaf_Shoot","hypocotyl"
"AT3G51740",498.1366816,-0.943768735,0.191661563,-4.924141905,8.47e-07,1.52e-05,"yes","down",0.740598540425395,0.564409439684254,"tissue_specific","Leaf_Shoot","hypocotyl"
"AT3G51820",2553.989247,-0.143943685,0.034715572,-4.146372254,3.38e-05,0.000343511,"yes","down",0.626329311082143,0.517880211017729,"tissue_specific","Leaf_Shoot","rosette_vegetative"
"AT3G51890",103.7284966,1.020456451,0.146333159,6.973514819,3.09e-12,2.62e-10,"yes","up",0.71355465038714,0.567828688769837,"tissue_specific","Leaf_Shoot","senescing_leaf"
"AT3G51920",485.1591964,0.800985979,0.104316376,7.678429853,1.61e-14,2.21e-12,"yes","up",0.737706926753013,0.560996198079274,"tissue_specific","Leaf_Shoot","cotyledon"
"AT3G52150",4244.973546,-0.21069675,0.040456251,-5.208014738,1.91e-07,4.24e-06,"yes","down",0.606406995571947,0.556471392480815,"tissue_specific","Leaf_Shoot","rosette_vegetative"
"AT3G52380",3892.489279,-0.145493069,0.048886541,-2.976137491,0.00291904,0.01365559,"yes","down",0.642936493955673,0.530676619805645,"tissue_specific","Leaf_Shoot","rosette_vegetative"
"AT3G52400",386.337984,1.248802905,0.216713499,5.762460173,8.29e-09,2.85e-07,"yes","up",0.807581334281355,0.513371921259397,"tissue_specific","Leaf_Shoot","cotyledon"
"AT3G52430",206.4497629,0.660021326,0.125876047,5.243422729,1.58e-07,3.62e-06,"yes","up",0.815654402050008,0.486110273393336,"tissue_specific","Leaf_Shoot","senescing_leaf"
"AT3G52710",180.6988147,0.45086244,0.074994558,6.011935467,1.83e-09,7.49e-08,"yes","up",0.823059193833565,0.516487392775861,"tissue_specific","Leaf_Shoot","senescing_leaf"
"AT3G52900",134.9382581,-0.24367799,0.069502323,-3.506040926,0.000454825,0.002978221,"yes","down",0.839482886793308,0.617233449644439,"tissue_specific","Leaf_Shoot","hypocotyl"
"AT3G53150",40.03758906,0.470748437,0.129139526,3.645269993,0.000267111,0.001905754,"yes","up",0.89484892239848,0.810284320801785,"tissue_specific","Leaf_Shoot","senescing_leaf"
"AT3G53280",379.945905,0.774513604,0.109322922,7.084640511,1.39e-12,1.27e-10,"yes","up",0.784986380916029,0.638362176981418,"tissue_specific","Leaf_Shoot","senescing_leaf"
"AT3G53380",259.9059174,-0.773003347,0.104443267,-7.401179313,1.35e-13,1.51e-11,"yes","down",0.640504234018646,0.459828771902266,"tissue_specific","Leaf_Shoot","shoot_apex_transition"
"AT3G53460",14939.35625,-0.199931219,0.078723687,-2.53965773,0.0110961,0.039848928,"yes","down",0.651914000144215,0.480562695118722,"tissue_specific","Leaf_Shoot","rosette_vegetative"
"AT3G53620",351.8677326,0.134521118,0.031430139,4.280003901,1.87e-05,0.000208399,"yes","up",0.784186941810698,0.304640631187938,"tissue_specific","Leaf_Shoot","stem"
"AT3G53650",130.405532,-0.437669951,0.102475328,-4.270978755,1.95e-05,0.000216095,"yes","down",0.732588160923031,0.58231613514068,"tissue_specific","Leaf_Shoot","shoot_apex_transition"
"AT3G53780",198.7648393,0.21628145,0.06557431,3.298264993,0.000972843,0.005597467,"yes","up",0.695732879790863,0.653135396972943,"tissue_specific","Leaf_Shoot","senescing_leaf"
"AT3G53900",747.4997931,-0.1257385,0.03210022,-3.91706039,8.96e-05,0.000776258,"yes","down",0.633563237970377,0.430793735516572,"tissue_specific","Leaf_Shoot","shoot_apex_vegetative_with_leaves"
"AT3G54030",263.0056217,0.168512795,0.049885373,3.378000096,0.000730151,0.004399754,"yes","up",0.631389615420324,0.512790016568893,"tissue_specific","Leaf_Shoot","hypocotyl"
"AT3G54050",11030.51125,-0.218156093,0.041227928,-5.291463851,1.21e-07,2.9e-06,"yes","down",0.672508794959288,0.610391499623775,"tissue_specific","Leaf_Shoot","cotyledon"
"AT3G54090",888.5444709,-0.176640863,0.06561486,-2.692086244,0.007100658,0.027869433,"yes","down",0.739951453830733,0.500963108733892,"tissue_specific","Leaf_Shoot","shoot_apex_vegetative_with_leaves"
"AT3G54150",34.93747043,1.74403396,0.244149567,7.143301471,9.11e-13,8.72e-11,"yes","up",0.809127442907942,0.64657533287412,"tissue_specific","Leaf_Shoot","senescing_leaf"
"AT3G54430",34.75338876,-0.613234872,0.242096578,-2.533017515,0.01130853,0.040414794,"yes","down",0.687055255442624,0.308681949164658,"tissue_specific","Leaf_Shoot","stem"
"AT3G54640",1111.016908,0.189478343,0.064584749,2.93379388,0.003348465,0.015281306,"yes","up",0.681381469024794,0.543681671973201,"tissue_specific","Leaf_Shoot","hypocotyl"
"AT3G54720",245.3257308,-0.278363317,0.086288885,-3.225946377,0.001255569,0.006921778,"yes","down",0.709695685329894,0.424597830244266,"tissue_specific","Leaf_Shoot","shoot_apex_transition"
"AT3G55170",434.4297308,-0.110653487,0.033921845,-3.262012594,0.001106242,0.006221726,"yes","down",0.619979773577068,0.449212167985334,"tissue_specific","Leaf_Shoot","shoot_apex_transition"
"AT3G55270",602.03333,0.111485699,0.040888784,2.726559399,0.006399843,0.025557807,"yes","up",0.735388121067219,0.313401435321766,"tissue_specific","Leaf_Shoot","senescing_leaf"
"AT3G55470",141.4540062,0.276064548,0.066339776,4.161372944,3.16e-05,0.000325069,"yes","up",0.727348940914593,0.472296159154714,"tissue_specific","Leaf_Shoot","senescing_leaf"
"AT3G55510",362.0773722,-0.279761579,0.086832016,-3.2218713,0.001273563,0.007006233,"yes","down",0.617362529782039,0.351663582773138,"tissue_specific","Leaf_Shoot","shoot_apex_vegetative"
"AT3G55605",154.719544,-0.193908027,0.053269704,-3.640118387,0.000272513,0.001937269,"yes","down",0.649464065062466,0.415924516294003,"tissue_specific","Leaf_Shoot","shoot_apex_transition"
"AT3G55950",108.6509659,0.409665651,0.101651376,4.03010432,5.58e-05,0.000525068,"yes","up",0.700971243150525,0.688258627444494,"tissue_specific","Leaf_Shoot","senescing_leaf"
"AT3G55980",1165.855933,2.039440385,0.31860325,6.401191403,1.54e-10,8.47e-09,"yes","up",0.7320571092051,0.581140459206566,"tissue_specific","Leaf_Shoot","cotyledon"
"AT3G56230",34.46551016,-0.250283611,0.09549154,-2.621002963,0.00876715,0.033008789,"yes","down",0.74911467858008,0.735473593497078,"tissue_specific","Leaf_Shoot","stem"
"AT3G56330",149.7257952,-0.211393498,0.085715659,-2.466217947,0.013654822,0.047038597,"yes","down",0.697549665757157,0.472542641516932,"tissue_specific","Leaf_Shoot","shoot_apex_vegetative_with_leaves"
"AT3G56400",151.7268481,2.291260125,0.277562552,8.254932471,1.52e-16,3.14e-14,"yes","up",0.711199805014566,0.559516772494976,"tissue_specific","Leaf_Shoot","senescing_leaf"
"AT3G56410",94.74226096,0.515834935,0.160823818,3.207453612,0.001339157,0.007314165,"yes","up",0.773712029241092,0.578867593401979,"tissue_specific","Leaf_Shoot","senescing_leaf"
"AT3G56650",650.6187301,-0.120719153,0.038843108,-3.107865466,0.001884438,0.009565432,"yes","down",0.629339584942962,0.56280424294601,"tissue_specific","Leaf_Shoot","rosette_leaf"
"AT3G56710",36.71710792,2.163677699,0.275545231,7.852350377,4.08e-15,6.35e-13,"yes","up",0.809039535294566,0.588601876605502,"tissue_specific","Leaf_Shoot","senescing_leaf"
"AT3G56910",4635.357257,-0.182960596,0.041205828,-4.44016305,8.99e-06,0.000112712,"yes","down",0.632597798838179,0.537921008261643,"tissue_specific","Leaf_Shoot","rosette_vegetative"
"AT3G57260",37.80224676,2.663305732,0.43852514,6.073325086,1.25e-09,5.34e-08,"yes","up",0.868959682936446,0.659131924913744,"tissue_specific","Leaf_Shoot","senescing_leaf"
"AT3G57830",181.7844055,-0.521929209,0.09884481,-5.280289487,1.29e-07,3.05e-06,"yes","down",0.735238821580805,0.688428273172359,"tissue_specific","Leaf_Shoot","shoot_apex_transition"
"AT3G58100",93.92927211,-0.559886311,0.080312594,-6.971338921,3.14e-12,2.65e-10,"yes","down",0.637751219767438,0.386627208276433,"tissue_specific","Leaf_Shoot","shoot_apex_transition"
"AT3G58140",1751.911591,-0.117173565,0.029510149,-3.970619227,7.17e-05,0.000646216,"yes","down",0.604326183820263,0.524692584800097,"tissue_specific","Leaf_Shoot","rosette_vegetative"
"AT3G58600",281.8879664,0.261004555,0.061024808,4.277023762,1.89e-05,0.000211008,"yes","up",0.67506176911637,0.215275402008921,"tissue_specific","Leaf_Shoot","stem"
"AT3G58650",190.6675641,-0.877686883,0.239882881,-3.658814166,0.000253385,0.001829416,"yes","down",0.717408576938395,0.478718236952316,"tissue_specific","Leaf_Shoot","shoot_apex_vegetative"
"AT3G58790",167.8407151,0.198479758,0.080928426,2.452534524,0.014185377,0.048453928,"yes","up",0.607071134717268,0.533400314810715,"tissue_specific","Leaf_Shoot","stem"
"AT3G59040",837.9224379,-0.152519491,0.055732407,-2.736639223,0.006207032,0.02494772,"yes","down",0.678903431806627,0.472935502015781,"tissue_specific","Leaf_Shoot","shoot_apex_vegetative_with_leaves"
"AT3G59080",227.0477775,1.005297548,0.247684284,4.058786168,4.93e-05,0.000472115,"yes","up",0.796775533365643,0.649799614821263,"tissue_specific","Leaf_Shoot","cotyledon"
"AT3G59190",8.913088308,0.38172494,0.144977821,2.63298853,0.008463721,0.032128065,"yes","up",0.686572963660864,0.552290971769192,"tissue_specific","Leaf_Shoot","shoot_apex_vegetative"
"AT3G59650",212.9700885,-0.181035544,0.053609399,-3.37693662,0.000732979,0.004412289,"yes","down",0.628230610740995,0.327590578745983,"tissue_specific","Leaf_Shoot","shoot_apex_transition"
"AT3G59660",436.8633426,0.204954347,0.054915683,3.73216418,0.000189842,0.001436932,"yes","up",0.611057283431016,0.390533001975648,"tissue_specific","Leaf_Shoot","senescing_leaf"
"AT3G59700",63.62603168,0.506892469,0.07819462,6.482446879,9.02e-11,5.29e-09,"yes","up",0.883778348151445,0.728054921241604,"tissue_specific","Leaf_Shoot","senescing_leaf"
"AT3G60140",301.7545402,0.880662001,0.175475007,5.018731822,5.2e-07,1e-05,"yes","up",0.86824230680805,0.466089651605999,"tissue_specific","Leaf_Shoot","senescing_leaf"
"AT3G60360",282.6974615,-0.159308856,0.053996984,-2.950328789,0.003174359,0.014629359,"yes","down",0.601260373896043,0.309639326579502,"tissue_specific","Leaf_Shoot","shoot_apex_transition"
"AT3G60370",430.8949547,-0.164130637,0.05205641,-3.152938079,0.001616361,0.008465336,"yes","down",0.610174813065509,0.525713670785023,"tissue_specific","Leaf_Shoot","rosette_vegetative"
"AT3G60660",56.87072969,0.347559689,0.092848374,3.743304003,0.000181616,0.001389562,"yes","up",0.648025487221835,0.323933343452679,"tissue_specific","Leaf_Shoot","shoot_apex_transition"
"AT3G60840",170.0958256,-0.492417076,0.174039805,-2.829335939,0.004664471,0.01998365,"yes","down",0.676806265118719,0.199262519802584,"tissue_specific","Leaf_Shoot","hypocotyl"
"AT3G61190",39.91108253,1.239142061,0.242468286,5.110532514,3.21e-07,6.6e-06,"yes","up",0.815226365289696,0.743668519172794,"tissue_specific","Leaf_Shoot","cotyledon"
"AT3G61490",135.196657,-0.502099612,0.100524262,-4.994810206,5.89e-07,1.12e-05,"yes","down",0.654408988227022,0.697634316055209,"tissue_specific","Leaf_Shoot","shoot_apex_transition"
"AT3G61610",159.8970915,-0.252926448,0.070631423,-3.58093378,0.000342368,0.002344075,"yes","down",0.725772708005244,0.462652257821647,"tissue_specific","Leaf_Shoot","shoot_apex_transition"
"AT3G61630",144.2649912,0.905891257,0.156842961,5.775785229,7.66e-09,2.66e-07,"yes","up",0.730055893268663,0.332687512097046,"tissue_specific","Leaf_Shoot","senescing_leaf"
"AT3G62030",14442.70757,-0.128556514,0.02561969,-5.017879298,5.22e-07,1.01e-05,"yes","down",0.635763419498634,0.57560452829209,"tissue_specific","Leaf_Shoot","rosette_leaf"
"AT3G62060",201.2260753,-0.255302554,0.089468404,-2.853549886,0.004323374,0.018806956,"yes","down",0.632448859081406,0.365048818622564,"tissue_specific","Leaf_Shoot","shoot_apex_vegetative"
"AT3G62410",3260.365265,-0.216655283,0.074729614,-2.899189124,0.003741291,0.016694161,"yes","down",0.758280469878618,0.642706185881652,"tissue_specific","Leaf_Shoot","cauline_leaf"
"AT3G62930",50.89650668,-0.405487798,0.122400561,-3.312793619,0.000923691,0.005354672,"yes","down",0.931708580551431,0.450901151036933,"tissue_specific","Leaf_Shoot","hypocotyl"
"AT3G63010",232.0383552,0.56092709,0.100775705,5.566094435,2.61e-08,7.68e-07,"yes","up",0.916217322972594,0.766635488908359,"tissue_specific","Leaf_Shoot","senescing_leaf"
"AT3G63140",8582.644798,-0.168281714,0.032291322,-5.211360291,1.87e-07,4.18e-06,"yes","down",0.740612184764792,0.640856384145908,"tissue_specific","Leaf_Shoot","cotyledon"
"AT3G63190",2681.100299,-0.133856407,0.034435668,-3.887144195,0.000101431,0.00085977,"yes","down",0.689101601389446,0.579366075062302,"tissue_specific","Leaf_Shoot","shoot_apex_vegetative_with_leaves"
"AT3G63200",937.7144828,-0.258737421,0.076953897,-3.362239344,0.000773131,0.004616264,"yes","down",0.7884545272812,0.805114668416416,"tissue_specific","Leaf_Shoot","hypocotyl"
"AT3G63210",348.0604908,-0.302570564,0.098724491,-3.06479741,0.002178175,0.010766642,"yes","down",0.696608625654691,0.729764199715362,"tissue_specific","Leaf_Shoot","stem"
"AT3G63300",180.7833961,-0.259600851,0.084127906,-3.085787623,0.002030138,0.010180054,"yes","down",0.759895440061063,0.617600208958895,"tissue_specific","Leaf_Shoot","shoot_apex_transition"
"AT3G63380",98.28202,1.196951504,0.175663004,6.813907758,9.5e-12,7e-10,"yes","up",0.938541472310231,0.579422056703819,"tissue_specific","Leaf_Shoot","senescing_leaf"
"AT3G63510",307.0024039,-0.171157505,0.051137229,-3.34702347,0.000816843,0.004826986,"yes","down",0.615652104344655,0.4450607389271,"tissue_specific","Leaf_Shoot","shoot_apex_vegetative_with_leaves"
"AT4G00020",211.8405139,-0.254915587,0.085152727,-2.993628004,0.002756818,0.013039021,"yes","down",0.631918178576744,0.428041197496063,"tissue_specific","Leaf_Shoot","shoot_apex_transition"
"AT4G00180",483.7769324,-0.168529112,0.058291514,-2.891143163,0.003838432,0.017056242,"yes","down",0.60387563353996,0.335345319139699,"tissue_specific","Leaf_Shoot","shoot_apex_vegetative"
"AT4G00330",437.841912,0.216185847,0.06980202,3.097128813,0.001954049,0.009846688,"yes","up",0.664605557182662,0.459488345084755,"tissue_specific","Leaf_Shoot","cauline_leaf"
"AT4G00355",431.6203314,0.239639305,0.067348691,3.558187994,0.000373422,0.002517208,"yes","up",0.759375672209431,0.300625589207247,"tissue_specific","Leaf_Shoot","senescing_leaf"
"AT4G00480",174.1975948,-0.522169778,0.1057255,-4.938919931,7.86e-07,1.42e-05,"yes","down",0.759745140424252,0.16598351121343,"tissue_specific","Leaf_Shoot","shoot_apex_vegetative"
"AT4G00970",108.7586516,1.068165035,0.196295811,5.441608919,5.28e-08,1.42e-06,"yes","up",0.855228523476621,0.658852995887435,"tissue_specific","Leaf_Shoot","cotyledon"
"AT4G01010",41.35719086,1.859200273,0.218594369,8.505252354,1.81e-17,4.45e-15,"yes","up",0.872280027812058,0.593387375148264,"tissue_specific","Leaf_Shoot","senescing_leaf"
"AT4G01550",107.4232378,0.283664869,0.069711996,4.06909693,4.72e-05,0.000455774,"yes","up",0.68267315290416,0.248953438472626,"tissue_specific","Leaf_Shoot","senescing_leaf"
"AT4G01690",2309.017754,-0.114614209,0.030690774,-3.734484074,0.0001881,0.001428048,"yes","down",0.650768204491066,0.490879616218659,"tissue_specific","Leaf_Shoot","rosette_vegetative"
"AT4G01720",228.7980435,0.288211084,0.06481959,4.446357679,8.73e-06,0.000110157,"yes","up",0.786486268041248,0.501454195518158,"tissue_specific","Leaf_Shoot","senescing_leaf"
"AT4G01840",75.41107104,-0.224123916,0.086952926,-2.577531604,0.009950878,0.036488015,"yes","down",0.665106358998043,0.147845363058102,"tissue_specific","Leaf_Shoot","senescing_leaf"
"AT4G01850",4215.43315,-0.084933688,0.033906723,-2.504921798,0.012247847,0.043098746,"yes","down",0.622360528948918,0.389179557747342,"tissue_specific","Leaf_Shoot","stem"
"AT4G02330",207.5971589,0.929259354,0.158703814,5.855305741,4.76e-09,1.75e-07,"yes","up",0.835666116944613,0.646957076066545,"tissue_specific","Leaf_Shoot","rosette_leaf"
"AT4G02390",979.685662,3.271823155,0.329403846,9.932559066,3e-23,2.15e-20,"yes","up",0.606395484719089,0.370744058804383,"tissue_specific","Leaf_Shoot","shoot_apex_transition"
"AT4G02410",187.7962532,0.841224179,0.113215965,7.430261084,1.08e-13,1.23e-11,"yes","up",0.865166915324012,0.617665822005393,"tissue_specific","Leaf_Shoot","senescing_leaf"
"AT4G02770",20375.17342,-0.166043948,0.050757833,-3.271297038,0.001070554,0.006065434,"yes","down",0.616826015293661,0.577738285293361,"tissue_specific","Leaf_Shoot","cotyledon"
"AT4G02800",244.6533551,-1.081463211,0.260488644,-4.151671243,3.3e-05,0.000337252,"yes","down",0.764492129929926,0.56740009871475,"tissue_specific","Leaf_Shoot","shoot_apex_transition"
"AT4G02850",233.0481673,-0.36716888,0.137958069,-2.661452737,0.007780426,0.030017674,"yes","down",0.908743973418618,0.57768971668815,"tissue_specific","Leaf_Shoot","hypocotyl"
"AT4G02860",455.4237535,0.155411433,0.044468775,3.494844055,0.000474339,0.003084576,"yes","up",0.699098433205328,0.629366335531079,"tissue_specific","Leaf_Shoot","senescing_leaf"
"AT4G03100",307.7207266,-0.790065847,0.210907452,-3.746030975,0.000179654,0.001377174,"yes","down",0.738017346964631,0.392888642302031,"tissue_specific","Leaf_Shoot","shoot_apex_vegetative"
"AT4G03150",246.324888,-0.18557529,0.057118193,-3.248969913,0.001158237,0.006463809,"yes","down",0.637263241909474,0.493049767082742,"tissue_specific","Leaf_Shoot","rosette_vegetative"
"AT4G03450",5.328515265,1.414080306,0.372271296,3.798520925,0.000145562,0.001162771,"yes","up",0.775810901943804,0.507590417541317,"tissue_specific","Leaf_Shoot","senescing_leaf"
"AT4G04490",14.92778737,1.279196261,0.290897563,4.397411401,1.1e-05,0.00013332,"yes","up",0.962758080222079,0.70076778518999,"tissue_specific","Leaf_Shoot","senescing_leaf"
"AT4G04500",4.636050045,2.340451832,0.419577157,5.578120237,2.43e-08,7.21e-07,"yes","up",0.923546251112236,0.454277501616974,"tissue_specific","Leaf_Shoot","senescing_leaf"
"AT4G04540",4.245406729,2.051739447,0.392379087,5.228972475,1.7e-07,3.86e-06,"yes","up",0.825919339534236,0.715071407199683,"tissue_specific","Leaf_Shoot","cotyledon"
"AT4G04630",23.74475796,-0.518624344,0.187879639,-2.760407396,0.005772932,0.023576807,"yes","down",0.72092464453608,0.488243386713704,"tissue_specific","Leaf_Shoot","shoot_apex_transition"
"AT4G04940",385.8858039,-0.28112146,0.108013383,-2.602653974,0.009250527,0.034435575,"yes","down",0.672088751238984,0.307252954469043,"tissue_specific","Leaf_Shoot","shoot_apex_vegetative"
"AT4G04955",250.3592679,-0.307738834,0.112535225,-2.734600062,0.006245611,0.025075848,"yes","down",0.706636813063791,0.308302999008299,"tissue_specific","Leaf_Shoot","cauline_leaf"
"AT4G05190",343.226506,-0.718148767,0.222742589,-3.224119689,0.001263606,0.006961201,"yes","down",0.679331915149327,0.451789409004881,"tissue_specific","Leaf_Shoot","shoot_apex_transition"
"AT4G05390",760.2368074,0.189145883,0.077093853,2.453449592,0.014149337,0.048367506,"yes","up",0.659090925746311,0.50874079376201,"tissue_specific","Leaf_Shoot","hypocotyl"
"AT4G05520",277.3860883,-0.414815374,0.13308734,-3.116865776,0.001827848,0.009332435,"yes","down",0.763167420555163,0.45690216372929,"tissue_specific","Leaf_Shoot","shoot_apex_transition"
"AT4G05590",49.82737411,0.233198327,0.079312816,2.940235101,0.003279633,0.015044329,"yes","up",0.88930101597369,0.672325606743644,"tissue_specific","Leaf_Shoot","senescing_leaf"
"AT4G08040",73.0684723,1.257160694,0.347521576,3.617504005,0.000297458,0.002085035,"yes","up",0.940692177935964,0.819447483604503,"tissue_specific","Leaf_Shoot","cotyledon"
"AT4G08470",204.8017283,0.554401356,0.113652813,4.878025808,1.07e-06,1.84e-05,"yes","up",0.841143230524647,0.572747984411516,"tissue_specific","Leaf_Shoot","senescing_leaf"
"AT4G08500",359.6363905,0.463000363,0.105387063,4.393332049,1.12e-05,0.000135113,"yes","up",0.648394736986919,0.125416171206074,"tissue_specific","Leaf_Shoot","senescing_leaf"
"AT4G08850",1480.69261,0.851691357,0.099696512,8.542840094,1.31e-17,3.32e-15,"yes","up",0.791332183186272,0.663460957586463,"tissue_specific","Leaf_Shoot","senescing_leaf"
"AT4G09010",3601.38209,-0.225292423,0.044180537,-5.099359098,3.41e-07,6.94e-06,"yes","down",0.710038288931899,0.612163438030289,"tissue_specific","Leaf_Shoot","rosette_vegetative"
"AT4G09650",12649.50514,-0.19498618,0.052124365,-3.74078762,0.000183444,0.001397201,"yes","down",0.708860332268058,0.64433689537053,"tissue_specific","Leaf_Shoot","cotyledon"
"AT4G10450",1071.50118,-0.221441142,0.060206773,-3.678010502,0.00023506,0.001717098,"yes","down",0.643146505530328,0.296758403761595,"tissue_specific","Leaf_Shoot","shoot_apex_vegetative"
"AT4G10500",10.01629138,0.82607943,0.255658832,3.231178922,0.001232807,0.006818623,"yes","up",0.94789457960226,0.48944275318571,"tissue_specific","Leaf_Shoot","senescing_leaf"
"AT4G11000",12.31420753,1.812981991,0.277437458,6.534741224,6.37e-11,3.9e-09,"yes","up",0.645552456858339,0.499661961611793,"tissue_specific","Leaf_Shoot","senescing_leaf"
"AT4G11300",91.63895432,0.499792178,0.101939088,4.902851162,9.45e-07,1.66e-05,"yes","up",0.772702542470728,0.334440353084215,"tissue_specific","Leaf_Shoot","senescing_leaf"
"AT4G11370",13.9307178,0.508398057,0.145754844,3.48803541,0.000486584,0.00315203,"yes","up",0.620115423909603,0.0893155536580127,"tissue_specific","Leaf_Shoot","senescing_leaf"
"AT4G11470",8.266440598,1.407280686,0.307805793,4.571975962,4.83e-06,6.68e-05,"yes","up",0.670152150991225,0.278037668352403,"tissue_specific","Leaf_Shoot","cotyledon"
"AT4G11850",575.0147453,0.429385241,0.087724198,4.894718315,9.84e-07,1.71e-05,"yes","up",0.746581304154717,0.605359283218353,"tissue_specific","Leaf_Shoot","senescing_leaf"
"AT4G11890",62.38278864,2.674816268,0.306221261,8.73491362,2.44e-18,6.93e-16,"yes","up",0.881829148569475,0.649008656678805,"tissue_specific","Leaf_Shoot","senescing_leaf"
"AT4G12600",1272.064989,-0.195165168,0.064319317,-3.03431656,0.002410813,0.011657456,"yes","down",0.659190590497358,0.374414578182214,"tissue_specific","Leaf_Shoot","shoot_apex_vegetative"
"AT4G12730",2474.000733,-0.218243579,0.059275844,-3.681829995,0.000231566,0.001696302,"yes","down",0.682743394546412,0.484490378990928,"tissue_specific","Leaf_Shoot","stem"
"AT4G12740",42.00625181,-0.219021937,0.087570926,-2.501080504,0.012381503,0.04345878,"yes","down",0.644854386045724,0.28188654158383,"tissue_specific","Leaf_Shoot","shoot_apex_transition"
"AT4G12970",111.3794551,-0.28657452,0.075830591,-3.779141352,0.00015737,0.00123615,"yes","down",0.72224936324405,0.517908060598437,"tissue_specific","Leaf_Shoot","rosette_vegetative"
"AT4G13170",1296.806086,-0.145502745,0.042914294,-3.390542707,0.000697544,0.004241218,"yes","down",0.622168649440722,0.236890549793419,"tissue_specific","Leaf_Shoot","shoot_apex_vegetative"
"AT4G13810",128.4267522,0.444986975,0.121780204,3.654017311,0.000258169,0.001859399,"yes","up",0.796397872469191,0.475557510081347,"tissue_specific","Leaf_Shoot","senescing_leaf"
"AT4G13890",31.88900221,-0.260582388,0.100403989,-2.595339013,0.009449766,0.035025053,"yes","down",0.655305826240605,0.422002542421949,"tissue_specific","Leaf_Shoot","stem"
"AT4G14200",232.4666536,-0.189258451,0.065603034,-2.884903939,0.003915331,0.017316342,"yes","down",0.667518116322786,0.676857292959999,"tissue_specific","Leaf_Shoot","shoot_apex_transition"
"AT4G14365",123.9652204,2.642068854,0.254704083,10.37309187,3.29e-25,3.1e-22,"yes","up",0.868560140549336,0.703659522743652,"tissue_specific","Leaf_Shoot","senescing_leaf"
"AT4G14400",361.0376081,0.976957503,0.211327338,4.622958455,3.78e-06,5.43e-05,"yes","up",0.898260023056192,0.732554494631901,"tissue_specific","Leaf_Shoot","cauline_leaf"
"AT4G14890",1144.636072,-0.211391352,0.04570885,-4.624735697,3.75e-06,5.39e-05,"yes","down",0.607164061492499,0.540808101208087,"tissue_specific","Leaf_Shoot","rosette_leaf"
"AT4G14940",76.35199778,-0.202826911,0.071742729,-2.827142396,0.004696544,0.020085564,"yes","down",0.811926067903727,0.753993323009232,"tissue_specific","Leaf_Shoot","hypocotyl"
"AT4G14970",150.3977425,0.617729703,0.107377855,5.752859409,8.77e-09,2.98e-07,"yes","up",0.741391331418168,0.675979764064551,"tissue_specific","Leaf_Shoot","shoot_apex_transition"
"AT4G15110",1098.563407,-0.173897249,0.041338479,-4.206667841,2.59e-05,0.000276187,"yes","down",0.622219631226626,0.404690691822863,"tissue_specific","Leaf_Shoot","rosette_vegetative"
"AT4G15260",115.3792498,0.573599366,0.155569472,3.687094645,0.000226829,0.001667303,"yes","up",0.78019072985728,0.578860359418816,"tissue_specific","Leaf_Shoot","senescing_leaf"
"AT4G15510",609.9448291,-0.216968135,0.044581684,-4.866755085,1.13e-06,1.93e-05,"yes","down",0.64187209409236,0.586321415616401,"tissue_specific","Leaf_Shoot","rosette_vegetative"
"AT4G15545",3850.610615,-0.095184163,0.033973701,-2.801701341,0.005083391,0.021380894,"yes","down",0.64919564762784,0.594090302617721,"tissue_specific","Leaf_Shoot","cauline_leaf"
"AT4G16390",1292.959031,-0.251052895,0.073796412,-3.401966147,0.000669029,0.004093181,"yes","down",0.632641438773687,0.459681392683964,"tissue_specific","Leaf_Shoot","rosette_vegetative"
"AT4G16890",1938.792775,0.488857077,0.062526044,7.818455201,5.35e-15,8.13e-13,"yes","up",0.64083915636065,0.540840667814161,"tissue_specific","Leaf_Shoot","senescing_leaf"
"AT4G16950",1588.060834,0.510214255,0.08169358,6.245463286,4.23e-10,2.07e-08,"yes","up",0.647031537941333,0.589753815216093,"tissue_specific","Leaf_Shoot","senescing_leaf"
"AT4G16980",3824.245351,-0.236529385,0.089811761,-2.633612581,0.008448182,0.032084582,"yes","down",0.740129373614628,0.663970528656389,"tissue_specific","Leaf_Shoot","rosette_leaf"
"AT4G16990",2019.156295,0.199432239,0.075192809,2.652278091,0.007995066,0.03068507,"yes","up",0.799048559261638,0.724409916009523,"tissue_specific","Leaf_Shoot","cotyledon"
"AT4G17000",140.0809764,-0.981142043,0.22805648,-4.302188836,1.69e-05,0.000192647,"yes","down",0.708043766448664,0.486497738320512,"tissue_specific","Leaf_Shoot","shoot_apex_transition"
"AT4G17230",455.528082,0.924134366,0.159443828,5.795987074,6.79e-09,2.39e-07,"yes","up",0.700624804654234,0.416486846314753,"tissue_specific","Leaf_Shoot","senescing_leaf"
"AT4G17250",147.8780571,0.673995048,0.205747813,3.275830916,0.001053516,0.005990327,"yes","up",0.806771593210967,0.626823665502953,"tissue_specific","Leaf_Shoot","senescing_leaf"
"AT4G17560",2725.632599,-0.118735078,0.044626095,-2.660664751,0.007798656,0.030074415,"yes","down",0.670011568297997,0.597958155377772,"tissue_specific","Leaf_Shoot","shoot_apex_vegetative_with_leaves"
"AT4G17570",305.8667252,0.174324853,0.065445441,2.663666861,0.007729407,0.029850148,"yes","up",0.700056823900378,0.255007820748031,"tissue_specific","Leaf_Shoot","senescing_leaf"
"AT4G17810",172.2170597,-0.342609994,0.100972316,-3.393108197,0.000691043,0.004207119,"yes","down",0.803770057796526,0.576640247503043,"tissue_specific","Leaf_Shoot","rosette_vegetative"
"AT4G18210",35.33506257,0.38643518,0.107566268,3.592531253,0.000327481,0.002259871,"yes","up",0.732685105932842,0.372993218462234,"tissue_specific","Leaf_Shoot","senescing_leaf"
"AT4G18250",29.20473507,1.070732377,0.193549963,5.532072238,3.16e-08,9.09e-07,"yes","up",0.800943371108584,0.476464527617135,"tissue_specific","Leaf_Shoot","senescing_leaf"
"AT4G18480",7256.504637,-0.190888181,0.035230032,-5.418336935,6.02e-08,1.58e-06,"yes","down",0.645442965157784,0.559665923949296,"tissue_specific","Leaf_Shoot","rosette_vegetative"
"AT4G18880",162.3224664,1.011276291,0.122500623,8.255274665,1.52e-16,3.14e-14,"yes","up",0.878780319776721,0.441721463371541,"tissue_specific","Leaf_Shoot","senescing_leaf"
"AT4G19370",30.03158941,0.546970642,0.163306185,3.349356561,0.000809995,0.004792673,"yes","up",0.897913838282409,0.614664371522703,"tissue_specific","Leaf_Shoot","senescing_leaf"
"AT4G19520",450.7136546,1.119067318,0.27219615,4.111253294,3.94e-05,0.00039042,"yes","up",0.783692565210781,0.459027964623003,"tissue_specific","Leaf_Shoot","cotyledon"
"AT4G19820",54.23619527,-0.365464352,0.104434669,-3.499454303,0.000466212,0.003039271,"yes","down",0.633984556055446,0.436577347992939,"tissue_specific","Leaf_Shoot","hypocotyl"
"AT4G19830",273.7138444,-0.218007308,0.063943082,-3.409396289,0.000651068,0.004004078,"yes","down",0.768897565402956,0.490520764839702,"tissue_specific","Leaf_Shoot","cotyledon"
"AT4G19850",5.888412334,-0.501726352,0.176215458,-2.847232339,0.004410116,0.019073641,"yes","down",0.741772051334134,0.39352379972013,"tissue_specific","Leaf_Shoot","stem"
"AT4G20130",947.2931113,-0.152803778,0.0467381,-3.269362213,0.001077902,0.006097765,"yes","down",0.709768986680845,0.520947792019918,"tissue_specific","Leaf_Shoot","shoot_apex_vegetative_with_leaves"
"AT4G20230",47.09651355,-0.492033758,0.132068666,-3.725590432,0.000194859,0.001470359,"yes","down",0.941954417911917,0.919392386720373,"tissue_specific","Leaf_Shoot","hypocotyl"
"AT4G20430",279.3626566,-0.30150567,0.076797807,-3.925967167,8.64e-05,0.000752107,"yes","down",0.703276285123682,0.4084893821917,"tissue_specific","Leaf_Shoot","hypocotyl"
"AT4G21580",527.6132113,0.235291121,0.047587262,4.944413948,7.64e-07,1.39e-05,"yes","up",0.762244290045106,0.357196555006033,"tissue_specific","Leaf_Shoot","senescing_leaf"
"AT4G22010",1078.113382,-0.285676807,0.072766897,-3.925917113,8.64e-05,0.000752107,"yes","down",0.626590786259882,0.416809148679927,"tissue_specific","Leaf_Shoot","shoot_apex_transition"
"AT4G22690",2053.718177,0.581494105,0.156203018,3.722681628,0.000197118,0.001483609,"yes","up",0.776769957073417,0.722520399583266,"tissue_specific","Leaf_Shoot","cotyledon"
"AT4G22970",200.142779,0.256121837,0.071741409,3.570069789,0.000356886,0.002423064,"yes","up",0.603190920660189,0.408490906349605,"tissue_specific","Leaf_Shoot","shoot_apex_transition"
"AT4G23140",99.75364635,4.128666384,0.424406948,9.728083878,2.29e-22,1.28e-19,"yes","up",0.911694756900703,0.762615890944177,"tissue_specific","Leaf_Shoot","senescing_leaf"
"AT4G23150",6.085621209,2.144784935,0.391614138,5.476781168,4.33e-08,1.19e-06,"yes","up",0.949135433357361,0.718821991449126,"tissue_specific","Leaf_Shoot","senescing_leaf"
"AT4G23180",434.0028301,1.403156184,0.251204346,5.585716204,2.33e-08,6.97e-07,"yes","up",0.737460190920532,0.734218454772078,"tissue_specific","Leaf_Shoot","cauline_leaf"
"AT4G23200",70.76120177,0.660059269,0.163434782,4.03867073,5.38e-05,0.000507882,"yes","up",0.828132141412079,0.573756754842035,"tissue_specific","Leaf_Shoot","cotyledon"
"AT4G23220",46.89346152,1.645732452,0.222448112,7.398275655,1.38e-13,1.53e-11,"yes","up",0.816452110873786,0.660402407463265,"tissue_specific","Leaf_Shoot","senescing_leaf"
"AT4G23260",303.9121493,0.283871049,0.08623489,3.291835215,0.000995359,0.005710295,"yes","up",0.81702314158847,0.713994647175412,"tissue_specific","Leaf_Shoot","cauline_leaf"
"AT4G23280",5.490290268,0.930982988,0.239868366,3.881224543,0.000103932,0.000877816,"yes","up",0.715123809385012,0.508521857754938,"tissue_specific","Leaf_Shoot","senescing_leaf"
"AT4G23310",3.269443303,1.733424351,0.368118173,4.708880136,2.49e-06,3.78e-05,"yes","up",0.948219877373977,0.627335692392124,"tissue_specific","Leaf_Shoot","senescing_leaf"
"AT4G23320",2.927520627,1.240540119,0.345422006,3.591375464,0.000328937,0.002267263,"yes","up",0.913115196749104,0.571235299503083,"tissue_specific","Leaf_Shoot","senescing_leaf"
"AT4G23400",1575.54182,-0.29506107,0.080090182,-3.684110349,0.000229503,0.001682236,"yes","down",0.642619463318689,0.318815672482614,"tissue_specific","Leaf_Shoot","stem"
"AT4G23496",25.77394255,0.457716136,0.157791352,2.900768198,0.003722491,0.016622521,"yes","up",0.924059659587988,0.54041088594684,"tissue_specific","Leaf_Shoot","stem"
"AT4G23600",443.4463496,0.944853711,0.218276986,4.328691403,1.5e-05,0.000174268,"yes","up",0.872179445690254,0.713476455735743,"tissue_specific","Leaf_Shoot","cotyledon"
"AT4G23610",2.243600282,1.4965408,0.368425184,4.061993761,4.87e-05,0.000466621,"yes","up",0.865335309869137,0.648882155621617,"tissue_specific","Leaf_Shoot","senescing_leaf"
"AT4G23750",350.9990178,-0.361075443,0.124948648,-2.889790725,0.003854984,0.017116883,"yes","down",0.72266374933126,0.403968206037005,"tissue_specific","Leaf_Shoot","shoot_apex_transition"
"AT4G23800",1323.461553,-0.686044998,0.216293761,-3.171820564,0.001514866,0.008055477,"yes","down",0.767840459022813,0.659953771235556,"tissue_specific","Leaf_Shoot","shoot_apex_transition"
"AT4G23810",116.7752031,1.834852998,0.24944537,7.355730834,1.9e-13,2.03e-11,"yes","up",0.897733901383006,0.607581206048796,"tissue_specific","Leaf_Shoot","senescing_leaf"
"AT4G24090",465.7455673,-0.234965338,0.040570843,-5.7914827,6.98e-09,2.44e-07,"yes","down",0.634722637157149,0.530209446988475,"tissue_specific","Leaf_Shoot","rosette_vegetative"
"AT4G24450",105.5109941,0.345875049,0.126726557,2.729302024,0.006346855,0.025397115,"yes","up",0.842389047348951,0.347497476207219,"tissue_specific","Leaf_Shoot","senescing_leaf"
"AT4G24480",180.4762305,0.152672368,0.058168439,2.624659871,0.008673556,0.032724351,"yes","up",0.674644074173887,0.545942564526438,"tissue_specific","Leaf_Shoot","cauline_leaf"
"AT4G24570",360.2614371,2.126918721,0.366303057,5.806445464,6.38e-09,2.27e-07,"yes","up",0.781481271827331,0.586275542908874,"tissue_specific","Leaf_Shoot","cotyledon"
"AT4G24750",1018.825733,-0.183346977,0.048896012,-3.74973276,0.000177023,0.001359715,"yes","down",0.642632190716146,0.536201052542124,"tissue_specific","Leaf_Shoot","rosette_vegetative"
"AT4G24770",13352.60054,-0.151995984,0.030969109,-4.907987068,9.2e-07,1.62e-05,"yes","down",0.673607269189659,0.521374787837461,"tissue_specific","Leaf_Shoot","rosette_vegetative"
"AT4G25000",7.045489741,0.457856986,0.164907423,2.776448619,0.005495632,0.022703532,"yes","up",0.817288832984604,0.557210003976784,"tissue_specific","Leaf_Shoot","senescing_leaf"
"AT4G25050",5106.282032,-0.265438752,0.05667063,-4.683885668,2.81e-06,4.19e-05,"yes","down",0.633291908690745,0.551958170641751,"tissue_specific","Leaf_Shoot","rosette_vegetative"
"AT4G25080",4284.708716,-0.243288903,0.057819776,-4.20771094,2.58e-05,0.000275165,"yes","down",0.645138039626093,0.541189813688189,"tissue_specific","Leaf_Shoot","rosette_vegetative"
"AT4G25100",2600.144666,-0.311449615,0.11230992,-2.773126507,0.005552053,0.022883956,"yes","down",0.770669203390112,0.448813143608122,"tissue_specific","Leaf_Shoot","cotyledon"
"AT4G25390",185.4950414,0.351448056,0.098127988,3.581527165,0.000341592,0.002339436,"yes","up",0.76185349229215,0.431348070501025,"tissue_specific","Leaf_Shoot","senescing_leaf"
"AT4G25470",16.24910588,1.092389213,0.319222878,3.4220267,0.000621562,0.003853783,"yes","up",0.753180830897305,0.620894093054117,"tissue_specific","Leaf_Shoot","shoot_apex_vegetative_with_leaves"
"AT4G25630",1955.821496,-0.422970471,0.112125232,-3.772304092,0.000161747,0.001264211,"yes","down",0.758516034655526,0.542583722870918,"tissue_specific","Leaf_Shoot","shoot_apex_vegetative"
"AT4G25670",476.3367594,0.25275299,0.054635077,4.62620364,3.72e-06,5.36e-05,"yes","up",0.651920644258952,0.151082702943696,"tissue_specific","Leaf_Shoot","senescing_leaf"
"AT4G25810",146.291894,0.896800886,0.280619923,3.195784805,0.001394511,0.007561735,"yes","up",0.836564715506734,0.574877572135076,"tissue_specific","Leaf_Shoot","cotyledon"
"AT4G26060",105.138769,0.313967522,0.069714811,4.503598537,6.68e-06,8.75e-05,"yes","up",0.792516896463504,0.749784101286479,"tissue_specific","Leaf_Shoot","senescing_leaf"
"AT4G26540",668.3718532,-0.294542875,0.065945017,-4.466491731,7.95e-06,0.000101536,"yes","down",0.680336583596575,0.358587303145186,"tissue_specific","Leaf_Shoot","stem"
"AT4G27240",128.7087952,-0.2143838,0.058607501,-3.657958385,0.000254232,0.001834972,"yes","down",0.745751082619589,0.655967101645468,"tissue_specific","Leaf_Shoot","shoot_apex_transition"
"AT4G27280",329.9744912,1.713129368,0.294902089,5.809146272,6.28e-09,2.25e-07,"yes","up",0.755222528395914,0.343960599053371,"tissue_specific","Leaf_Shoot","cotyledon"
"AT4G27300",276.950937,0.276258491,0.106694404,2.589250048,0.009618522,0.035522078,"yes","up",0.93103465393811,0.820972478963657,"tissue_specific","Leaf_Shoot","senescing_leaf"
"AT4G27430",1455.508239,-0.14189761,0.040106576,-3.538013571,0.000403149,0.002688385,"yes","down",0.793608096204574,0.236720486511857,"tissue_specific","Leaf_Shoot","stem"
"AT4G27654",4.60075039,1.017402553,0.325807006,3.122715393,0.001791909,0.009188749,"yes","up",0.773603522077334,0.508364183135207,"tissue_specific","Leaf_Shoot","cotyledon"
"AT4G27700",1406.117161,-0.183032578,0.065305038,-2.802732866,0.005067162,0.021337658,"yes","down",0.688959864551338,0.584344496867987,"tissue_specific","Leaf_Shoot","rosette_vegetative"
"AT4G27970",43.71344659,0.488977007,0.131358919,3.722449987,0.000197299,0.001484497,"yes","up",0.767190959164084,0.593856706297136,"tissue_specific","Leaf_Shoot","hypocotyl"
"AT4G28100",294.4627401,-0.249675498,0.074638642,-3.345123792,0.000822459,0.004854235,"yes","down",0.63591448698006,0.290213770416235,"tissue_specific","Leaf_Shoot","shoot_apex_transition"
"AT4G28230",122.1135872,-0.883919757,0.18860262,-4.686678031,2.78e-06,4.14e-05,"yes","down",0.694475458816201,0.424897911250485,"tissue_specific","Leaf_Shoot","shoot_apex_transition"
"AT4G28310",158.2029628,-0.760951295,0.116049038,-6.55715298,5.48e-11,3.42e-09,"yes","down",0.78584471969914,0.61334246181331,"tissue_specific","Leaf_Shoot","shoot_apex_transition"
"AT4G28350",26.24947579,0.648711709,0.161667021,4.012640949,6e-05,0.000559004,"yes","up",0.835106925286452,0.676323048630848,"tissue_specific","Leaf_Shoot","senescing_leaf"
"AT4G28400",286.282407,0.606195523,0.104369992,5.808139996,6.32e-09,2.26e-07,"yes","up",0.727800944335001,0.368547453145696,"tissue_specific","Leaf_Shoot","cauline_leaf"
"AT4G28430",48.33558503,-0.917754051,0.226370639,-4.054209753,5.03e-05,0.000480283,"yes","down",0.769828810553926,0.243731571833476,"tissue_specific","Leaf_Shoot","hypocotyl"
"AT4G28490",113.6097975,0.654286804,0.129393345,5.056572316,4.27e-07,8.44e-06,"yes","up",0.813289872642943,0.3552519683106,"tissue_specific","Leaf_Shoot","senescing_leaf"
"AT4G28570",269.8521655,0.183495936,0.062451821,2.93819993,0.003301241,0.015128333,"yes","up",0.682605007804897,0.377499597320922,"tissue_specific","Leaf_Shoot","senescing_leaf"
"AT4G28750",15037.04504,-0.139578237,0.05039452,-2.769710649,0.005610611,0.023061715,"yes","down",0.635987213860728,0.583439562798775,"tissue_specific","Leaf_Shoot","cotyledon"
"AT4G29020",1247.520872,-0.275233459,0.089281061,-3.082775407,0.002050799,0.010261829,"yes","down",0.795392492801158,0.47128967906966,"tissue_specific","Leaf_Shoot","rosette_vegetative"
"AT4G29050",37.55014813,0.367237174,0.138410221,2.653251847,0.007972036,0.030631592,"yes","up",0.909155671852338,0.615407295817721,"tissue_specific","Leaf_Shoot","senescing_leaf"
"AT4G29060",12243.48279,-0.171384769,0.043221386,-3.965277038,7.33e-05,0.000656843,"yes","down",0.645004364043975,0.551824794851656,"tissue_specific","Leaf_Shoot","rosette_vegetative"
"AT4G29080",255.7857732,-0.225893009,0.059877207,-3.772604311,0.000161552,0.001263109,"yes","down",0.854659129673849,0.430101148089737,"tissue_specific","Leaf_Shoot","stem"
"AT4G29710",8.175759838,0.737290435,0.237711439,3.101619504,0.001924652,0.009738101,"yes","up",0.767011410431532,0.564778904892119,"tissue_specific","Leaf_Shoot","shoot_apex_transition"
"AT4G29900",1164.312556,0.444639882,0.08615069,5.161187714,2.45e-07,5.24e-06,"yes","up",0.678457927209084,0.338326470368534,"tissue_specific","Leaf_Shoot","cauline_leaf"
"AT4G30020",901.6554196,0.233514005,0.086911257,2.686809664,0.007213805,0.028247677,"yes","up",0.648956055214646,0.305604784982641,"tissue_specific","Leaf_Shoot","hypocotyl"
"AT4G30090",25.87458698,0.401440154,0.110968587,3.617601745,0.000297345,0.002084867,"yes","up",0.79005983347733,0.63292172486924,"tissue_specific","Leaf_Shoot","shoot_apex_transition"
"AT4G30330",178.7883016,-0.190818328,0.048483808,-3.935712458,8.3e-05,0.00072745,"yes","down",0.643194468270009,0.388250422955208,"tissue_specific","Leaf_Shoot","shoot_apex_transition"
"AT4G30490",366.6780885,0.203695212,0.068637378,2.967700968,0.003000361,0.013977767,"yes","up",0.795448997568455,0.288010574154742,"tissue_specific","Leaf_Shoot","senescing_leaf"
"AT4G30720",795.0003679,-0.248132145,0.072445795,-3.425073129,0.000614634,0.003817857,"yes","down",0.715240559490777,0.482047555577678,"tissue_specific","Leaf_Shoot","shoot_apex_vegetative_with_leaves"
"AT4G30800",189.5367726,-0.261899716,0.070081048,-3.737097616,0.000186157,0.001414203,"yes","down",0.645129428378964,0.498377098797537,"tissue_specific","Leaf_Shoot","shoot_apex_transition"
"AT4G31615",12.6789027,-0.509385412,0.149461808,-3.408130934,0.000654095,0.004016587,"yes","down",0.793838427752854,0.363003304872329,"tissue_specific","Leaf_Shoot","shoot_apex_transition"
"AT4G31800",322.1929262,1.434064596,0.320665016,4.47215793,7.74e-06,9.92e-05,"yes","up",0.774445112077013,0.633435693180931,"tissue_specific","Leaf_Shoot","cotyledon"
"AT4G32250",293.2473543,0.118669941,0.037308907,3.180740212,0.001468993,0.007852284,"yes","up",0.787720788237597,0.522941752431074,"tissue_specific","Leaf_Shoot","senescing_leaf"
"AT4G32260",13274.65484,-0.0929202,0.027323088,-3.400794214,0.000671904,0.004108636,"yes","down",0.607475008443476,0.554941202140262,"tissue_specific","Leaf_Shoot","cotyledon"
"AT4G32330",1243.468841,-0.066591841,0.024112121,-2.761757946,0.005749108,0.02349172,"yes","down",0.610606324578285,0.147749785278146,"tissue_specific","Leaf_Shoot","stem"
"AT4G32720",1096.937734,-0.134859796,0.048479819,-2.781771862,0.005406303,0.022374083,"yes","down",0.617989083832199,0.330044296673972,"tissue_specific","Leaf_Shoot","shoot_apex_vegetative"
"AT4G32780",32.7006218,-0.401402176,0.100320704,-4.001189797,6.3e-05,0.000581026,"yes","down",0.796270255987303,0.77298022041846,"tissue_specific","Leaf_Shoot","stem"
"AT4G32880",405.0290457,-0.17364196,0.049697718,-3.493962456,0.000475908,0.003092221,"yes","down",0.786032425780665,0.580494407820211,"tissue_specific","Leaf_Shoot","hypocotyl"
"AT4G32915",458.9960659,-0.175210796,0.049009153,-3.575062724,0.000350144,0.002387603,"yes","down",0.624122290995529,0.453096913022587,"tissue_specific","Leaf_Shoot","shoot_apex_vegetative_with_leaves"
"AT4G33000",183.677249,-0.30950974,0.086488225,-3.578634449,0.000345394,0.002361297,"yes","down",0.685730669400882,0.497976109362604,"tissue_specific","Leaf_Shoot","hypocotyl"
"AT4G33050",355.8070684,1.503141446,0.190495581,7.890689313,3.01e-15,4.89e-13,"yes","up",0.850686439046352,0.746609764312187,"tissue_specific","Leaf_Shoot","senescing_leaf"
"AT4G33300",842.0242711,0.813348084,0.133949821,6.07203564,1.26e-09,5.37e-08,"yes","up",0.64748154406342,0.287791484957249,"tissue_specific","Leaf_Shoot","senescing_leaf"
"AT4G33470",500.7848861,-0.118604703,0.043132591,-2.749769937,0.005963712,0.024188331,"yes","down",0.65688104464194,0.57440542055756,"tissue_specific","Leaf_Shoot","cotyledon"
"AT4G33520",1111.110347,-0.119892011,0.028444224,-4.214986259,2.5e-05,0.000267775,"yes","down",0.72172569912229,0.525967426522895,"tissue_specific","Leaf_Shoot","rosette_vegetative"
"AT4G34180",847.8490454,0.356491837,0.047598286,7.489594026,6.91e-14,8.18e-12,"yes","up",0.647181186899717,0.505757157610046,"tissue_specific","Leaf_Shoot","senescing_leaf"
"AT4G34190",3079.167433,-0.132878414,0.030460525,-4.36231527,1.29e-05,0.000152682,"yes","down",0.619851720925324,0.545684913814944,"tissue_specific","Leaf_Shoot","cotyledon"
"AT4G34200",3400.323851,-0.161930329,0.056982351,-2.841762881,0.004486485,0.01933807,"yes","down",0.605195034839619,0.443135344143403,"tissue_specific","Leaf_Shoot","shoot_apex_vegetative"
"AT4G34220",546.4906826,-0.224763974,0.066876,-3.360906369,0.000776872,0.00463243,"yes","down",0.64700663351543,0.433576308171306,"tissue_specific","Leaf_Shoot","rosette_vegetative"
"AT4G34290",1076.501299,-0.202196213,0.058884772,-3.433760627,0.00059527,0.003717163,"yes","down",0.733299647174242,0.509287722071191,"tissue_specific","Leaf_Shoot","shoot_apex_vegetative_with_leaves"
"AT4G34390",395.7009138,0.727581368,0.131735639,5.523041233,3.33e-08,9.51e-07,"yes","up",0.726293798403279,0.395656471857071,"tissue_specific","Leaf_Shoot","senescing_leaf"
"AT4G34410",9.32276551,2.7849321,0.460754014,6.044292647,1.5e-09,6.25e-08,"yes","up",0.784203704440611,0.506304669682023,"tissue_specific","Leaf_Shoot","cotyledon"
"AT4G34730",803.1928398,-0.131237558,0.038141693,-3.440790058,0.000580018,0.00363928,"yes","down",0.653442620205448,0.490277485767765,"tissue_specific","Leaf_Shoot","shoot_apex_vegetative_with_leaves"
"AT4G34860",210.4251082,-0.154112915,0.06179162,-2.494074691,0.012628597,0.044187904,"yes","down",0.641993465343278,0.436957403555224,"tissue_specific","Leaf_Shoot","senescing_leaf"
"AT4G35250",2344.981625,-0.206667249,0.047814264,-4.3222928,1.54e-05,0.000178521,"yes","down",0.660411589942827,0.559942586894908,"tissue_specific","Leaf_Shoot","rosette_vegetative"
"AT4G35320",214.225898,-0.182689967,0.07098901,-2.573496483,0.010067667,0.036823136,"yes","down",0.616369754132123,0.369902193606628,"tissue_specific","Leaf_Shoot","stem"
"AT4G35580",364.2099079,0.160425777,0.032681768,4.908724007,9.17e-07,1.62e-05,"yes","up",0.601129578890396,0.39923615860616,"tissue_specific","Leaf_Shoot","senescing_leaf"
"AT4G35600",228.3734496,0.3720434,0.087614746,4.246355992,2.17e-05,0.000237562,"yes","up",0.721979384771675,0.385357036636313,"tissue_specific","Leaf_Shoot","senescing_leaf"
"AT4G35620",108.6530601,-0.903090701,0.229368474,-3.937292189,8.24e-05,0.000724238,"yes","down",0.71571189710932,0.423349319422475,"tissue_specific","Leaf_Shoot","shoot_apex_transition"
"AT4G35850",800.1473848,-0.150931119,0.04005315,-3.768270933,0.000164382,0.00127898,"yes","down",0.604890774725746,0.387439892111413,"tissue_specific","Leaf_Shoot","shoot_apex_vegetative"
"AT4G35920",611.421288,-0.174558974,0.046772154,-3.732113182,0.00018988,0.001436932,"yes","down",0.615636466020715,0.0895839119400205,"tissue_specific","Leaf_Shoot","stem"
"AT4G36150",82.08632424,0.436979193,0.118993249,3.67230238,0.000240375,0.001749433,"yes","up",0.605366271032879,0.166065096042562,"tissue_specific","Leaf_Shoot","senescing_leaf"
"AT4G36500",332.7040221,0.932271136,0.177171701,5.261964123,1.43e-07,3.32e-06,"yes","up",0.767484190930719,0.66476924030427,"tissue_specific","Leaf_Shoot","cotyledon"
"AT4G36760",773.9739228,0.122063495,0.03874083,3.150771299,0.001628399,0.008509479,"yes","up",0.686163967284367,0.131690524980376,"tissue_specific","Leaf_Shoot","senescing_leaf"
"AT4G36890",426.2625906,0.142116335,0.040468622,3.511766112,0.00044514,0.002926178,"yes","up",0.802388806691855,0.213202430776826,"tissue_specific","Leaf_Shoot","stem"
"AT4G37290",6.645504903,2.308694133,0.310675363,7.431210859,1.08e-13,1.23e-11,"yes","up",0.743068642018437,0.608769778958268,"tissue_specific","Leaf_Shoot","hypocotyl"
"AT4G37295",16.26123616,0.466399371,0.152703659,3.05427763,0.002256032,0.011065635,"yes","up",0.65033295183758,0.506733351278139,"tissue_specific","Leaf_Shoot","senescing_leaf"
"AT4G37540",609.8010908,-0.258331558,0.087809704,-2.941947723,0.00326155,0.014969726,"yes","down",0.805517484169662,0.596802998633921,"tissue_specific","Leaf_Shoot","hypocotyl"
"AT4G37740",207.9300997,-0.222454036,0.069763378,-3.188693598,0.001429173,0.007682985,"yes","down",0.75062235942245,0.415276796382322,"tissue_specific","Leaf_Shoot","shoot_apex_transition"
"AT4G37750",393.110911,-0.282726576,0.101943448,-2.773366815,0.005547954,0.022872893,"yes","down",0.817363726075408,0.768333739454482,"tissue_specific","Leaf_Shoot","shoot_apex_transition"
"AT4G37930",27777.49359,-0.085054026,0.031060667,-2.738319353,0.006175408,0.024863003,"yes","down",0.624724963476794,0.572880952514318,"tissue_specific","Leaf_Shoot","cotyledon"
"AT4G38060",265.1670438,0.234578521,0.081934538,2.86299926,0.004196515,0.018363553,"yes","up",0.749033629790519,0.501073422925493,"tissue_specific","Leaf_Shoot","senescing_leaf"
"AT4G38160",925.8623265,-0.150156957,0.054410365,-2.759712369,0.005785227,0.023610658,"yes","down",0.659817408560239,0.516338025704775,"tissue_specific","Leaf_Shoot","rosette_vegetative"
"AT4G38540",374.5097122,0.477615762,0.107559437,4.44048217,8.98e-06,0.000112665,"yes","up",0.855083041405769,0.78996641884665,"tissue_specific","Leaf_Shoot","senescing_leaf"
"AT4G38550",1264.426653,0.821225128,0.170548943,4.81518744,1.47e-06,2.41e-05,"yes","up",0.82899953121974,0.674189021007765,"tissue_specific","Leaf_Shoot","senescing_leaf"
"AT4G38560",24.32165391,2.592105201,0.314214262,8.249482968,1.59e-16,3.26e-14,"yes","up",0.878555829961496,0.633745481498797,"tissue_specific","Leaf_Shoot","senescing_leaf"
"AT4G39030",174.8163202,0.498332691,0.117300604,4.248338661,2.15e-05,0.000235798,"yes","up",0.748104012703717,0.675681853029916,"tissue_specific","Leaf_Shoot","senescing_leaf"
"AT4G39040",1163.127169,-0.129808211,0.050953903,-2.547561683,0.010847867,0.039112386,"yes","down",0.612981330593224,0.511298356120155,"tissue_specific","Leaf_Shoot","rosette_vegetative"
"AT4G39140",321.6320924,0.375950122,0.068972059,5.450759751,5.02e-08,1.36e-06,"yes","up",0.778958586565252,0.404405288249984,"tissue_specific","Leaf_Shoot","senescing_leaf"
"AT4G39190",93.56946744,0.414786665,0.110748767,3.745293748,0.000180183,0.001379938,"yes","up",0.751436985347401,0.684863138442825,"tissue_specific","Leaf_Shoot","hypocotyl"
"AT4G39210",308.4041177,0.514759702,0.193740498,2.656954579,0.007885007,0.030361526,"yes","up",0.697964673966267,0.412123424943932,"tissue_specific","Leaf_Shoot","senescing_leaf"
"AT4G39970",1216.565102,-0.169330449,0.04204885,-4.026993556,5.65e-05,0.000530788,"yes","down",0.659020378103121,0.604060184997607,"tissue_specific","Leaf_Shoot","rosette_leaf"
"AT5G01550",24.57161497,0.800459404,0.177783233,4.502445997,6.72e-06,8.79e-05,"yes","up",0.859656494216151,0.64116528002626,"tissue_specific","Leaf_Shoot","senescing_leaf"
"AT5G01590",2461.368218,-0.18476717,0.044839946,-4.120593074,3.78e-05,0.000377306,"yes","down",0.716298330909936,0.52016614073726,"tissue_specific","Leaf_Shoot","shoot_apex_vegetative_with_leaves"
"AT5G01720",468.0563105,0.28827941,0.064991477,4.435649494,9.18e-06,0.000114425,"yes","up",0.666261459771648,0.388470791947991,"tissue_specific","Leaf_Shoot","senescing_leaf"
"AT5G01730",154.5944259,0.412637841,0.09181491,4.494235652,6.98e-06,9.07e-05,"yes","up",0.617640055252858,0.368191026568097,"tissue_specific","Leaf_Shoot","stem"
"AT5G01910",67.50819977,-0.935620912,0.244755453,-3.822676476,0.000132011,0.001068645,"yes","down",0.729113759345819,0.453603884992909,"tissue_specific","Leaf_Shoot","shoot_apex_transition"
"AT5G01920",1186.884923,-0.132470359,0.044162959,-2.999580667,0.002703515,0.012817773,"yes","down",0.625954240783189,0.531128957344278,"tissue_specific","Leaf_Shoot","cotyledon"
"AT5G01970",164.8338484,0.47698595,0.09595355,4.971008893,6.66e-07,1.24e-05,"yes","up",0.605829709544434,0.421881663673824,"tissue_specific","Leaf_Shoot","stem"
"AT5G02290",360.2900002,0.60586001,0.118721617,5.103198752,3.34e-07,6.83e-06,"yes","up",0.684962233335373,0.452745458640435,"tissue_specific","Leaf_Shoot","senescing_leaf"
"AT5G02480",2198.459678,0.297096484,0.097275503,3.054175762,0.002256798,0.01106709,"yes","up",0.602765415986146,0.305729567635584,"tissue_specific","Leaf_Shoot","hypocotyl"
"AT5G02630",53.00211789,0.29958268,0.074644143,4.013478735,5.98e-05,0.000557243,"yes","up",0.612477989424061,0.319315207104182,"tissue_specific","Leaf_Shoot","senescing_leaf"
"AT5G03170",142.8151148,-0.189549475,0.054125389,-3.502043641,0.000461704,0.003015724,"yes","down",0.95093259207417,0.478485460636406,"tissue_specific","Leaf_Shoot","stem"
"AT5G03490",98.65861704,0.234317087,0.080690856,2.903886495,0.003685618,0.016482842,"yes","up",0.757864911233676,0.322316607182523,"tissue_specific","Leaf_Shoot","cauline_leaf"
"AT5G03670",174.9821817,0.316021273,0.125864377,2.510807913,0.012045522,0.042532818,"yes","up",0.785074699540124,0.569482999851463,"tissue_specific","Leaf_Shoot","shoot_apex_transition"
"AT5G03720",72.64112129,0.573492703,0.189319041,3.029239421,0.002451703,0.011818813,"yes","up",0.606424395679452,0.487069241791611,"tissue_specific","Leaf_Shoot","cotyledon"
"AT5G03790",22.27837217,-0.419214349,0.123949902,-3.382127326,0.000719268,0.004350861,"yes","down",0.794181663359538,0.742922785780164,"tissue_specific","Leaf_Shoot","shoot_apex_transition"
"AT5G03870",133.8456148,-0.957684558,0.208269014,-4.598305535,4.26e-06,5.97e-05,"yes","down",0.791264510182972,0.597407059967258,"tissue_specific","Leaf_Shoot","shoot_apex_transition"
"AT5G03940",2301.861561,-0.196152118,0.048692932,-4.02834887,5.62e-05,0.000528581,"yes","down",0.68471859836323,0.533711581581092,"tissue_specific","Leaf_Shoot","rosette_vegetative"
"AT5G04150",54.0627559,0.720655214,0.231149866,3.117696877,0.001822702,0.009312212,"yes","up",0.766141009985279,0.608138723064203,"tissue_specific","Leaf_Shoot","rosette_leaf"
"AT5G04190",18.72054291,-0.653389049,0.200512834,-3.258589666,0.001119675,0.006284308,"yes","down",0.628526433471036,0.58609101252759,"tissue_specific","Leaf_Shoot","cauline_leaf"
"AT5G04230",402.5454104,-0.23321704,0.067195911,-3.470702843,0.000519098,0.003313485,"yes","down",0.843447179622747,0.534591610104144,"tissue_specific","Leaf_Shoot","cotyledon"
"AT5G04320",285.3190186,-0.102393152,0.032310127,-3.169073026,0.00152926,0.008121027,"yes","down",0.625695496269255,0.246045606047573,"tissue_specific","Leaf_Shoot","shoot_apex_transition"
"AT5G04330",30.84968379,-0.275111457,0.094418038,-2.913759503,0.003571049,0.016089514,"yes","down",0.828741901172737,0.553365408844463,"tissue_specific","Leaf_Shoot","hypocotyl"
"AT5G04720",608.6980358,0.927936491,0.126846896,7.315405604,2.57e-13,2.68e-11,"yes","up",0.712801841493874,0.244772224106635,"tissue_specific","Leaf_Shoot","senescing_leaf"
"AT5G04930",888.0527583,0.258707488,0.038366514,6.743054265,1.55e-11,1.09e-09,"yes","up",0.761110414430288,0.227345371151673,"tissue_specific","Leaf_Shoot","senescing_leaf"
"AT5G05110",137.5272834,0.291511411,0.064697675,4.505747841,6.61e-06,8.68e-05,"yes","up",0.74418510508201,0.3992409360072,"tissue_specific","Leaf_Shoot","senescing_leaf"
"AT5G05160",269.3335109,-0.209561309,0.062046991,-3.377461242,0.000731583,0.004406131,"yes","down",0.905049608567436,0.869410851200113,"tissue_specific","Leaf_Shoot","hypocotyl"
"AT5G05250",432.0603359,0.529012533,0.206480089,2.562051074,0.010405601,0.03783607,"yes","up",0.844392155086198,0.463526408153673,"tissue_specific","Leaf_Shoot","hypocotyl"
"AT5G05300",4.918278253,1.751184396,0.35862208,4.883091401,1.04e-06,1.8e-05,"yes","up",0.786593277133334,0.559907124260981,"tissue_specific","Leaf_Shoot","senescing_leaf"
"AT5G05390",12.43217152,1.027167824,0.258496944,3.973616901,7.08e-05,0.000639111,"yes","up",0.95308377249081,0.522002341177103,"tissue_specific","Leaf_Shoot","stem"
"AT5G05730",521.3680338,0.216375991,0.064157039,3.372599377,0.000744622,0.004473236,"yes","up",0.684945815959461,0.505893661917264,"tissue_specific","Leaf_Shoot","hypocotyl"
"AT5G06290",3799.083804,-0.166685163,0.037838411,-4.405184007,1.06e-05,0.000129162,"yes","down",0.66902164896298,0.59872922812731,"tissue_specific","Leaf_Shoot","rosette_leaf"
"AT5G06320",845.4815953,1.427652877,0.24161634,5.908759627,3.45e-09,1.3e-07,"yes","up",0.70109633880952,0.371182164652072,"tissue_specific","Leaf_Shoot","cotyledon"
"AT5G06960",180.7886723,0.123827723,0.04834234,2.561475545,0.010422858,0.037887129,"yes","up",0.694058009464222,0.407852464478732,"tissue_specific","Leaf_Shoot","senescing_leaf"
"AT5G07020",2596.304373,-0.106561388,0.030217074,-3.526528989,0.000421045,0.00279034,"yes","down",0.682040179990933,0.562077435310151,"tissue_specific","Leaf_Shoot","cotyledon"
"AT5G07100",98.94662314,0.883029992,0.205737948,4.292013217,1.77e-05,0.00019961,"yes","up",0.929707411385872,0.618779338821381,"tissue_specific","Leaf_Shoot","senescing_leaf"
"AT5G07240",474.8298121,-0.180042466,0.056165313,-3.20558111,0.001347901,0.007353404,"yes","down",0.62166742725485,0.517469578715462,"tissue_specific","Leaf_Shoot","cauline_leaf"
"AT5G07660",57.17687303,0.421402242,0.092691807,4.546272789,5.46e-06,7.4e-05,"yes","up",0.759512561665858,0.771064491468223,"tissue_specific","Leaf_Shoot","shoot_apex_transition"
"AT5G07760",4.136537716,0.9143657,0.236705605,3.862881486,0.000112057,0.000935717,"yes","up",0.703097833612386,0.282149634375922,"tissue_specific","Leaf_Shoot","shoot_apex_transition"
"AT5G07800",64.16570835,0.305085419,0.098986477,3.082091887,0.002055514,0.010276697,"yes","up",0.642726678998993,0.406714070217681,"tissue_specific","Leaf_Shoot","stem"
"AT5G07900",294.8539223,-0.230255797,0.077217829,-2.981899397,0.002864661,0.013457285,"yes","down",0.613856719039812,0.353084985992706,"tissue_specific","Leaf_Shoot","shoot_apex_vegetative"
"AT5G08000",288.3416935,0.262062509,0.102549794,2.555465963,0.010604573,0.038411433,"yes","up",0.75599366700313,0.810649691267318,"tissue_specific","Leaf_Shoot","shoot_apex_transition"
"AT5G08180",1113.509867,-0.213538746,0.072174477,-2.958646236,0.003089936,0.01431304,"yes","down",0.658547546555016,0.291670436445173,"tissue_specific","Leaf_Shoot","shoot_apex_transition"
"AT5G08280",5201.438632,-0.168179358,0.038870104,-4.326702047,1.51e-05,0.000175503,"yes","down",0.676130640607789,0.560829399136644,"tissue_specific","Leaf_Shoot","rosette_vegetative"
"AT5G08410",858.8247557,-0.239815319,0.057979483,-4.136210051,3.53e-05,0.000356156,"yes","down",0.636660824687811,0.506585235669604,"tissue_specific","Leaf_Shoot","cotyledon"
"AT5G09290",14.44251781,0.943365512,0.193423808,4.877194387,1.08e-06,1.85e-05,"yes","up",0.711560820038855,0.674133887291309,"tissue_specific","Leaf_Shoot","senescing_leaf"
"AT5G09650",4010.215431,-0.140141791,0.031570946,-4.438948159,9.04e-06,0.00011317,"yes","down",0.61520191301798,0.515392373748105,"tissue_specific","Leaf_Shoot","rosette_vegetative"
"AT5G10190",178.2558918,0.324482037,0.068047908,4.768435169,1.86e-06,2.95e-05,"yes","up",0.712073121159213,0.311133907893969,"tissue_specific","Leaf_Shoot","senescing_leaf"
"AT5G10250",20.70542253,-0.508364931,0.166287904,-3.057137155,0.00223462,0.010992633,"yes","down",0.776489711714691,0.669388389770823,"tissue_specific","Leaf_Shoot","cotyledon"
"AT5G10380",58.4943555,1.684829263,0.196297774,8.583027844,9.24e-18,2.39e-15,"yes","up",0.816678596268481,0.52319412283116,"tissue_specific","Leaf_Shoot","cauline_leaf"
"AT5G10760",64.92580982,2.61570945,0.404174384,6.471734858,9.69e-11,5.63e-09,"yes","up",0.87367758863232,0.701780960502946,"tissue_specific","Leaf_Shoot","cauline_leaf"
"AT5G10920",895.1694131,-0.122342366,0.049438847,-2.474620107,0.013337796,0.04615472,"yes","down",0.605803466585379,0.229825688700554,"tissue_specific","Leaf_Shoot","shoot_apex_vegetative"
"AT5G11160",112.3779866,-0.433550281,0.080850242,-5.362386963,8.21e-08,2.06e-06,"yes","down",0.751457328929489,0.597317188614673,"tissue_specific","Leaf_Shoot","shoot_apex_transition"
"AT5G11170",2192.064386,-0.10098686,0.028749305,-3.512671368,0.000443626,0.002917041,"yes","down",0.605640610157031,0.232937571396678,"tissue_specific","Leaf_Shoot","shoot_apex_transition"
"AT5G11210",11.66556022,0.740764281,0.156695339,4.727417461,2.27e-06,3.51e-05,"yes","up",0.900427702917099,0.738141852735125,"tissue_specific","Leaf_Shoot","senescing_leaf"
"AT5G11410",34.84152868,2.293162913,0.295627263,7.756939893,8.7e-15,1.28e-12,"yes","up",0.855517952976783,0.634717820534229,"tissue_specific","Leaf_Shoot","stem"
"AT5G11450",1558.476982,-0.14777675,0.043275111,-3.414820802,0.00063824,0.003940545,"yes","down",0.652577419886098,0.516152812657574,"tissue_specific","Leaf_Shoot","rosette_vegetative"
"AT5G11480",1052.302113,-0.146253281,0.034800278,-4.202646958,2.64e-05,0.000280128,"yes","down",0.614719057144065,0.478140874995356,"tissue_specific","Leaf_Shoot","rosette_vegetative"
"AT5G11540",35.85099701,-0.291396349,0.099192885,-2.937673892,0.003306847,0.015145191,"yes","down",0.780497544980213,0.624454256065202,"tissue_specific","Leaf_Shoot","stem"
"AT5G11550",321.8607462,-0.257756974,0.08335447,-3.092299364,0.001986124,0.009979783,"yes","down",0.691802590075249,0.685963674514779,"tissue_specific","Leaf_Shoot","shoot_apex_transition"
"AT5G11920",29.04259221,0.754143861,0.134737916,5.597116842,2.18e-08,6.58e-07,"yes","up",0.862391710085057,0.791642505189235,"tissue_specific","Leaf_Shoot","senescing_leaf"
"AT5G12050",265.2174177,-0.515655531,0.209331087,-2.463349032,0.013764585,0.047340613,"yes","down",0.761549356441406,0.536029061790365,"tissue_specific","Leaf_Shoot","rosette_vegetative"
"AT5G13080",28.24962822,0.62973423,0.219605897,2.867565208,0.004136436,0.018127569,"yes","up",0.944578162582544,0.887288656004576,"tissue_specific","Leaf_Shoot","senescing_leaf"
"AT5G13200",82.79011526,0.620010436,0.093371932,6.64022288,3.13e-11,2.05e-09,"yes","up",0.828317869033763,0.290633444636879,"tissue_specific","Leaf_Shoot","senescing_leaf"
"AT5G13320",29.48829029,2.676354466,0.372462556,7.185566512,6.69e-13,6.57e-11,"yes","up",0.896399791818744,0.652842059025728,"tissue_specific","Leaf_Shoot","senescing_leaf"
"AT5G13510",3570.23,-0.213531083,0.035245222,-6.058440522,1.37e-09,5.77e-08,"yes","down",0.612673174650507,0.56789391277213,"tissue_specific","Leaf_Shoot","rosette_vegetative"
"AT5G13550",425.6839377,0.293836591,0.07441429,3.948658102,7.86e-05,0.000694643,"yes","up",0.641997169952641,0.434233122180299,"tissue_specific","Leaf_Shoot","senescing_leaf"
"AT5G13630",23389.86192,-0.257245193,0.087068966,-2.954499243,0.003131769,0.014467019,"yes","down",0.632813726701551,0.531131036410052,"tissue_specific","Leaf_Shoot","rosette_vegetative"
"AT5G13770",1058.734639,-0.161582092,0.064951718,-2.487726232,0.012856266,0.044798337,"yes","down",0.692882970313533,0.617527477805908,"tissue_specific","Leaf_Shoot","cotyledon"
"AT5G13800",458.5641018,0.33077746,0.060324371,5.483313885,4.17e-08,1.16e-06,"yes","up",0.841273287295813,0.524636963249395,"tissue_specific","Leaf_Shoot","senescing_leaf"
"AT5G13810",428.9527156,0.155222602,0.043165141,3.596017468,0.000323126,0.002236363,"yes","up",0.70306481000339,0.109981063233004,"tissue_specific","Leaf_Shoot","stem"
"AT5G14450",168.5914964,-0.288022981,0.087589558,-3.28832556,0.001007852,0.005769583,"yes","down",0.641645002231868,0.193084637930362,"tissue_specific","Leaf_Shoot","hypocotyl"
"AT5G14520",1411.564087,-0.159421882,0.05701065,-2.796352655,0.005168297,0.021632856,"yes","down",0.628363639112314,0.326020968901753,"tissue_specific","Leaf_Shoot","shoot_apex_vegetative"
"AT5G14580",318.0833956,-0.34398317,0.102675974,-3.3501817,0.000807586,0.004782019,"yes","down",0.749424867517387,0.326991118782499,"tissue_specific","Leaf_Shoot","shoot_apex_vegetative"
"AT5G14660",788.1497318,-0.140141988,0.040327406,-3.475105434,0.000510653,0.00327198,"yes","down",0.615183511940208,0.536950126717137,"tissue_specific","Leaf_Shoot","rosette_vegetative"
"AT5G14920",1035.50495,0.380169826,0.111360946,3.413852341,0.000640513,0.003950499,"yes","up",0.699911008095324,0.602725051847611,"tissue_specific","Leaf_Shoot","hypocotyl"
"AT5G14930",278.1218986,1.684956069,0.172060613,9.792805196,1.21e-22,7.12e-20,"yes","up",0.763583949554497,0.5334273532733,"tissue_specific","Leaf_Shoot","senescing_leaf"
"AT5G15510",143.2554386,-0.959001809,0.246496378,-3.890531028,0.000100025,0.00085061,"yes","down",0.726273204424794,0.547892580781142,"tissue_specific","Leaf_Shoot","shoot_apex_transition"
"AT5G15610",868.1851766,-0.061559479,0.024270809,-2.536358711,0.011201193,0.040135068,"yes","down",0.620182962476442,0.269126331083068,"tissue_specific","Leaf_Shoot","shoot_apex_transition"
"AT5G16250",665.8665671,-1.040764634,0.254325947,-4.092247162,4.27e-05,0.000417698,"yes","down",0.705050949423583,0.487737735059522,"tissue_specific","Leaf_Shoot","shoot_apex_transition"
"AT5G17350",45.52625361,1.468616153,0.293713793,5.000160656,5.73e-07,1.09e-05,"yes","up",0.821293222955411,0.664695974423862,"tissue_specific","Leaf_Shoot","cotyledon"
"AT5G17670",565.3833315,-0.250610836,0.042516902,-5.894381326,3.76e-09,1.41e-07,"yes","down",0.622617091787909,0.458030943000531,"tissue_specific","Leaf_Shoot","rosette_vegetative"
"AT5G17710",1794.804912,-0.170157821,0.042543603,-3.999610019,6.34e-05,0.000584282,"yes","down",0.626718137551985,0.528250744926334,"tissue_specific","Leaf_Shoot","shoot_apex_vegetative_with_leaves"
"AT5G18130",160.0714399,0.577867342,0.157570255,3.667363112,0.000245065,0.001778605,"yes","up",0.898964736438856,0.273754148564605,"tissue_specific","Leaf_Shoot","senescing_leaf"
"AT5G18310",400.9379812,0.708548828,0.089030109,7.958530363,1.74e-15,2.93e-13,"yes","up",0.666595742720349,0.507629045161835,"tissue_specific","Leaf_Shoot","senescing_leaf"
"AT5G18430",76.06044294,-0.316045856,0.090182838,-3.504501108,0.000457464,0.002992173,"yes","down",0.788791339921727,0.558027497252677,"tissue_specific","Leaf_Shoot","rosette_vegetative"
"AT5G18470",133.9381078,1.389786442,0.181138457,7.672508984,1.69e-14,2.29e-12,"yes","up",0.817971038764965,0.462912167269647,"tissue_specific","Leaf_Shoot","senescing_leaf"
"AT5G18490",214.5094784,1.053062543,0.151470157,6.952277335,3.59e-12,2.99e-10,"yes","up",0.78299761051542,0.344987261440647,"tissue_specific","Leaf_Shoot","senescing_leaf"
"AT5G18570",1200.937373,-0.212669255,0.050203162,-4.236172494,2.27e-05,0.000246924,"yes","down",0.695818098819439,0.45387023085008,"tissue_specific","Leaf_Shoot","shoot_apex_vegetative_with_leaves"
"AT5G18660",1925.935139,-0.13834637,0.040334927,-3.42993974,0.000603715,0.00376193,"yes","down",0.675896212855279,0.578790682309872,"tissue_specific","Leaf_Shoot","rosette_vegetative"
"AT5G19170",24.83184542,-0.35508396,0.11589497,-3.063842721,0.002185138,0.010792007,"yes","down",0.702631436694403,0.402150282493699,"tissue_specific","Leaf_Shoot","rosette_vegetative"
"AT5G19220",3080.323841,-0.166362017,0.046307517,-3.592548865,0.000327459,0.002259871,"yes","down",0.662653826644999,0.609281755547962,"tissue_specific","Leaf_Shoot","cotyledon"
"AT5G19240",831.8367357,1.333033699,0.161340685,8.262229055,1.43e-16,3.01e-14,"yes","up",0.805464984511725,0.605964727818624,"tissue_specific","Leaf_Shoot","cotyledon"
"AT5G19750",680.9579445,-0.171016757,0.062003915,-2.758160647,0.005812762,0.023686128,"yes","down",0.713326591526057,0.462428382568243,"tissue_specific","Leaf_Shoot","shoot_apex_vegetative_with_leaves"
"AT5G20040",464.6721099,-0.184817155,0.041446269,-4.459198868,8.23e-06,0.000104581,"yes","down",0.645224955094167,0.346035801899605,"tissue_specific","Leaf_Shoot","shoot_apex_vegetative_with_leaves"
"AT5G20140",580.2680603,-0.147720401,0.03545835,-4.166025761,3.1e-05,0.000319763,"yes","down",0.620432788300825,0.511373465241252,"tissue_specific","Leaf_Shoot","cotyledon"
"AT5G22250",59.68537794,1.073273741,0.20247385,5.30080177,1.15e-07,2.78e-06,"yes","up",0.845540008625917,0.433352141505528,"tissue_specific","Leaf_Shoot","senescing_leaf"
"AT5G22380",2.558051658,1.319574261,0.333140695,3.961011906,7.46e-05,0.000665401,"yes","up",0.887355599803174,0.774358936596403,"tissue_specific","Leaf_Shoot","senescing_leaf"
"AT5G22390",114.2548448,-0.405055268,0.105620374,-3.835010725,0.000125559,0.001025927,"yes","down",0.876796513880821,0.76042972499921,"tissue_specific","Leaf_Shoot","cotyledon"
"AT5G22440",2055.833713,-0.219804756,0.050253349,-4.37393247,1.22e-05,0.000146019,"yes","down",0.638523983412449,0.439273537076731,"tissue_specific","Leaf_Shoot","shoot_apex_vegetative"
"AT5G22530",6.767023499,2.632854075,0.385714079,6.825921631,8.74e-12,6.53e-10,"yes","up",0.750242344893608,0.43666479736384,"tissue_specific","Leaf_Shoot","hypocotyl"
"AT5G22570",8.72436395,1.551695948,0.353113494,4.394326403,1.11e-05,0.000134671,"yes","up",0.765581288758609,0.394999988697806,"tissue_specific","Leaf_Shoot","hypocotyl"
"AT5G23060",4209.653482,-0.219564883,0.070707294,-3.105264967,0.001901086,0.009639559,"yes","down",0.682052827394804,0.622503886179583,"tissue_specific","Leaf_Shoot","cotyledon"
"AT5G23070",430.8232992,-0.195058387,0.067889414,-2.87317825,0.004063648,0.017858383,"yes","down",0.663774243351931,0.264746918093928,"tissue_specific","Leaf_Shoot","shoot_apex_vegetative"
"AT5G23400",190.5718891,-0.362123025,0.082739447,-4.376667204,1.21e-05,0.000144346,"yes","down",0.800012039389528,0.263580769731312,"tissue_specific","Leaf_Shoot","hypocotyl"
"AT5G23420",401.3959055,-0.264107345,0.081425504,-3.243545723,0.001180519,0.006567941,"yes","down",0.803302521994423,0.589347638453686,"tissue_specific","Leaf_Shoot","shoot_apex_transition"
"AT5G23490",162.5010639,0.142441104,0.047859007,2.976265325,0.002917823,0.013652609,"yes","up",0.802289735521449,0.499582723867481,"tissue_specific","Leaf_Shoot","senescing_leaf"
"AT5G23660",706.8757699,-0.201252944,0.070728856,-2.845414956,0.00443536,0.01916326,"yes","down",0.804760332779111,0.428402266735619,"tissue_specific","Leaf_Shoot","cauline_leaf"
"AT5G23820",2877.879973,-0.335701511,0.07318257,-4.587178503,4.49e-06,6.27e-05,"yes","down",0.864602655023442,0.715942681964942,"tissue_specific","Leaf_Shoot","rosette_vegetative"
"AT5G23870",75.40029357,-0.27831611,0.066864782,-4.162372229,3.15e-05,0.000323932,"yes","down",0.681327808325261,0.219682424717828,"tissue_specific","Leaf_Shoot","stem"
"AT5G24110",17.70022709,1.839763988,0.243867019,7.544127915,4.55e-14,5.59e-12,"yes","up",0.841742004797189,0.679790474792829,"tissue_specific","Leaf_Shoot","senescing_leaf"
"AT5G24210",266.4293851,1.143787938,0.187298925,6.106751215,1.02e-09,4.41e-08,"yes","up",0.856671462357382,0.698633886289885,"tissue_specific","Leaf_Shoot","cauline_leaf"
"AT5G24530",303.1360964,0.601033731,0.154849806,3.881398037,0.000103858,0.000877816,"yes","up",0.784974980615472,0.236906507417924,"tissue_specific","Leaf_Shoot","cauline_leaf"
"AT5G25040",236.0706793,0.296843833,0.088027394,3.372175642,0.000745769,0.004477842,"yes","up",0.686030226849695,0.45224330324074,"tissue_specific","Leaf_Shoot","senescing_leaf"
"AT5G25090",162.7062434,-1.232658271,0.310520224,-3.969655365,7.2e-05,0.000647663,"yes","down",0.776865972305027,0.598330849140719,"tissue_specific","Leaf_Shoot","shoot_apex_transition"
"AT5G25250",71.35129416,2.205548166,0.25028466,8.812158805,1.23e-18,3.62e-16,"yes","up",0.914117202237859,0.61936658815224,"tissue_specific","Leaf_Shoot","senescing_leaf"
"AT5G25440",61.67606991,0.873440641,0.126628902,6.897640509,5.29e-12,4.21e-10,"yes","up",0.763052200297773,0.600377550748645,"tissue_specific","Leaf_Shoot","senescing_leaf"
"AT5G25590",389.9686136,-0.331764614,0.054020429,-6.141465701,8.18e-10,3.64e-08,"yes","down",0.600896546943445,0.504964959061418,"tissue_specific","Leaf_Shoot","shoot_apex_transition"
"AT5G25830",93.52619817,-0.281010997,0.098096581,-2.864635985,0.004174889,0.018282491,"yes","down",0.807839111614883,0.568908191923452,"tissue_specific","Leaf_Shoot","stem"
"AT5G25910",20.03867924,0.745605876,0.16017365,4.654984623,3.24e-06,4.75e-05,"yes","up",0.764724434257795,0.399993621163335,"tissue_specific","Leaf_Shoot","senescing_leaf"
"AT5G25930",219.8413803,1.33893895,0.160555563,8.33941175,7.47e-17,1.68e-14,"yes","up",0.643090486965578,0.504690955311118,"tissue_specific","Leaf_Shoot","senescing_leaf"
"AT5G26330",68.19549281,0.260513342,0.091139551,2.858400527,0.004257826,0.018576666,"yes","up",0.892215123794638,0.598453716839719,"tissue_specific","Leaf_Shoot","stem"
"AT5G26340",390.7170392,0.337592493,0.107649673,3.136028964,0.001712523,0.008843385,"yes","up",0.872996391210304,0.519898173482844,"tissue_specific","Leaf_Shoot","senescing_leaf"
"AT5G26770",86.70987754,0.345637679,0.102557053,3.370199001,0.000751139,0.004504351,"yes","up",0.717825700264315,0.264589538809418,"tissue_specific","Leaf_Shoot","senescing_leaf"
"AT5G26790",25.48232581,-0.471269426,0.151553635,-3.109588406,0.001873482,0.009524847,"yes","down",0.632838710404569,0.13312693785608,"tissue_specific","Leaf_Shoot","hypocotyl"
"AT5G26920",105.7125883,2.458120372,0.22176999,11.0840983,1.5e-28,3.21e-25,"yes","up",0.919369777325821,0.626325932047528,"tissue_specific","Leaf_Shoot","senescing_leaf"
"AT5G27330",746.2419635,-0.236683218,0.081753715,-2.895076001,0.003790667,0.016875808,"yes","down",0.734049344209014,0.328119101989265,"tissue_specific","Leaf_Shoot","shoot_apex_vegetative"
"AT5G27420",117.385923,1.972296974,0.291778797,6.759562359,1.38e-11,9.83e-10,"yes","up",0.901579394615581,0.559165351234826,"tissue_specific","Leaf_Shoot","senescing_leaf"
"AT5G27950",462.4877526,-0.123102267,0.04507229,-2.731218383,0.006310064,0.025279937,"yes","down",0.609256209549262,0.311404811543789,"tissue_specific","Leaf_Shoot","senescing_leaf"
"AT5G28020",348.4374441,-0.141818668,0.055965082,-2.534056308,0.011275061,0.040319633,"yes","down",0.785882185757083,0.436768849237424,"tissue_specific","Leaf_Shoot","cauline_leaf"
"AT5G28500",3343.92827,-0.189298449,0.047866735,-3.954697305,7.66e-05,0.000680903,"yes","down",0.626933380118772,0.581433520461093,"tissue_specific","Leaf_Shoot","rosette_vegetative"
"AT5G28630",88.2933,1.167235069,0.285270963,4.091671501,4.28e-05,0.000418563,"yes","up",0.880583162061763,0.637103142332075,"tissue_specific","Leaf_Shoot","cotyledon"
"AT5G33290",198.9388937,0.378743056,0.095538698,3.964289471,7.36e-05,0.000659067,"yes","up",0.854623170479829,0.567413990954282,"tissue_specific","Leaf_Shoot","senescing_leaf"
"AT5G35370",205.1075711,0.161030966,0.051328653,3.137252917,0.001705389,0.008821845,"yes","up",0.875769560737191,0.801379562234186,"tissue_specific","Leaf_Shoot","senescing_leaf"
"AT5G35630",31833.5263,-0.148176196,0.034850391,-4.251780064,2.12e-05,0.000232723,"yes","down",0.604094337834599,0.562772961245743,"tissue_specific","Leaf_Shoot","rosette_leaf"
"AT5G35735",749.6627365,0.918959221,0.185261691,4.960330521,7.04e-07,1.3e-05,"yes","up",0.769215446042385,0.623711280553579,"tissue_specific","Leaf_Shoot","senescing_leaf"
"AT5G36220",66.16307429,0.280197786,0.100127063,2.798422096,0.005135296,0.021532252,"yes","up",0.860488784059661,0.593305279206704,"tissue_specific","Leaf_Shoot","senescing_leaf"
"AT5G36710",82.19823312,-0.933544729,0.280861306,-3.323863809,0.000887795,0.005172516,"yes","down",0.710868194180624,0.459521823487865,"tissue_specific","Leaf_Shoot","shoot_apex_transition"
"AT5G36910",347.3371681,-0.809537126,0.120759942,-6.703689252,2.03e-11,1.37e-09,"yes","down",0.89192291846846,0.745381403176697,"tissue_specific","Leaf_Shoot","rosette_vegetative"
"AT5G36930",170.8721948,0.402190631,0.07847095,5.125344214,2.97e-07,6.16e-06,"yes","up",0.681664783007583,0.545591325603709,"tissue_specific","Leaf_Shoot","cauline_leaf"
"AT5G37070",104.8697243,0.264400024,0.077418501,3.415204639,0.000637341,0.003937118,"yes","up",0.675272052349572,0.235578700520648,"tissue_specific","Leaf_Shoot","senescing_leaf"
"AT5G37500",93.20644304,0.573450312,0.13180053,4.35089535,1.36e-05,0.000159645,"yes","up",0.785484750006165,0.520274210269002,"tissue_specific","Leaf_Shoot","stem"
"AT5G38210",138.8786132,0.566437131,0.104474514,5.421773308,5.9e-08,1.56e-06,"yes","up",0.819299560538222,0.330677761537739,"tissue_specific","Leaf_Shoot","senescing_leaf"
"AT5G38240",11.99269252,1.100130532,0.155526042,7.073609774,1.51e-12,1.36e-10,"yes","up",0.817276341961754,0.321405190332548,"tissue_specific","Leaf_Shoot","senescing_leaf"
"AT5G38300",53.0636707,-0.941362831,0.181515659,-5.186124622,2.15e-07,4.69e-06,"yes","down",0.628588895791343,0.0556851934340069,"tissue_specific","Leaf_Shoot","hypocotyl"
"AT5G38520",1598.059286,-0.172180453,0.042863157,-4.01698019,5.89e-05,0.000550772,"yes","down",0.618844568379917,0.517899841424825,"tissue_specific","Leaf_Shoot","cotyledon"
"AT5G38900",28.5690803,0.612051407,0.134728087,4.542864223,5.55e-06,7.5e-05,"yes","up",0.871335564619037,0.58399798631094,"tissue_specific","Leaf_Shoot","senescing_leaf"
"AT5G38990",441.8806202,0.393216696,0.08674009,4.533275165,5.81e-06,7.8e-05,"yes","up",0.714850931228931,0.584880321815464,"tissue_specific","Leaf_Shoot","cauline_leaf"
"AT5G39020",66.0811578,0.989171121,0.172429801,5.736659888,9.66e-09,3.24e-07,"yes","up",0.883408085110768,0.679518389803756,"tissue_specific","Leaf_Shoot","senescing_leaf"
"AT5G39030",60.60923347,0.570329184,0.123111037,4.632640577,3.61e-06,5.21e-05,"yes","up",0.928254614711796,0.624499134178816,"tissue_specific","Leaf_Shoot","senescing_leaf"
"AT5G39210",274.8958792,-0.202139506,0.07247107,-2.789244124,0.005283123,0.022014923,"yes","down",0.65113937725976,0.63001062399804,"tissue_specific","Leaf_Shoot","rosette_leaf"
"AT5G39520",16.51986105,0.523628342,0.157034417,3.334481393,0.000854586,0.005016225,"yes","up",0.912518679172839,0.829151555433978,"tissue_specific","Leaf_Shoot","senescing_leaf"
"AT5G39670",54.26772319,2.929281442,0.289428385,10.12091971,4.46e-24,3.76e-21,"yes","up",0.865803861787228,0.49632333412706,"tissue_specific","Leaf_Shoot","senescing_leaf"
"AT5G40170",382.967345,0.38531608,0.071047954,5.423324108,5.85e-08,1.55e-06,"yes","up",0.759683115122037,0.55170851903584,"tissue_specific","Leaf_Shoot","senescing_leaf"
"AT5G40460",26.62678804,0.500066519,0.161169352,3.102739535,0.001917383,0.009703407,"yes","up",0.647941063509436,0.472470847172148,"tissue_specific","Leaf_Shoot","shoot_apex_transition"
"AT5G40630",15.95082026,-0.329456406,0.126858162,-2.597045388,0.00940295,0.034869519,"yes","down",0.921812949022811,0.764607039575237,"tissue_specific","Leaf_Shoot","stem"
"AT5G40780",289.4783634,0.334468222,0.12635805,2.646987841,0.008121227,0.031078197,"yes","up",0.853339952056235,0.295945152411588,"tissue_specific","Leaf_Shoot","senescing_leaf"
"AT5G40890",1949.759942,-0.208555858,0.078435397,-2.658950759,0.007838442,0.030207719,"yes","down",0.723684267639205,0.588126194366234,"tissue_specific","Leaf_Shoot","cotyledon"
"AT5G40950",5448.621624,-0.160653784,0.02924978,-5.492478305,3.96e-08,1.11e-06,"yes","down",0.60318074956618,0.518087829008394,"tissue_specific","Leaf_Shoot","rosette_vegetative"
"AT5G41740",312.8880018,1.754747141,0.260612547,6.733164465,1.66e-11,1.14e-09,"yes","up",0.879663229216062,0.596387842678969,"tissue_specific","Leaf_Shoot","cotyledon"
"AT5G41790",3020.988067,0.205302828,0.034368115,5.973642279,2.32e-09,9.27e-08,"yes","up",0.754954801553175,0.468784731004207,"tissue_specific","Leaf_Shoot","senescing_leaf"
"AT5G42050",1639.66759,0.939760348,0.098592658,9.531747799,1.55e-21,7.44e-19,"yes","up",0.706167664017085,0.152486825478485,"tissue_specific","Leaf_Shoot","senescing_leaf"
"AT5G42070",407.5916997,-0.174881016,0.051311121,-3.408247808,0.000653815,0.004016587,"yes","down",0.621057262206484,0.537410818892994,"tissue_specific","Leaf_Shoot","cotyledon"
"AT5G42180",194.4712625,-0.227306776,0.089762877,-2.532302689,0.011331612,0.040478876,"yes","down",0.962757177671573,0.67467879599555,"tissue_specific","Leaf_Shoot","stem"
"AT5G42380",13.03133097,2.769467276,0.32600716,8.49511181,1.98e-17,4.76e-15,"yes","up",0.844404122487347,0.769494484330436,"tissue_specific","Leaf_Shoot","cotyledon"
"AT5G42440",52.47408245,0.351882677,0.100967046,3.485124012,0.000491909,0.003177657,"yes","up",0.681411011881702,0.51672269810675,"tissue_specific","Leaf_Shoot","senescing_leaf"
"AT5G42700",37.59455146,-0.663779843,0.190453692,-3.485255838,0.000491667,0.0031771,"yes","down",0.606886142900694,0.385264936298805,"tissue_specific","Leaf_Shoot","shoot_apex_transition"
"AT5G42720",580.9040791,-0.345127237,0.139429667,-2.475278356,0.013313237,0.046104441,"yes","down",0.644605782133452,0.274790969522748,"tissue_specific","Leaf_Shoot","shoot_apex_vegetative"
"AT5G42830",66.98109997,0.728772694,0.130646146,5.578218101,2.43e-08,7.21e-07,"yes","up",0.689096570669417,0.502370696099363,"tissue_specific","Leaf_Shoot","senescing_leaf"
"AT5G43020",313.2340299,-0.213037071,0.06794306,-3.135523629,0.001715476,0.008852653,"yes","down",0.759099535717288,0.711190648526358,"tissue_specific","Leaf_Shoot","shoot_apex_transition"
"AT5G43070",174.7004241,-0.319057967,0.075842425,-4.206853434,2.59e-05,0.000276086,"yes","down",0.63114898036994,0.460770434060529,"tissue_specific","Leaf_Shoot","shoot_apex_transition"
"AT5G43170",98.83783031,0.907096923,0.131423215,6.902105691,5.12e-12,4.11e-10,"yes","up",0.677378991353649,0.468480745948318,"tissue_specific","Leaf_Shoot","cotyledon"
"AT5G43440",196.4604336,0.739886697,0.130769057,5.657964632,1.53e-08,4.87e-07,"yes","up",0.858579791041872,0.601725369472249,"tissue_specific","Leaf_Shoot","senescing_leaf"
"AT5G43750",1301.351997,-0.12047983,0.037791605,-3.188005107,0.00143258,0.007696037,"yes","down",0.722908387858335,0.604906391834197,"tissue_specific","Leaf_Shoot","cotyledon"
"AT5G43910",120.3765915,0.341837676,0.074781102,4.5711773,4.85e-06,6.7e-05,"yes","up",0.715783549337125,0.658725793966824,"tissue_specific","Leaf_Shoot","hypocotyl"
"AT5G44020",3972.3706,-0.323408795,0.125420801,-2.57858978,0.009920452,0.036404959,"yes","down",0.810375647817198,0.507803231557137,"tissue_specific","Leaf_Shoot","cotyledon"
"AT5G44290",687.7796871,0.249174005,0.056739996,4.391505482,1.13e-05,0.000136081,"yes","up",0.655334060470584,0.253371298953499,"tissue_specific","Leaf_Shoot","senescing_leaf"
"AT5G44390",70.66242374,0.713017877,0.149586939,4.766578445,1.87e-06,2.97e-05,"yes","up",0.819474677291746,0.751446227928062,"tissue_specific","Leaf_Shoot","hypocotyl"
"AT5G44420",2.728071103,-0.699826867,0.272989353,-2.563568355,0.01036023,0.037711813,"yes","down",0.940603454178828,0.779512087043221,"tissue_specific","Leaf_Shoot","cauline_leaf"
"AT5G44580",562.3970921,0.261324443,0.101542202,2.573554998,0.010065965,0.036822624,"yes","up",0.833936692906334,0.821729480522639,"tissue_specific","Leaf_Shoot","cauline_leaf"
"AT5G44740",84.35706082,0.272096763,0.067389533,4.037670999,5.4e-05,0.000509846,"yes","up",0.60809666695225,0.288564206306061,"tissue_specific","Leaf_Shoot","shoot_apex_transition"
"AT5G44870",306.8502167,0.278009011,0.06843649,4.062292046,4.86e-05,0.000466594,"yes","up",0.771954026999857,0.63037205650162,"tissue_specific","Leaf_Shoot","senescing_leaf"
"AT5G44980",8.601984877,0.416091624,0.144335648,2.882805666,0.003941505,0.0174003,"yes","up",0.690473685446052,0.305475779761101,"tissue_specific","Leaf_Shoot","senescing_leaf"
"AT5G44990",2.282044985,1.498932904,0.348416906,4.302124491,1.69e-05,0.000192647,"yes","up",0.837516384110648,0.504610372419546,"tissue_specific","Leaf_Shoot","senescing_leaf"
"AT5G45000",16.6873893,0.607830448,0.153166066,3.968440697,7.23e-05,0.000650316,"yes","up",0.667729993886966,0.443983692096961,"tissue_specific","Leaf_Shoot","senescing_leaf"
"AT5G45250",253.9717664,0.305591641,0.079315871,3.852843534,0.000116754,0.000966717,"yes","up",0.758341303004843,0.483563075014033,"tissue_specific","Leaf_Shoot","senescing_leaf"
"AT5G45260",298.7379101,0.151080843,0.045642387,3.310099519,0.000932628,0.005397702,"yes","up",0.714876940184159,0.149952509204513,"tissue_specific","Leaf_Shoot","senescing_leaf"
"AT5G45340",212.1721821,2.18198399,0.3803796,5.736332844,9.67e-09,3.24e-07,"yes","up",0.824783253355091,0.377843843082217,"tissue_specific","Leaf_Shoot","cotyledon"
"AT5G45350",558.7098557,0.496594879,0.054679511,9.081918796,1.07e-19,3.93e-17,"yes","up",0.619108513553257,0.205097198346915,"tissue_specific","Leaf_Shoot","cauline_leaf"
"AT5G45540",24.2230956,0.421296725,0.094483572,4.458941539,8.24e-06,0.000104581,"yes","up",0.635296466002252,0.345694252888642,"tissue_specific","Leaf_Shoot","stem"
"AT5G45800",530.5492402,-0.164864225,0.060351907,-2.731715231,0.006300557,0.025246139,"yes","down",0.732794996104885,0.168282252782946,"tissue_specific","Leaf_Shoot","senescing_leaf"
"AT5G46050",60.02159062,0.473880745,0.172232727,2.751397801,0.005934153,0.024076729,"yes","up",0.847829151495741,0.519200908150137,"tissue_specific","Leaf_Shoot","senescing_leaf"
"AT5G46080",45.55979452,0.451579081,0.082855212,5.450219377,5.03e-08,1.36e-06,"yes","up",0.714592486178616,0.436955637914026,"tissue_specific","Leaf_Shoot","senescing_leaf"
"AT5G46180",375.1954589,0.125239291,0.042280354,2.962115461,0.003055332,0.014177476,"yes","up",0.761168575826987,0.420982108448534,"tissue_specific","Leaf_Shoot","senescing_leaf"
"AT5G46240",200.0336562,-0.219355506,0.073976904,-2.965189068,0.00302497,0.014064617,"yes","down",0.766859742667899,0.452201722867152,"tissue_specific","Leaf_Shoot","senescing_leaf"
"AT5G46330",118.1129556,0.778922225,0.197736777,3.93918743,8.18e-05,0.000719135,"yes","up",0.757388026378223,0.661224238368049,"tissue_specific","Leaf_Shoot","stem"
"AT5G46450",505.3212114,0.209233192,0.083993844,2.491053891,0.01273648,0.044472973,"yes","up",0.69417587118253,0.639785106408791,"tissue_specific","Leaf_Shoot","cauline_leaf"
"AT5G46470",529.443425,0.586680431,0.092288067,6.357056253,2.06e-10,1.1e-08,"yes","up",0.710023573311868,0.477975260330899,"tissue_specific","Leaf_Shoot","senescing_leaf"
"AT5G46500",15.80993664,0.65100787,0.21272382,3.060343075,0.002210836,0.01089382,"yes","up",0.804386266008599,0.515232417431878,"tissue_specific","Leaf_Shoot","cauline_leaf"
"AT5G46520",125.3281249,0.416466683,0.104631208,3.980329508,6.88e-05,0.000625883,"yes","up",0.69927750699899,0.478151779577142,"tissue_specific","Leaf_Shoot","senescing_leaf"
"AT5G46760",756.3155449,0.165300519,0.042848185,3.857818437,0.000114404,0.000949256,"yes","up",0.702371549488598,0.379366179004342,"tissue_specific","Leaf_Shoot","senescing_leaf"
"AT5G46800",1806.051806,-0.154461057,0.052849354,-2.922666909,0.003470476,0.015726552,"yes","down",0.600913708285618,0.468713456275372,"tissue_specific","Leaf_Shoot","rosette_vegetative"
"AT5G47160",13.50145473,-0.393323504,0.13744511,-2.861676965,0.004214062,0.01843007,"yes","down",0.737966265993529,0.691322769200004,"tissue_specific","Leaf_Shoot","shoot_apex_transition"
"AT5G47190",3274.049848,-0.184023974,0.041226167,-4.463766228,8.05e-06,0.000102614,"yes","down",0.670547525510202,0.547595190578004,"tissue_specific","Leaf_Shoot","shoot_apex_vegetative_with_leaves"
"AT5G47230",160.5871618,1.685728302,0.217483889,7.751049116,9.11e-15,1.33e-12,"yes","up",0.768250652603544,0.686707761247081,"tissue_specific","Leaf_Shoot","cotyledon"
"AT5G47850",4.090606769,1.936625602,0.329467751,5.878042986,4.15e-09,1.54e-07,"yes","up",0.928144523224758,0.688205061458466,"tissue_specific","Leaf_Shoot","senescing_leaf"
"AT5G48310",205.3683812,-0.947269879,0.236496197,-4.005433875,6.19e-05,0.000573688,"yes","down",0.710416117349548,0.54671710249809,"tissue_specific","Leaf_Shoot","shoot_apex_transition"
"AT5G48360",534.5901322,-0.303883762,0.093459853,-3.251489833,0.001148019,0.006417417,"yes","down",0.771785246534568,0.74038774631433,"tissue_specific","Leaf_Shoot","shoot_apex_transition"
"AT5G48370",140.1314843,0.201681457,0.064237059,3.139643391,0.001691536,0.008773285,"yes","up",0.62657443745312,0.394936333604853,"tissue_specific","Leaf_Shoot","cauline_leaf"
"AT5G48380",731.6978594,0.729782645,0.114605154,6.367799522,1.92e-10,1.03e-08,"yes","up",0.712921064213878,0.412535794889954,"tissue_specific","Leaf_Shoot","senescing_leaf"
"AT5G48400",18.58461075,0.916901126,0.166423534,5.509443909,3.6e-08,1.01e-06,"yes","up",0.852774051145697,0.189995207696002,"tissue_specific","Leaf_Shoot","senescing_leaf"
"AT5G48410",27.8383028,0.547613588,0.137103046,3.994175198,6.49e-05,0.000595701,"yes","up",0.856533818454036,0.553612329733294,"tissue_specific","Leaf_Shoot","senescing_leaf"
"AT5G48490",185.8315224,-0.595083551,0.228490322,-2.604414695,0.009203133,0.034305099,"yes","down",0.855306458711823,0.528046292051383,"tissue_specific","Leaf_Shoot","rosette_vegetative"
"AT5G48790",629.5807697,-0.134637927,0.048046505,-2.802241845,0.005074881,0.021358718,"yes","down",0.671924436663032,0.583880346218844,"tissue_specific","Leaf_Shoot","cotyledon"
"AT5G48820",66.37138304,-0.4277143,0.122369785,-3.495260683,0.000473599,0.003080615,"yes","down",0.757543132416489,0.548579709976417,"tissue_specific","Leaf_Shoot","shoot_apex_transition"
"AT5G49010",75.67571664,0.190982012,0.074962542,2.547699239,0.010843591,0.039108932,"yes","up",0.601894011854446,0.403910551818175,"tissue_specific","Leaf_Shoot","shoot_apex_transition"
"AT5G49110",205.6915888,1.904240451,0.234412861,8.12344698,4.53e-16,8.48e-14,"yes","up",0.651600970242165,0.23115654839618,"tissue_specific","Leaf_Shoot","shoot_apex_transition"
"AT5G49120",7.030044856,-0.466478373,0.173925186,-2.682063392,0.007316959,0.028570926,"yes","down",0.757335249371776,0.591662052178724,"tissue_specific","Leaf_Shoot","shoot_apex_transition"
"AT5G49520",106.4290945,1.599241815,0.131624342,12.15004601,5.73e-34,2.25e-30,"yes","up",0.699862942131388,0.337490146518707,"tissue_specific","Leaf_Shoot","hypocotyl"
"AT5G49560",90.95704999,-0.237786114,0.087790634,-2.70855901,0.006757609,0.02677103,"yes","down",0.69615424278137,0.454897240460797,"tissue_specific","Leaf_Shoot","shoot_apex_transition"
"AT5G49570",303.6061595,0.204530715,0.052794547,3.87408785,0.000107025,0.000900051,"yes","up",0.681072194343656,0.167867150582311,"tissue_specific","Leaf_Shoot","senescing_leaf"
"AT5G49630",269.5784446,0.495171368,0.125567539,3.943466365,8.03e-05,0.000708003,"yes","up",0.889412911761221,0.574458254687386,"tissue_specific","Leaf_Shoot","cauline_leaf"
"AT5G49660",521.2836744,0.130260212,0.050882169,2.560036558,0.010466115,0.037968257,"yes","up",0.72850765546071,0.322325781207292,"tissue_specific","Leaf_Shoot","cauline_leaf"
"AT5G50010",81.30152666,-0.486105235,0.080728239,-6.021501751,1.73e-09,7.12e-08,"yes","down",0.822704885157604,0.625189345410418,"tissue_specific","Leaf_Shoot","shoot_apex_transition"
"AT5G50130",62.90326094,0.32535911,0.095401072,3.410434547,0.000648594,0.003993032,"yes","up",0.748595206361317,0.29074020481057,"tissue_specific","Leaf_Shoot","stem"
"AT5G51010",1110.366707,-0.225467775,0.065196163,-3.458298219,0.000543599,0.00344192,"yes","down",0.683636463356508,0.523341634735847,"tissue_specific","Leaf_Shoot","cotyledon"
"AT5G51070",1366.80782,0.328738569,0.076348445,4.305766418,1.66e-05,0.000189872,"yes","up",0.789116469748996,0.295237938605231,"tissue_specific","Leaf_Shoot","senescing_leaf"
"AT5G51110",3055.23924,-0.105402757,0.031089582,-3.390291886,0.000698182,0.004242912,"yes","down",0.622812344605666,0.592948836231122,"tissue_specific","Leaf_Shoot","rosette_leaf"
"AT5G51190",125.6526842,3.598669499,0.546963774,6.579356205,4.72e-11,2.99e-09,"yes","up",0.756807864492232,0.479132206964587,"tissue_specific","Leaf_Shoot","cotyledon"
"AT5G51350",171.0694446,-0.1911925,0.047525662,-4.022931864,5.75e-05,0.000538955,"yes","down",0.787342479849442,0.355275582543457,"tissue_specific","Leaf_Shoot","hypocotyl"
"AT5G51600",299.2021098,-0.865285825,0.231172139,-3.7430368,0.00018181,0.00139059,"yes","down",0.711239421081406,0.561384274946671,"tissue_specific","Leaf_Shoot","shoot_apex_transition"
"AT5G51720",705.5657556,-0.536639431,0.158657293,-3.382381103,0.000718604,0.004349075,"yes","down",0.699928922425743,0.53676605578223,"tissue_specific","Leaf_Shoot","cotyledon"
"AT5G51820",2747.449571,-0.128449744,0.046826755,-2.743084455,0.006086503,0.024593269,"yes","down",0.615996088576852,0.504911088916946,"tissue_specific","Leaf_Shoot","rosette_vegetative"
"AT5G52050",89.23687998,0.619178985,0.221381682,2.796884458,0.005159798,0.021611927,"yes","up",0.903569475411768,0.661299318119544,"tissue_specific","Leaf_Shoot","cotyledon"
"AT5G52740",5.142319918,0.950626365,0.265033883,3.58681069,0.000334747,0.002298571,"yes","up",0.929774169515729,0.658348121569224,"tissue_specific","Leaf_Shoot","cauline_leaf"
"AT5G52750",65.13794159,2.600773113,0.257117528,10.11511403,4.73e-24,3.85e-21,"yes","up",0.861959517179459,0.665273305277865,"tissue_specific","Leaf_Shoot","senescing_leaf"
"AT5G52760",18.73198429,3.16096374,0.350909381,9.0079203,2.1e-19,7.17e-17,"yes","up",0.832571465151756,0.743315785394701,"tissue_specific","Leaf_Shoot","senescing_leaf"
"AT5G52960",570.2375933,-0.140301152,0.044699711,-3.138748538,0.00169671,0.008789613,"yes","down",0.645080489084696,0.600255321284243,"tissue_specific","Leaf_Shoot","shoot_apex_vegetative_with_leaves"
"AT5G53210",132.7375793,-0.388705217,0.101566367,-3.827105644,0.000129659,0.001053585,"yes","down",0.80512317879427,0.492332716593784,"tissue_specific","Leaf_Shoot","shoot_apex_vegetative_with_leaves"
"AT5G53450",1660.529861,0.670775535,0.210556047,3.185733897,0.001443873,0.007747878,"yes","up",0.66571554814268,0.409806331065341,"tissue_specific","Leaf_Shoot","senescing_leaf"
"AT5G53770",262.7351657,-0.144847804,0.044198936,-3.277178491,0.001048501,0.00596868,"yes","down",0.62724528289926,0.454671243021449,"tissue_specific","Leaf_Shoot","shoot_apex_transition"
"AT5G53830",88.95632472,0.471639702,0.117781382,4.00436548,6.22e-05,0.000575527,"yes","up",0.851782264089291,0.291748918636627,"tissue_specific","Leaf_Shoot","hypocotyl"
"AT5G53890",283.0647745,0.156098979,0.050040232,3.119469512,0.00181177,0.009275155,"yes","up",0.642609141999005,0.095500912711609,"tissue_specific","Leaf_Shoot","hypocotyl"
"AT5G54490",46.58959912,1.26684037,0.192360977,6.585745151,4.53e-11,2.88e-09,"yes","up",0.83116139275676,0.589078337042577,"tissue_specific","Leaf_Shoot","cotyledon"
"AT5G54610",19.23526527,2.486838855,0.432928203,5.744229274,9.23e-09,3.13e-07,"yes","up",0.833043317273095,0.63490760812844,"tissue_specific","Leaf_Shoot","senescing_leaf"
"AT5G54720",86.33493378,1.451105166,0.235814802,6.153579656,7.58e-10,3.43e-08,"yes","up",0.900097706542987,0.702674020472608,"tissue_specific","Leaf_Shoot","cotyledon"
"AT5G55520",237.0064715,-0.977475184,0.250340524,-3.904582326,9.44e-05,0.000810656,"yes","down",0.74996518151224,0.622381983938518,"tissue_specific","Leaf_Shoot","shoot_apex_transition"
"AT5G55560",28.87735095,0.213426708,0.087262724,2.445794706,0.014453327,0.049185547,"yes","up",0.839749367054165,0.520135477958933,"tissue_specific","Leaf_Shoot","senescing_leaf"
"AT5G55860",293.4472919,0.141433709,0.047125447,3.001217314,0.002689026,0.01276448,"yes","up",0.745366111878264,0.544559317180704,"tissue_specific","Leaf_Shoot","senescing_leaf"
"AT5G56040",886.1007009,-0.193275735,0.07891086,-2.44929196,0.014313737,0.048802101,"yes","down",0.717288430842571,0.451182345708217,"tissue_specific","Leaf_Shoot","stem"
"AT5G56790",274.5923829,0.195322657,0.058358185,3.34696253,0.000817023,0.004826986,"yes","up",0.625987007746451,0.259136630443485,"tissue_specific","Leaf_Shoot","hypocotyl"
"AT5G57170",248.5749107,-0.230137432,0.063408803,-3.629423996,0.000284054,0.002008402,"yes","down",0.68789196516639,0.49945002883179,"tissue_specific","Leaf_Shoot","rosette_vegetative"
"AT5G57410",172.5365395,-0.186810222,0.075544308,-2.472856367,0.0134038,0.046341601,"yes","down",0.681912042299814,0.471428715343995,"tissue_specific","Leaf_Shoot","shoot_apex_transition"
"AT5G57560",947.1702447,1.496583748,0.403843332,3.705852317,0.000210681,0.001571073,"yes","up",0.746109592230549,0.522702875824013,"tissue_specific","Leaf_Shoot","cotyledon"
"AT5G57660",710.9332898,-0.277618773,0.102097422,-2.719155575,0.006544882,0.026043635,"yes","down",0.601191098603207,0.463584332704178,"tissue_specific","Leaf_Shoot","rosette_vegetative"
"AT5G57785",286.4240924,-0.239532941,0.080326487,-2.981992002,0.002863795,0.013455897,"yes","down",0.818504938208011,0.669230017190069,"tissue_specific","Leaf_Shoot","hypocotyl"
"AT5G58120",260.4050608,1.067657975,0.209345254,5.099986521,3.4e-07,6.93e-06,"yes","up",0.841786888561993,0.791134974465752,"tissue_specific","Leaf_Shoot","cotyledon"
"AT5G58250",3048.898523,-0.201055919,0.04348503,-4.623566259,3.77e-06,5.42e-05,"yes","down",0.67560120020217,0.534882964508996,"tissue_specific","Leaf_Shoot","rosette_vegetative"
"AT5G58300",428.1022167,-0.185262672,0.048592252,-3.812596985,0.000137514,0.001106356,"yes","down",0.801225324443282,0.589123165034733,"tissue_specific","Leaf_Shoot","hypocotyl"
"AT5G58420",3909.085862,-0.270086057,0.0569484,-4.742645216,2.11e-06,3.29e-05,"yes","down",0.604484421862853,0.272388044567516,"tissue_specific","Leaf_Shoot","shoot_apex_vegetative"
"AT5G58570",36.9294154,0.458406104,0.151371323,3.028355009,0.00245889,0.011843773,"yes","up",0.775032468323682,0.367794818214632,"tissue_specific","Leaf_Shoot","cauline_leaf"
"AT5G58980",77.95227767,0.192439761,0.077647428,2.478379079,0.013198084,0.045752711,"yes","up",0.705496560729849,0.139699673710298,"tissue_specific","Leaf_Shoot","stem"
"AT5G59360",16.6623633,-0.462791782,0.115794891,-3.996651115,6.42e-05,0.000590197,"yes","down",0.648852763147051,0.235573012313272,"tissue_specific","Leaf_Shoot","hypocotyl"
"AT5G59540",1069.476996,0.27714952,0.076401462,3.627542078,0.000286132,0.002020669,"yes","up",0.830657837877798,0.714230957174754,"tissue_specific","Leaf_Shoot","senescing_leaf"
"AT5G59670",23.43771863,0.889974902,0.258967755,3.436624388,0.000589012,0.003683942,"yes","up",0.905583719554298,0.690593468735453,"tissue_specific","Leaf_Shoot","cauline_leaf"
"AT5G59750",401.8247218,-0.178526464,0.055963832,-3.190032879,0.001422566,0.007652704,"yes","down",0.632454616815702,0.601392298784845,"tissue_specific","Leaf_Shoot","cauline_leaf"
"AT5G59910",2726.910539,-0.286605341,0.041479624,-6.909545346,4.86e-12,3.95e-10,"yes","down",0.616437103204036,0.384587836726614,"tissue_specific","Leaf_Shoot","shoot_apex_transition"
"AT5G60120",716.8523263,-0.114604486,0.043335944,-2.644559604,0.00817973,0.031266543,"yes","down",0.682601293543698,0.269566980065636,"tissue_specific","Leaf_Shoot","hypocotyl"
"AT5G60730",67.84966563,-0.286266377,0.099472737,-2.87783754,0.004004113,0.017646093,"yes","down",0.600839537396438,0.444299135502731,"tissue_specific","Leaf_Shoot","shoot_apex_vegetative"
"AT5G60880",48.34105838,-0.602955954,0.137586458,-4.382378646,1.17e-05,0.000140899,"yes","down",0.752396581431967,0.562314657079361,"tissue_specific","Leaf_Shoot","rosette_vegetative"
"AT5G60900",24.3375335,1.508577013,0.28527585,5.288134312,1.24e-07,2.95e-06,"yes","up",0.862987374734682,0.619578901836408,"tissue_specific","Leaf_Shoot","senescing_leaf"
"AT5G61000",311.0606289,-0.329198799,0.11092276,-2.967820119,0.002999198,0.013975112,"yes","down",0.709132226341358,0.440330359469268,"tissue_specific","Leaf_Shoot","shoot_apex_transition"
"AT5G61060",434.6387135,0.227854368,0.04488336,5.076588909,3.84e-07,7.72e-06,"yes","up",0.610710578141912,0.374543836203471,"tissue_specific","Leaf_Shoot","senescing_leaf"
"AT5G61210",637.2122727,0.392644729,0.07981083,4.919692358,8.67e-07,1.55e-05,"yes","up",0.639967130076326,0.284235113468281,"tissue_specific","Leaf_Shoot","senescing_leaf"
"AT5G61460",203.6304206,0.39261139,0.072508283,5.414710869,6.14e-08,1.61e-06,"yes","up",0.652097476840539,0.505815827057385,"tissue_specific","Leaf_Shoot","shoot_apex_transition"
"AT5G61600",292.1374396,1.413708457,0.284479249,4.969460736,6.71e-07,1.25e-05,"yes","up",0.81255636322394,0.5460883100841,"tissue_specific","Leaf_Shoot","cotyledon"
"AT5G62550",272.1774689,-0.391767291,0.15865042,-2.469374435,0.013534951,0.046693897,"yes","down",0.705948580356458,0.397618428815493,"tissue_specific","Leaf_Shoot","shoot_apex_transition"
"AT5G63310",3577.165763,-0.150155827,0.033448454,-4.489170923,7.15e-06,9.25e-05,"yes","down",0.684593353210449,0.569343125904831,"tissue_specific","Leaf_Shoot","rosette_vegetative"
"AT5G64000",14.94552684,1.370212081,0.243345874,5.630718361,1.79e-08,5.57e-07,"yes","up",0.863804701018785,0.542131422306653,"tissue_specific","Leaf_Shoot","senescing_leaf"
"AT5G64040",14309.62151,-0.285420211,0.069981642,-4.078501206,4.53e-05,0.000440434,"yes","down",0.609277133520909,0.566617661977967,"tissue_specific","Leaf_Shoot","cotyledon"
"AT5G64050",1217.490817,-0.119338267,0.036559873,-3.26418714,0.001097786,0.006187219,"yes","down",0.608226370088335,0.396378888623588,"tissue_specific","Leaf_Shoot","rosette_vegetative"
"AT5G64060",172.8226065,2.958167003,0.275468939,10.73865902,6.7e-27,8.31e-24,"yes","up",0.673921140503914,0.587398720453129,"tissue_specific","Leaf_Shoot","shoot_apex_transition"
"AT5G64580",1238.108001,-0.156375516,0.053266752,-2.935705841,0.003327897,0.015216656,"yes","down",0.659222411747079,0.463974628735394,"tissue_specific","Leaf_Shoot","shoot_apex_vegetative_with_leaves"
"AT5G65040",55.76071778,-0.186580861,0.068570522,-2.721006855,0.006508341,0.025915731,"yes","down",0.864035454966769,0.696642507183085,"tissue_specific","Leaf_Shoot","stem"
"AT5G65390",451.2401795,-0.328739393,0.095378501,-3.446682315,0.000567515,0.003567478,"yes","down",0.859314962039409,0.764789716213115,"tissue_specific","Leaf_Shoot","hypocotyl"
"AT5G65410",395.1875636,-0.33958528,0.089405054,-3.798278332,0.000145705,0.001163515,"yes","down",0.842963036134401,0.534258397748308,"tissue_specific","Leaf_Shoot","shoot_apex_transition"
"AT5G65510",31.69725399,-0.426721982,0.140151386,-3.044721814,0.002328956,0.011361855,"yes","down",0.836391424558681,0.60513305355744,"tissue_specific","Leaf_Shoot","shoot_apex_transition"
"AT5G65600",9.980361948,0.959374566,0.243667879,3.937222136,8.24e-05,0.000724238,"yes","up",0.928081571257161,0.617838286163359,"tissue_specific","Leaf_Shoot","senescing_leaf"
"AT5G65700",1518.457803,-0.094668182,0.036326793,-2.606015367,0.009160235,0.034161402,"yes","down",0.64793759224547,0.314791271544509,"tissue_specific","Leaf_Shoot","hypocotyl"
"AT5G65730",606.8784173,-0.478594359,0.122296849,-3.91338259,9.1e-05,0.00078616,"yes","down",0.603466293598231,0.557525853895165,"tissue_specific","Leaf_Shoot","cauline_leaf"
"AT5G66470",1061.973602,-0.113219809,0.042876625,-2.640595191,0.008276054,0.031587536,"yes","down",0.659550422852757,0.551833113145058,"tissue_specific","Leaf_Shoot","shoot_apex_vegetative_with_leaves"
"AT5G66560",169.2038682,-0.365718572,0.076221354,-4.798111722,1.6e-06,2.6e-05,"yes","down",0.615719818396673,0.477794452549307,"tissue_specific","Leaf_Shoot","shoot_apex_transition"
"AT5G66640",11.99038601,1.922179303,0.280295956,6.857677618,7e-12,5.41e-10,"yes","up",0.884224711928815,0.523712069094797,"tissue_specific","Leaf_Shoot","senescing_leaf"
"AT5G66670",4.089352652,0.755226543,0.219531443,3.440174826,0.000581339,0.003643683,"yes","up",0.626757323322607,0.412265473650092,"tissue_specific","Leaf_Shoot","hypocotyl"
"AT5G66900",252.8883423,0.42021591,0.0794357,5.290013318,1.22e-07,2.92e-06,"yes","up",0.631828353776237,0.400668617941627,"tissue_specific","Leaf_Shoot","senescing_leaf"
"AT5G67200",207.7894022,-0.382988411,0.093132198,-4.112309393,3.92e-05,0.000388965,"yes","down",0.651642459729562,0.569870614564634,"tissue_specific","Leaf_Shoot","shoot_apex_transition"
"AT5G67210",98.58641047,-0.258953149,0.073247415,-3.535321357,0.00040728,0.00271209,"yes","down",0.954700081945823,0.473054879973527,"tissue_specific","Leaf_Shoot","stem"
"AT5G67260",675.4295323,-0.204914029,0.046569682,-4.400159536,1.08e-05,0.000131847,"yes","down",0.728133631129292,0.621223041620822,"tissue_specific","Leaf_Shoot","shoot_apex_transition"
"AT5G67270",195.88032,-0.616561363,0.19640947,-3.139163107,0.001694311,0.008785745,"yes","down",0.676405656065021,0.472738412577702,"tissue_specific","Leaf_Shoot","shoot_apex_transition"
"AT5G67300",1142.140819,0.303848108,0.117372248,2.588755959,0.009632333,0.035539676,"yes","up",0.626597173854999,0.376862524739505,"tissue_specific","Leaf_Shoot","cotyledon"
"AT5G67310",2.094400333,0.943899776,0.285712425,3.303670734,0.000954278,0.005506782,"yes","up",0.927225929672394,0.175481941642977,"tissue_specific","Leaf_Shoot","senescing_leaf"
